date,draw_type,number
2003-07-01,Day,9995
2003-07-01,Night,4477
2003-07-02,Day,1048
2003-07-02,Night,4713
2003-07-03,Day,1952
2003-07-03,Night,5841
2003-07-04,Day,8850
2003-07-04,Night,5156
2003-07-05,Day,3995
2003-07-05,Night,0175
2003-07-07,Day,0916
2003-07-07,Night,2899
2003-07-08,Day,3611
2003-07-08,Night,5751
2003-07-09,Day,0220
2003-07-09,Night,2350
2003-07-10,Day,4684
2003-07-10,Night,5444
2003-07-11,Day,8767
2003-07-11,Night,2527
2003-07-12,Day,5806
2003-07-12,Night,2583
2003-07-14,Day,8602
2003-07-14,Night,4058
2003-07-15,Day,6342
2003-07-15,Night,4205
2003-07-16,Day,2074
2003-07-16,Night,3831
2003-07-17,Day,8231
2003-07-17,Night,0243
2003-07-18,Day,0578
2003-07-18,Night,3018
2003-07-19,Day,8423
2003-07-19,Night,4606
2003-07-21,Day,0474
2003-07-21,Night,5719
2003-07-22,Day,0738
2003-07-22,Night,8919
2003-07-23,Day,6827
2003-07-23,Night,4748
2003-07-24,Day,7565
2003-07-24,Night,6781
2003-07-25,Day,2756
2003-07-25,Night,4680
2003-07-26,Day,9424
2003-07-26,Night,5116
2003-07-28,Day,8270
2003-07-28,Night,6032
2003-07-29,Day,8145
2003-07-29,Night,1546
2003-07-30,Day,4651
2003-07-30,Night,5592
2003-07-31,Day,0119
2003-07-31,Night,9461
2003-08-01,Day,2792
2003-08-01,Night,5895
2003-08-02,Day,7055
2003-08-02,Night,9189
2003-08-04,Day,7858
2003-08-04,Night,0367
2003-08-05,Day,8386
2003-08-05,Night,4479
2003-08-06,Day,1002
2003-08-06,Night,6067
2003-08-07,Day,9132
2003-08-07,Night,6226
2003-08-08,Day,1800
2003-08-08,Night,9957
2003-08-09,Day,7257
2003-08-09,Night,6910
2003-08-11,Day,9730
2003-08-11,Night,3665
2003-08-12,Day,2110
2003-08-12,Night,9153
2003-08-13,Day,2926
2003-08-13,Night,8668
2003-08-14,Day,3590
2003-08-14,Night,6124
2003-08-15,Day,7774
2003-08-15,Night,2475
2003-08-16,Day,6616
2003-08-16,Night,1758
2003-08-18,Day,1953
2003-08-18,Night,5772
2003-08-19,Day,4856
2003-08-19,Night,2870
2003-08-20,Day,4654
2003-08-20,Night,4009
2003-08-21,Day,5420
2003-08-21,Night,9196
2003-08-22,Day,1299
2003-08-22,Night,0111
2003-08-23,Day,5987
2003-08-23,Night,2720
2003-08-25,Day,7722
2003-08-25,Night,6344
2003-08-26,Day,3370
2003-08-26,Night,9804
2003-08-27,Day,8938
2003-08-27,Night,7766
2003-08-28,Day,1138
2003-08-28,Night,7907
2003-08-29,Day,1892
2003-08-29,Night,6365
2003-08-30,Day,7019
2003-08-30,Night,5540
2003-09-01,Day,3953
2003-09-01,Night,8572
2003-09-02,Day,6084
2003-09-02,Night,7018
2003-09-03,Day,5674
2003-09-03,Night,9527
2003-09-04,Day,3798
2003-09-04,Night,0375
2003-09-05,Day,1768
2003-09-05,Night,0670
2003-09-06,Day,9169
2003-09-06,Night,2987
2003-09-08,Day,2796
2003-09-08,Night,1499
2003-09-09,Day,6490
2003-09-09,Night,4281
2003-09-10,Day,9854
2003-09-10,Night,3325
2003-09-11,Day,4743
2003-09-11,Night,1046
2003-09-12,Day,6213
2003-09-12,Night,4019
2003-09-13,Day,5941
2003-09-13,Night,1326
2003-09-15,Day,8414
2003-09-15,Night,4978
2003-09-16,Day,8954
2003-09-16,Night,6604
2003-09-17,Day,3691
2003-09-17,Night,0549
2003-09-18,Day,8143
2003-09-18,Night,6391
2003-09-19,Day,5487
2003-09-19,Night,8207
2003-09-20,Day,0649
2003-09-20,Night,3156
2003-09-22,Day,4358
2003-09-22,Night,2198
2003-09-23,Day,0615
2003-09-23,Night,7471
2003-09-24,Day,6116
2003-09-24,Night,6378
2003-09-25,Day,1643
2003-09-25,Night,7001
2003-09-26,Day,2310
2003-09-26,Night,4105
2003-09-27,Day,7866
2003-09-27,Night,8567
2003-09-29,Day,6714
2003-09-29,Night,4085
2003-09-30,Day,9325
2003-09-30,Night,4790
2003-10-01,Day,1433
2003-10-01,Night,6577
2003-10-02,Day,4428
2003-10-02,Night,6139
2003-10-03,Day,5864
2003-10-03,Night,7234
2003-10-04,Day,1412
2003-10-04,Night,1223
2003-10-06,Day,8926
2003-10-06,Night,7486
2003-10-07,Day,3306
2003-10-07,Night,0158
2003-10-08,Day,8673
2003-10-08,Night,6881
2003-10-09,Day,9394
2003-10-09,Night,5955
2003-10-10,Day,3833
2003-10-10,Night,1292
2003-10-11,Day,7598
2003-10-11,Night,1378
2003-10-13,Day,8497
2003-10-13,Night,0807
2003-10-14,Day,6777
2003-10-14,Night,5708
2003-10-15,Day,5583
2003-10-15,Night,1652
2003-10-16,Day,1321
2003-10-16,Night,5989
2003-10-17,Day,0396
2003-10-17,Night,6208
2003-10-18,Day,0767
2003-10-18,Night,8897
2003-10-20,Day,8468
2003-10-20,Night,8255
2003-10-21,Day,4573
2003-10-21,Night,3691
2003-10-22,Day,8732
2003-10-22,Night,9381
2003-10-23,Day,1244
2003-10-23,Night,4662
2003-10-24,Day,8934
2003-10-24,Night,6717
2003-10-25,Day,8364
2003-10-25,Night,7558
2003-10-27,Day,9783
2003-10-27,Night,3776
2003-10-28,Day,5757
2003-10-28,Night,0276
2003-10-29,Day,8142
2003-10-29,Night,3119
2003-10-30,Day,5187
2003-10-30,Night,8407
2003-10-31,Day,2862
2003-10-31,Night,1203
2003-11-01,Day,0846
2003-11-01,Night,6299
2003-11-03,Day,1887
2003-11-03,Night,8986
2003-11-04,Day,4756
2003-11-04,Night,5361
2003-11-05,Day,5376
2003-11-05,Night,5617
2003-11-06,Day,3781
2003-11-06,Night,6939
2003-11-07,Day,8972
2003-11-07,Night,7652
2003-11-08,Day,6670
2003-11-08,Night,2739
2003-11-10,Day,5019
2003-11-10,Night,5059
2003-11-11,Day,5613
2003-11-11,Night,3890
2003-11-12,Day,8125
2003-11-12,Night,9006
2003-11-13,Day,3375
2003-11-13,Night,5122
2003-11-14,Day,1216
2003-11-14,Night,4167
2003-11-15,Day,7847
2003-11-15,Night,7798
2003-11-17,Day,7661
2003-11-17,Night,4113
2003-11-18,Day,7423
2003-11-18,Night,1621
2003-11-19,Day,2343
2003-11-19,Night,4657
2003-11-20,Day,6623
2003-11-20,Night,3146
2003-11-21,Day,6363
2003-11-21,Night,9768
2003-11-22,Day,1504
2003-11-22,Night,9139
2003-11-24,Day,7401
2003-11-24,Night,5029
2003-11-25,Day,4618
2003-11-25,Night,2409
2003-11-26,Day,3322
2003-11-26,Night,5227
2003-11-27,Day,6257
2003-11-27,Night,9647
2003-11-28,Day,5000
2003-11-28,Night,5881
2003-11-29,Day,4988
2003-11-29,Night,1726
2003-12-01,Day,8814
2003-12-01,Night,6771
2003-12-02,Day,1064
2003-12-02,Night,7454
2003-12-03,Day,0361
2003-12-03,Night,6680
2003-12-04,Day,6737
2003-12-04,Night,5159
2003-12-05,Day,3382
2003-12-05,Night,6721
2003-12-06,Day,3161
2003-12-06,Night,6831
2003-12-08,Day,4600
2003-12-08,Night,3735
2003-12-09,Day,3804
2003-12-09,Night,2858
2003-12-10,Day,2300
2003-12-10,Night,7137
2003-12-11,Day,0684
2003-12-11,Night,1353
2003-12-12,Day,8890
2003-12-12,Night,4739
2003-12-13,Day,4975
2003-12-13,Night,5477
2003-12-15,Day,0004
2003-12-15,Night,1747
2003-12-16,Day,3414
2003-12-16,Night,1202
2003-12-17,Day,4910
2003-12-17,Night,9995
2003-12-18,Day,5738
2003-12-18,Night,0329
2003-12-19,Day,0870
2003-12-19,Night,7212
2003-12-20,Day,4393
2003-12-20,Night,1933
2003-12-22,Day,3714
2003-12-22,Night,3846
2003-12-23,Day,8530
2003-12-23,Night,4873
2003-12-24,Day,3228
2003-12-24,Night,4010
2003-12-26,Day,7095
2003-12-26,Night,1883
2003-12-27,Day,4773
2003-12-27,Night,9205
2003-12-29,Day,9068
2003-12-29,Night,6541
2003-12-30,Day,1638
2003-12-30,Night,1744
2003-12-31,Day,7959
2003-12-31,Night,1242
2004-01-01,Day,1002
2004-01-01,Night,1645
2004-01-02,Day,9026
2004-01-02,Night,7411
2004-01-03,Day,9989
2004-01-03,Night,8905
2004-01-05,Day,8897
2004-01-05,Night,9052
2004-01-06,Day,9002
2004-01-06,Night,1250
2004-01-07,Day,4125
2004-01-07,Night,8794
2004-01-08,Day,5449
2004-01-08,Night,8070
2004-01-09,Day,3084
2004-01-09,Night,2484
2004-01-10,Day,8865
2004-01-10,Night,0887
2004-01-12,Day,3822
2004-01-12,Night,0792
2004-01-13,Day,9629
2004-01-13,Night,1614
2004-01-14,Day,1973
2004-01-14,Night,2438
2004-01-15,Day,7584
2004-01-15,Night,3404
2004-01-16,Day,0709
2004-01-16,Night,9307
2004-01-17,Day,1410
2004-01-17,Night,5073
2004-01-19,Day,2975
2004-01-19,Night,9133
2004-01-20,Day,7688
2004-01-20,Night,4617
2004-01-21,Day,3933
2004-01-21,Night,9748
2004-01-22,Day,3660
2004-01-22,Night,3358
2004-01-23,Day,5836
2004-01-23,Night,0739
2004-01-24,Day,7303
2004-01-24,Night,3270
2004-01-26,Day,4225
2004-01-26,Night,6224
2004-01-27,Day,7281
2004-01-27,Night,9834
2004-01-28,Day,9980
2004-01-28,Night,7840
2004-01-29,Day,4728
2004-01-29,Night,2688
2004-01-30,Day,9520
2004-01-30,Night,4582
2004-01-31,Day,3172
2004-01-31,Night,0472
2004-02-02,Day,9428
2004-02-02,Night,9129
2004-02-03,Day,5496
2004-02-03,Night,4934
2004-02-04,Day,9035
2004-02-04,Night,5530
2004-02-05,Day,9268
2004-02-05,Night,6707
2004-02-06,Day,3605
2004-02-06,Night,0942
2004-02-07,Day,4378
2004-02-07,Night,6196
2004-02-09,Day,5605
2004-02-09,Night,0835
2004-02-10,Day,2358
2004-02-10,Night,9201
2004-02-11,Day,8683
2004-02-11,Night,2471
2004-02-12,Day,7639
2004-02-12,Night,3267
2004-02-13,Day,1370
2004-02-13,Night,5889
2004-02-14,Day,2139
2004-02-14,Night,6583
2004-02-16,Day,2467
2004-02-16,Night,8492
2004-02-17,Day,9162
2004-02-17,Night,0835
2004-02-18,Day,6586
2004-02-18,Night,6234
2004-02-19,Day,7059
2004-02-19,Night,1961
2004-02-20,Day,1057
2004-02-20,Night,7335
2004-02-21,Day,3244
2004-02-21,Night,2681
2004-02-23,Day,4037
2004-02-23,Night,4681
2004-02-24,Day,8823
2004-02-24,Night,7466
2004-02-25,Day,6866
2004-02-25,Night,3198
2004-02-26,Day,9064
2004-02-26,Night,7996
2004-02-27,Day,9704
2004-02-27,Night,4104
2004-02-28,Day,4837
2004-02-28,Night,7717
2004-03-01,Day,2158
2004-03-01,Night,0901
2004-03-02,Day,1089
2004-03-02,Night,2672
2004-03-03,Day,8983
2004-03-03,Night,5849
2004-03-04,Day,5057
2004-03-04,Night,3436
2004-03-05,Day,1303
2004-03-05,Night,5868
2004-03-06,Day,0031
2004-03-06,Night,3275
2004-03-08,Day,0388
2004-03-08,Night,9522
2004-03-09,Day,4218
2004-03-09,Night,1521
2004-03-10,Day,2416
2004-03-10,Night,3999
2004-03-11,Day,1896
2004-03-11,Night,5702
2004-03-12,Day,2809
2004-03-12,Night,0060
2004-03-13,Day,5097
2004-03-13,Night,5905
2004-03-15,Day,3691
2004-03-15,Night,4708
2004-03-16,Day,3767
2004-03-16,Night,3187
2004-03-17,Day,1514
2004-03-17,Night,4670
2004-03-18,Day,4648
2004-03-18,Night,2715
2004-03-19,Day,7737
2004-03-19,Night,2906
2004-03-20,Day,9683
2004-03-20,Night,1247
2004-03-22,Day,8981
2004-03-22,Night,2360
2004-03-23,Day,4095
2004-03-23,Night,0629
2004-03-24,Day,7873
2004-03-24,Night,7369
2004-03-25,Day,9927
2004-03-25,Night,3501
2004-03-26,Day,5342
2004-03-26,Night,5121
2004-03-27,Day,3581
2004-03-27,Night,8068
2004-03-29,Day,8434
2004-03-29,Night,0704
2004-03-30,Day,1685
2004-03-30,Night,3511
2004-03-31,Day,8289
2004-03-31,Night,5010
2004-04-01,Day,0657
2004-04-01,Night,0005
2004-04-02,Day,2596
2004-04-02,Night,5994
2004-04-03,Day,9427
2004-04-03,Night,4435
2004-04-05,Day,6621
2004-04-05,Night,0079
2004-04-06,Day,5091
2004-04-06,Night,6027
2004-04-07,Day,6986
2004-04-07,Night,9446
2004-04-08,Day,5565
2004-04-08,Night,0016
2004-04-09,Day,1858
2004-04-09,Night,1512
2004-04-10,Day,0675
2004-04-10,Night,0342
2004-04-12,Day,5455
2004-04-12,Night,2856
2004-04-13,Day,6453
2004-04-13,Night,9006
2004-04-14,Day,2632
2004-04-14,Night,0760
2004-04-15,Day,1702
2004-04-15,Night,9832
2004-04-16,Day,0572
2004-04-16,Night,9589
2004-04-17,Day,7051
2004-04-17,Night,1156
2004-04-19,Day,8203
2004-04-19,Night,4939
2004-04-20,Day,3616
2004-04-20,Night,2690
2004-04-21,Day,2644
2004-04-21,Night,7942
2004-04-22,Day,0156
2004-04-22,Night,5990
2004-04-23,Day,8299
2004-04-23,Night,1821
2004-04-24,Day,7078
2004-04-24,Night,5770
2004-04-26,Day,8550
2004-04-26,Night,5177
2004-04-27,Day,7934
2004-04-27,Night,9810
2004-04-28,Day,8103
2004-04-28,Night,7239
2004-04-29,Day,0275
2004-04-29,Night,7907
2004-04-30,Day,3607
2004-04-30,Night,2188
2004-05-01,Day,2805
2004-05-01,Night,7251
2004-05-03,Day,3404
2004-05-03,Night,2295
2004-05-04,Day,3212
2004-05-04,Night,4827
2004-05-05,Day,2582
2004-05-05,Night,6286
2004-05-06,Day,2441
2004-05-06,Night,7704
2004-05-07,Day,4363
2004-05-07,Night,3883
2004-05-08,Day,7377
2004-05-08,Night,5999
2004-05-10,Day,2800
2004-05-10,Night,3972
2004-05-11,Day,8986
2004-05-11,Night,3262
2004-05-12,Day,2839
2004-05-12,Night,0140
2004-05-13,Day,7226
2004-05-13,Night,3270
2004-05-14,Day,7315
2004-05-14,Night,5578
2004-05-15,Day,9439
2004-05-15,Night,5020
2004-05-17,Day,1582
2004-05-17,Night,3842
2004-05-18,Day,4896
2004-05-18,Night,2612
2004-05-19,Day,5268
2004-05-19,Night,2608
2004-05-20,Day,7239
2004-05-20,Night,6634
2004-05-21,Day,8607
2004-05-21,Night,1669
2004-05-22,Day,2404
2004-05-22,Night,8438
2004-05-24,Day,2873
2004-05-24,Night,6925
2004-05-25,Day,2241
2004-05-25,Night,5494
2004-05-26,Day,1128
2004-05-26,Night,9919
2004-05-27,Day,4352
2004-05-27,Night,7524
2004-05-28,Day,1410
2004-05-28,Night,4595
2004-05-29,Day,9915
2004-05-29,Night,4587
2004-05-31,Day,7646
2004-05-31,Night,7738
2004-06-01,Day,9407
2004-06-01,Night,6561
2004-06-02,Day,1140
2004-06-02,Night,4908
2004-06-03,Day,7081
2004-06-03,Night,7413
2004-06-04,Day,1728
2004-06-04,Night,5675
2004-06-05,Day,5993
2004-06-05,Night,6694
2004-06-07,Day,7713
2004-06-07,Night,3247
2004-06-08,Day,8187
2004-06-08,Night,9844
2004-06-09,Day,6224
2004-06-09,Night,4066
2004-06-10,Day,6622
2004-06-10,Night,7902
2004-06-11,Day,6377
2004-06-11,Night,2548
2004-06-12,Day,7496
2004-06-12,Night,6849
2004-06-14,Day,5840
2004-06-14,Night,1262
2004-06-15,Day,3146
2004-06-15,Night,6333
2004-06-16,Day,5546
2004-06-16,Night,8200
2004-06-17,Day,1334
2004-06-17,Night,8362
2004-06-18,Day,2000
2004-06-18,Night,8289
2004-06-19,Day,3766
2004-06-19,Night,9478
2004-06-21,Day,5631
2004-06-21,Night,7864
2004-06-22,Day,9945
2004-06-22,Night,0780
2004-06-23,Day,9646
2004-06-23,Night,6772
2004-06-24,Day,8400
2004-06-24,Night,4181
2004-06-25,Day,7123
2004-06-25,Night,1412
2004-06-26,Day,7779
2004-06-26,Night,2012
2004-06-28,Day,3648
2004-06-28,Night,5238
2004-06-29,Day,8767
2004-06-29,Night,3934
2004-06-30,Day,3205
2004-06-30,Night,0008
2004-07-01,Day,1892
2004-07-01,Night,1384
2004-07-02,Day,9595
2004-07-02,Night,2130
2004-07-03,Day,2841
2004-07-03,Night,3852
2004-07-05,Day,5104
2004-07-05,Night,3510
2004-07-06,Day,1696
2004-07-06,Night,7479
2004-07-07,Day,4288
2004-07-07,Night,5189
2004-07-08,Day,2598
2004-07-08,Night,7093
2004-07-09,Day,1470
2004-07-09,Night,1796
2004-07-10,Day,9949
2004-07-10,Night,5496
2004-07-12,Day,6392
2004-07-12,Night,9118
2004-07-13,Day,8950
2004-07-13,Night,6533
2004-07-14,Day,5800
2004-07-14,Night,6921
2004-07-15,Day,3834
2004-07-15,Night,9837
2004-07-16,Day,1560
2004-07-16,Night,5329
2004-07-17,Day,2750
2004-07-17,Night,7396
2004-07-19,Day,3734
2004-07-19,Night,6511
2004-07-20,Day,5801
2004-07-20,Night,5110
2004-07-21,Day,5423
2004-07-21,Night,3043
2004-07-22,Day,0895
2004-07-22,Night,2769
2004-07-23,Day,3238
2004-07-23,Night,2843
2004-07-24,Day,1075
2004-07-24,Night,1370
2004-07-26,Day,3461
2004-07-26,Night,2414
2004-07-27,Day,6639
2004-07-27,Night,2686
2004-07-28,Day,7239
2004-07-28,Night,7993
2004-07-29,Day,7804
2004-07-29,Night,9172
2004-07-30,Day,3004
2004-07-30,Night,8234
2004-07-31,Day,3876
2004-07-31,Night,2572
2004-08-02,Day,8423
2004-08-02,Night,6373
2004-08-03,Day,0551
2004-08-03,Night,1586
2004-08-04,Day,0190
2004-08-04,Night,7934
2004-08-05,Day,3891
2004-08-05,Night,9903
2004-08-06,Day,7728
2004-08-06,Night,9303
2004-08-07,Day,4125
2004-08-07,Night,7443
2004-08-09,Day,2453
2004-08-09,Night,1077
2004-08-10,Day,9228
2004-08-10,Night,6832
2004-08-11,Day,0197
2004-08-11,Night,0934
2004-08-12,Day,9474
2004-08-12,Night,7896
2004-08-13,Day,3301
2004-08-13,Night,5432
2004-08-14,Day,0249
2004-08-14,Night,6226
2004-08-16,Day,6423
2004-08-16,Night,1294
2004-08-17,Day,5319
2004-08-17,Night,9122
2004-08-18,Day,7937
2004-08-18,Night,0251
2004-08-19,Day,3971
2004-08-19,Night,1868
2004-08-20,Day,3924
2004-08-20,Night,5195
2004-08-21,Day,0109
2004-08-21,Night,3538
2004-08-23,Day,5746
2004-08-23,Night,7355
2004-08-24,Day,5905
2004-08-24,Night,0114
2004-08-25,Day,0695
2004-08-25,Night,5133
2004-08-26,Day,9993
2004-08-26,Night,7003
2004-08-27,Day,5622
2004-08-27,Night,5419
2004-08-28,Day,3889
2004-08-28,Night,5348
2004-08-30,Day,8476
2004-08-30,Night,0493
2004-08-31,Day,7532
2004-08-31,Night,9759
2004-09-01,Day,8420
2004-09-01,Night,5260
2004-09-02,Day,0341
2004-09-02,Night,2448
2004-09-03,Day,8382
2004-09-03,Night,5761
2004-09-04,Day,7882
2004-09-04,Night,6688
2004-09-06,Day,1939
2004-09-06,Night,5248
2004-09-07,Day,5757
2004-09-07,Night,6301
2004-09-08,Day,9621
2004-09-08,Night,1064
2004-09-09,Day,4577
2004-09-09,Night,7632
2004-09-10,Day,0843
2004-09-10,Night,2982
2004-09-11,Day,8044
2004-09-11,Night,4944
2004-09-13,Day,6029
2004-09-13,Night,0968
2004-09-14,Day,7871
2004-09-14,Night,7002
2004-09-15,Day,1058
2004-09-15,Night,0611
2004-09-16,Day,5716
2004-09-16,Night,7681
2004-09-17,Day,2111
2004-09-17,Night,7763
2004-09-18,Day,8368
2004-09-18,Night,6385
2004-09-20,Day,4832
2004-09-20,Night,8027
2004-09-21,Day,9721
2004-09-21,Night,8857
2004-09-22,Day,1077
2004-09-22,Night,6023
2004-09-23,Day,5628
2004-09-23,Night,4261
2004-09-24,Day,9078
2004-09-24,Night,3483
2004-09-25,Day,3690
2004-09-25,Night,9349
2004-09-27,Day,2072
2004-09-27,Night,9822
2004-09-28,Day,7074
2004-09-28,Night,6246
2004-09-29,Day,9273
2004-09-29,Night,4275
2004-09-30,Day,8371
2004-09-30,Night,5325
2004-10-01,Day,4923
2004-10-01,Night,7180
2004-10-02,Day,8432
2004-10-02,Night,8344
2004-10-04,Day,4241
2004-10-04,Night,5225
2004-10-05,Day,9338
2004-10-05,Night,8320
2004-10-06,Day,2619
2004-10-06,Night,1192
2004-10-07,Day,9224
2004-10-07,Night,0234
2004-10-08,Day,0641
2004-10-08,Night,2594
2004-10-09,Day,8806
2004-10-09,Night,2680
2004-10-11,Day,7338
2004-10-11,Night,7307
2004-10-12,Day,5388
2004-10-12,Night,9724
2004-10-13,Day,5660
2004-10-13,Night,4054
2004-10-14,Day,1809
2004-10-14,Night,4845
2004-10-15,Day,8665
2004-10-15,Night,1254
2004-10-16,Day,2768
2004-10-16,Night,4351
2004-10-18,Day,6705
2004-10-18,Night,6848
2004-10-19,Day,4431
2004-10-19,Night,6841
2004-10-20,Day,9229
2004-10-20,Night,1477
2004-10-21,Day,3253
2004-10-21,Night,9685
2004-10-22,Day,5988
2004-10-22,Night,3719
2004-10-23,Day,4463
2004-10-23,Night,7811
2004-10-25,Day,9449
2004-10-25,Night,5029
2004-10-26,Day,5835
2004-10-26,Night,9011
2004-10-27,Day,0516
2004-10-27,Night,2318
2004-10-28,Day,8642
2004-10-28,Night,3259
2004-10-29,Day,2636
2004-10-29,Night,8730
2004-10-30,Day,2912
2004-10-30,Night,1245
2004-11-01,Day,1316
2004-11-01,Night,8132
2004-11-02,Day,4815
2004-11-02,Night,0465
2004-11-03,Day,4485
2004-11-03,Night,5663
2004-11-04,Day,4239
2004-11-04,Night,7829
2004-11-05,Day,1097
2004-11-05,Night,1115
2004-11-06,Day,2636
2004-11-06,Night,4344
2004-11-08,Day,8318
2004-11-08,Night,8611
2004-11-09,Day,7476
2004-11-09,Night,5520
2004-11-10,Day,3157
2004-11-10,Night,7709
2004-11-11,Day,1473
2004-11-11,Night,7886
2004-11-12,Day,2228
2004-11-12,Night,0949
2004-11-13,Day,1996
2004-11-13,Night,6849
2004-11-15,Day,4258
2004-11-15,Night,8168
2004-11-16,Day,2836
2004-11-16,Night,2294
2004-11-17,Day,5109
2004-11-17,Night,2589
2004-11-18,Day,2888
2004-11-18,Night,1569
2004-11-19,Day,5359
2004-11-19,Night,1143
2004-11-20,Day,7902
2004-11-20,Night,9590
2004-11-22,Day,3529
2004-11-22,Night,7351
2004-11-23,Day,8526
2004-11-23,Night,3302
2004-11-24,Day,3747
2004-11-24,Night,7512
2004-11-25,Day,8123
2004-11-25,Night,6354
2004-11-26,Day,6171
2004-11-26,Night,6120
2004-11-27,Day,3835
2004-11-27,Night,5058
2004-11-29,Day,0758
2004-11-29,Night,0721
2004-11-30,Day,8396
2004-11-30,Night,0398
2004-12-01,Day,8253
2004-12-01,Night,3973
2004-12-02,Day,6245
2004-12-02,Night,1300
2004-12-03,Day,9278
2004-12-03,Night,7979
2004-12-04,Day,0533
2004-12-04,Night,6805
2004-12-06,Day,9053
2004-12-06,Night,9181
2004-12-07,Day,5119
2004-12-07,Night,7285
2004-12-08,Day,3156
2004-12-08,Night,2274
2004-12-09,Day,5714
2004-12-09,Night,0194
2004-12-10,Day,9457
2004-12-10,Night,8313
2004-12-11,Day,0106
2004-12-11,Night,5777
2004-12-13,Day,7837
2004-12-13,Night,4811
2004-12-14,Day,0993
2004-12-14,Night,9091
2004-12-15,Day,2742
2004-12-15,Night,6610
2004-12-16,Day,4967
2004-12-16,Night,9880
2004-12-17,Day,7389
2004-12-17,Night,3421
2004-12-18,Day,3928
2004-12-18,Night,4729
2004-12-20,Day,5560
2004-12-20,Night,1370
2004-12-21,Day,9600
2004-12-21,Night,5944
2004-12-22,Day,2256
2004-12-22,Night,0286
2004-12-23,Day,0580
2004-12-23,Night,1252
2004-12-24,Day,2577
2004-12-24,Night,6505
2004-12-27,Day,1754
2004-12-27,Night,6621
2004-12-28,Day,8965
2004-12-28,Night,7080
2004-12-29,Day,2630
2004-12-29,Night,7977
2004-12-30,Day,0547
2004-12-30,Night,1874
2004-12-31,Day,8963
2004-12-31,Night,2213
2005-01-01,Day,8762
2005-01-01,Night,9670
2005-01-03,Day,3245
2005-01-03,Night,8349
2005-01-04,Day,3106
2005-01-04,Night,0751
2005-01-05,Day,7138
2005-01-05,Night,7236
2005-01-06,Day,5774
2005-01-06,Night,2958
2005-01-07,Day,7332
2005-01-07,Night,2932
2005-01-08,Day,1899
2005-01-08,Night,2350
2005-01-10,Day,4671
2005-01-10,Night,3063
2005-01-11,Day,4558
2005-01-11,Night,3018
2005-01-12,Day,7134
2005-01-12,Night,1478
2005-01-13,Day,4945
2005-01-13,Night,9144
2005-01-14,Day,9162
2005-01-14,Night,2805
2005-01-15,Day,9974
2005-01-15,Night,7060
2005-01-17,Day,7847
2005-01-17,Night,1659
2005-01-18,Day,4745
2005-01-18,Night,1341
2005-01-19,Day,6441
2005-01-19,Night,5879
2005-01-20,Day,6969
2005-01-20,Night,0654
2005-01-21,Day,8300
2005-01-21,Night,2251
2005-01-22,Day,1010
2005-01-22,Night,1858
2005-01-24,Day,9786
2005-01-24,Night,5775
2005-01-25,Day,0439
2005-01-25,Night,6067
2005-01-26,Day,2480
2005-01-26,Night,5842
2005-01-27,Day,2045
2005-01-27,Night,3263
2005-01-28,Day,6950
2005-01-28,Night,4208
2005-01-29,Day,8048
2005-01-29,Night,0971
2005-01-31,Day,3444
2005-01-31,Night,1874
2005-02-01,Day,8730
2005-02-01,Night,4085
2005-02-02,Day,3171
2005-02-02,Night,6227
2005-02-03,Day,3351
2005-02-03,Night,3579
2005-02-04,Day,2506
2005-02-04,Night,5021
2005-02-05,Day,2348
2005-02-05,Night,2539
2005-02-07,Day,4103
2005-02-07,Night,9415
2005-02-08,Day,2911
2005-02-08,Night,0553
2005-02-09,Day,1550
2005-02-09,Night,1722
2005-02-10,Day,8725
2005-02-10,Night,5374
2005-02-11,Day,7643
2005-02-11,Night,9893
2005-02-12,Day,8370
2005-02-12,Night,8267
2005-02-14,Day,5898
2005-02-14,Night,7046
2005-02-15,Day,2492
2005-02-15,Night,2516
2005-02-16,Day,2702
2005-02-16,Night,2058
2005-02-17,Day,6589
2005-02-17,Night,5532
2005-02-18,Day,1858
2005-02-18,Night,2963
2005-02-19,Day,4302
2005-02-19,Night,2378
2005-02-21,Day,9706
2005-02-21,Night,3197
2005-02-22,Day,6609
2005-02-22,Night,3686
2005-02-23,Day,1458
2005-02-23,Night,7471
2005-02-24,Day,0060
2005-02-24,Night,6768
2005-02-25,Day,3946
2005-02-25,Night,9442
2005-02-26,Day,8856
2005-02-26,Night,4180
2005-02-28,Day,0887
2005-02-28,Night,9463
2005-03-01,Day,3247
2005-03-01,Night,7446
2005-03-02,Day,9711
2005-03-02,Night,8472
2005-03-03,Day,0741
2005-03-03,Night,8801
2005-03-04,Day,8408
2005-03-04,Night,1394
2005-03-05,Day,6617
2005-03-05,Night,9090
2005-03-07,Day,7089
2005-03-07,Night,3459
2005-03-08,Day,3710
2005-03-08,Night,6879
2005-03-09,Day,4111
2005-03-09,Night,7691
2005-03-10,Day,5278
2005-03-10,Night,9821
2005-03-11,Day,9025
2005-03-11,Night,9372
2005-03-12,Day,2353
2005-03-12,Night,0702
2005-03-14,Day,2996
2005-03-14,Night,1629
2005-03-15,Day,8202
2005-03-15,Night,4503
2005-03-16,Day,8125
2005-03-16,Night,7802
2005-03-17,Day,0372
2005-03-17,Night,3015
2005-03-18,Day,7765
2005-03-18,Night,7996
2005-03-19,Day,8104
2005-03-19,Night,3268
2005-03-21,Day,6200
2005-03-21,Night,2869
2005-03-22,Day,2941
2005-03-22,Night,7788
2005-03-23,Day,5125
2005-03-23,Night,5183
2005-03-24,Day,5196
2005-03-24,Night,8325
2005-03-25,Day,3296
2005-03-25,Night,9495
2005-03-26,Day,3631
2005-03-26,Night,7655
2005-03-28,Day,5680
2005-03-28,Night,6141
2005-03-29,Day,4391
2005-03-29,Night,2985
2005-03-30,Day,4706
2005-03-30,Night,7676
2005-03-31,Day,1984
2005-03-31,Night,1207
2005-04-01,Day,7587
2005-04-01,Night,1335
2005-04-02,Day,1851
2005-04-02,Night,7072
2005-04-04,Day,9912
2005-04-04,Night,8987
2005-04-05,Day,0344
2005-04-05,Night,2025
2005-04-06,Day,9408
2005-04-06,Night,5214
2005-04-07,Day,0169
2005-04-07,Night,3039
2005-04-08,Day,4667
2005-04-08,Night,6938
2005-04-09,Day,2372
2005-04-09,Night,4893
2005-04-11,Day,5147
2005-04-11,Night,8411
2005-04-12,Day,2357
2005-04-12,Night,6863
2005-04-13,Day,1264
2005-04-13,Night,3034
2005-04-14,Day,7590
2005-04-14,Night,8464
2005-04-15,Day,2261
2005-04-15,Night,4688
2005-04-16,Day,3048
2005-04-16,Night,4779
2005-04-18,Day,5991
2005-04-18,Night,8536
2005-04-19,Day,2140
2005-04-19,Night,7280
2005-04-20,Day,5860
2005-04-20,Night,2542
2005-04-21,Day,4843
2005-04-21,Night,3167
2005-04-22,Day,5919
2005-04-22,Night,7024
2005-04-23,Day,1817
2005-04-23,Night,4066
2005-04-25,Day,7908
2005-04-25,Night,5586
2005-04-26,Day,9902
2005-04-26,Night,4702
2005-04-27,Day,5941
2005-04-27,Night,9372
2005-04-28,Day,8341
2005-04-28,Night,2155
2005-04-29,Day,3631
2005-04-29,Night,6163
2005-04-30,Day,1616
2005-04-30,Night,4071
2005-05-02,Day,6905
2005-05-02,Night,2845
2005-05-03,Day,6472
2005-05-03,Night,5870
2005-05-04,Day,5770
2005-05-04,Night,5717
2005-05-05,Day,4677
2005-05-05,Night,0035
2005-05-06,Day,2675
2005-05-06,Night,2776
2005-05-07,Day,9649
2005-05-07,Night,4121
2005-05-09,Day,5773
2005-05-09,Night,2502
2005-05-10,Day,3239
2005-05-10,Night,7399
2005-05-11,Day,1766
2005-05-11,Night,6796
2005-05-12,Day,4055
2005-05-12,Night,3327
2005-05-13,Day,9262
2005-05-13,Night,3319
2005-05-14,Day,0715
2005-05-14,Night,4187
2005-05-16,Day,7829
2005-05-16,Night,9942
2005-05-17,Day,7108
2005-05-17,Night,2905
2005-05-18,Day,9927
2005-05-18,Night,2367
2005-05-19,Day,7127
2005-05-19,Night,4658
2005-05-20,Day,8827
2005-05-20,Night,6616
2005-05-21,Day,4353
2005-05-21,Night,8807
2005-05-23,Day,9918
2005-05-23,Night,9815
2005-05-24,Day,1642
2005-05-24,Night,2723
2005-05-25,Day,0347
2005-05-25,Night,9046
2005-05-26,Day,9678
2005-05-26,Night,8913
2005-05-27,Day,5745
2005-05-27,Night,5431
2005-05-28,Day,8298
2005-05-28,Night,1771
2005-05-30,Day,0166
2005-05-30,Night,8787
2005-05-31,Day,0015
2005-05-31,Night,3772
2005-06-01,Day,9279
2005-06-01,Night,5427
2005-06-02,Day,2455
2005-06-02,Night,6251
2005-06-03,Day,4224
2005-06-03,Night,1756
2005-06-04,Day,2920
2005-06-04,Night,3057
2005-06-06,Day,6798
2005-06-06,Night,5318
2005-06-07,Day,2288
2005-06-07,Night,5474
2005-06-08,Day,0614
2005-06-08,Night,0298
2005-06-09,Day,6582
2005-06-09,Night,3505
2005-06-10,Day,6596
2005-06-10,Night,4108
2005-06-11,Day,6455
2005-06-11,Night,9915
2005-06-13,Day,9382
2005-06-13,Night,6235
2005-06-14,Day,1484
2005-06-14,Night,8560
2005-06-15,Day,5621
2005-06-15,Night,8642
2005-06-16,Day,0825
2005-06-16,Night,4956
2005-06-17,Day,5479
2005-06-17,Night,1591
2005-06-18,Day,7466
2005-06-18,Night,3817
2005-06-20,Day,0026
2005-06-20,Night,6509
2005-06-21,Day,9304
2005-06-21,Night,1819
2005-06-22,Day,5372
2005-06-22,Night,9374
2005-06-23,Day,1651
2005-06-23,Night,7443
2005-06-24,Day,4413
2005-06-24,Night,9092
2005-06-25,Day,8669
2005-06-25,Night,7563
2005-06-27,Day,0121
2005-06-27,Night,6003
2005-06-28,Day,6313
2005-06-28,Night,5958
2005-06-29,Day,5517
2005-06-29,Night,7880
2005-06-30,Day,6408
2005-06-30,Night,3892
2005-07-01,Day,2601
2005-07-01,Night,6772
2005-07-02,Day,9291
2005-07-02,Night,1932
2005-07-04,Day,3758
2005-07-04,Night,5451
2005-07-05,Day,4241
2005-07-05,Night,2447
2005-07-06,Day,3493
2005-07-06,Night,7869
2005-07-07,Day,4030
2005-07-07,Night,9989
2005-07-08,Day,9003
2005-07-08,Night,6657
2005-07-09,Day,4543
2005-07-09,Night,4456
2005-07-11,Day,4851
2005-07-11,Night,6091
2005-07-12,Day,4357
2005-07-12,Night,2311
2005-07-13,Day,6155
2005-07-13,Night,2744
2005-07-14,Day,8616
2005-07-14,Night,8307
2005-07-15,Day,9820
2005-07-15,Night,5884
2005-07-16,Day,8337
2005-07-16,Night,4717
2005-07-18,Day,7322
2005-07-18,Night,6971
2005-07-19,Day,7701
2005-07-19,Night,4926
2005-07-20,Day,6087
2005-07-20,Night,0842
2005-07-21,Day,1977
2005-07-21,Night,5672
2005-07-22,Day,5651
2005-07-22,Night,7673
2005-07-23,Day,9725
2005-07-23,Night,9772
2005-07-25,Day,1164
2005-07-25,Night,7485
2005-07-26,Day,7443
2005-07-26,Night,0467
2005-07-27,Day,1100
2005-07-27,Night,7434
2005-07-28,Day,9192
2005-07-28,Night,6322
2005-07-29,Day,8202
2005-07-29,Night,5075
2005-07-30,Day,2753
2005-07-30,Night,7940
2005-08-01,Day,4801
2005-08-01,Night,9662
2005-08-02,Day,1266
2005-08-02,Night,8490
2005-08-03,Day,3221
2005-08-03,Night,0850
2005-08-04,Day,2483
2005-08-04,Night,7537
2005-08-05,Day,8510
2005-08-05,Night,9987
2005-08-06,Day,3667
2005-08-06,Night,7241
2005-08-08,Day,5821
2005-08-08,Night,5506
2005-08-09,Day,9742
2005-08-09,Night,6181
2005-08-10,Day,4246
2005-08-10,Night,1782
2005-08-11,Day,6698
2005-08-11,Night,8664
2005-08-12,Day,3509
2005-08-12,Night,6534
2005-08-13,Day,9738
2005-08-13,Night,8148
2005-08-15,Day,2424
2005-08-15,Night,7214
2005-08-16,Day,3141
2005-08-16,Night,3702
2005-08-17,Day,7479
2005-08-17,Night,2669
2005-08-18,Day,1380
2005-08-18,Night,5840
2005-08-19,Day,2255
2005-08-19,Night,3073
2005-08-20,Day,1225
2005-08-20,Night,2839
2005-08-22,Day,6209
2005-08-22,Night,8741
2005-08-23,Day,2167
2005-08-23,Night,6160
2005-08-24,Day,7690
2005-08-24,Night,9658
2005-08-25,Day,8842
2005-08-25,Night,0081
2005-08-26,Day,0560
2005-08-26,Night,1947
2005-08-27,Day,6258
2005-08-27,Night,8104
2005-08-29,Day,1629
2005-08-29,Night,1404
2005-08-30,Day,9221
2005-08-30,Night,5235
2005-08-31,Day,6902
2005-08-31,Night,8877
2005-09-01,Day,2360
2005-09-01,Night,8742
2005-09-02,Day,7034
2005-09-02,Night,6455
2005-09-03,Day,7648
2005-09-03,Night,6537
2005-09-05,Day,1523
2005-09-05,Night,3699
2005-09-06,Day,3112
2005-09-06,Night,1140
2005-09-07,Day,9932
2005-09-07,Night,7453
2005-09-08,Day,4305
2005-09-08,Night,7782
2005-09-09,Day,9701
2005-09-09,Night,0945
2005-09-10,Day,5700
2005-09-10,Night,2430
2005-09-12,Day,9989
2005-09-12,Night,3392
2005-09-13,Day,0536
2005-09-13,Night,5294
2005-09-14,Day,8949
2005-09-14,Night,5328
2005-09-15,Day,3676
2005-09-15,Night,0247
2005-09-16,Day,5135
2005-09-16,Night,4010
2005-09-17,Day,6365
2005-09-17,Night,1511
2005-09-19,Day,0754
2005-09-19,Night,7597
2005-09-20,Day,0411
2005-09-20,Night,4006
2005-09-21,Day,1904
2005-09-21,Night,7408
2005-09-22,Day,0387
2005-09-22,Night,6903
2005-09-23,Day,8218
2005-09-23,Night,9993
2005-09-24,Day,9846
2005-09-24,Night,1911
2005-09-26,Day,3750
2005-09-26,Night,0096
2005-09-27,Day,4265
2005-09-27,Night,2818
2005-09-28,Day,5110
2005-09-28,Night,7992
2005-09-29,Day,3853
2005-09-29,Night,5920
2005-09-30,Day,7286
2005-09-30,Night,2861
2005-10-01,Day,7153
2005-10-01,Night,8571
2005-10-03,Day,2508
2005-10-03,Night,9494
2005-10-04,Day,8557
2005-10-04,Night,5911
2005-10-05,Day,6400
2005-10-05,Night,3406
2005-10-06,Day,1821
2005-10-06,Night,8291
2005-10-07,Day,8600
2005-10-07,Night,2694
2005-10-08,Day,7495
2005-10-08,Night,6082
2005-10-10,Day,4200
2005-10-10,Night,7260
2005-10-11,Day,6739
2005-10-11,Night,3585
2005-10-12,Day,6185
2005-10-12,Night,3852
2005-10-13,Day,5363
2005-10-13,Night,0803
2005-10-14,Day,1584
2005-10-14,Night,1838
2005-10-15,Day,5170
2005-10-15,Night,7501
2005-10-17,Day,4126
2005-10-17,Night,2481
2005-10-18,Day,8131
2005-10-18,Night,5056
2005-10-19,Day,8655
2005-10-19,Night,4346
2005-10-20,Day,7882
2005-10-20,Night,4103
2005-10-21,Day,3975
2005-10-21,Night,2104
2005-10-22,Day,9815
2005-10-22,Night,5117
2005-10-24,Day,5578
2005-10-24,Night,7044
2005-10-25,Day,1691
2005-10-25,Night,6066
2005-10-26,Day,1426
2005-10-26,Night,8982
2005-10-27,Day,4658
2005-10-27,Night,6377
2005-10-28,Day,9223
2005-10-28,Night,8952
2005-10-29,Day,4389
2005-10-29,Night,4617
2005-10-31,Day,6443
2005-10-31,Night,6054
2005-11-01,Day,7991
2005-11-01,Night,3711
2005-11-02,Day,7029
2005-11-02,Night,9850
2005-11-03,Day,7765
2005-11-03,Night,3464
2005-11-04,Day,4371
2005-11-04,Night,6820
2005-11-05,Day,7015
2005-11-05,Night,1569
2005-11-07,Day,5168
2005-11-07,Night,3091
2005-11-08,Day,3931
2005-11-08,Night,4491
2005-11-09,Day,2226
2005-11-09,Night,2656
2005-11-10,Day,7163
2005-11-10,Night,0672
2005-11-11,Day,2676
2005-11-11,Night,5101
2005-11-12,Day,7078
2005-11-12,Night,2640
2005-11-14,Day,4910
2005-11-14,Night,1659
2005-11-15,Day,5634
2005-11-15,Night,6482
2005-11-16,Day,9695
2005-11-16,Night,1963
2005-11-17,Day,7629
2005-11-17,Night,8349
2005-11-18,Day,1176
2005-11-18,Night,8904
2005-11-19,Day,4100
2005-11-19,Night,0214
2005-11-21,Day,7755
2005-11-21,Night,1656
2005-11-22,Day,4849
2005-11-22,Night,3170
2005-11-23,Day,7442
2005-11-23,Night,7317
2005-11-24,Day,3790
2005-11-24,Night,9513
2005-11-25,Day,0023
2005-11-25,Night,5515
2005-11-26,Day,8878
2005-11-26,Night,1934
2005-11-28,Day,5865
2005-11-28,Night,2214
2005-11-29,Day,5170
2005-11-29,Night,1159
2005-11-30,Day,7116
2005-11-30,Night,8596
2005-12-01,Day,5318
2005-12-01,Night,0501
2005-12-02,Day,5052
2005-12-02,Night,6947
2005-12-03,Day,1552
2005-12-03,Night,4086
2005-12-05,Day,1729
2005-12-05,Night,3460
2005-12-06,Day,9033
2005-12-06,Night,5255
2005-12-07,Day,8485
2005-12-07,Night,3348
2005-12-08,Day,2580
2005-12-08,Night,7653
2005-12-09,Day,6201
2005-12-09,Night,8830
2005-12-10,Day,8352
2005-12-10,Night,2030
2005-12-12,Day,1768
2005-12-12,Night,0248
2005-12-13,Day,8741
2005-12-13,Night,5007
2005-12-14,Day,3155
2005-12-14,Night,1807
2005-12-15,Day,9345
2005-12-15,Night,4583
2005-12-16,Day,4457
2005-12-16,Night,2184
2005-12-17,Day,2760
2005-12-17,Night,8700
2005-12-19,Day,0321
2005-12-19,Night,6139
2005-12-20,Day,0261
2005-12-20,Night,9682
2005-12-21,Day,7150
2005-12-21,Night,2258
2005-12-22,Day,8094
2005-12-22,Night,7869
2005-12-23,Day,6120
2005-12-23,Night,6491
2005-12-24,Day,5775
2005-12-24,Night,8808
2005-12-26,Day,5525
2005-12-26,Night,9974
2005-12-27,Day,9661
2005-12-27,Night,3537
2005-12-28,Day,5441
2005-12-28,Night,3289
2005-12-29,Day,3312
2005-12-29,Night,2153
2005-12-30,Day,2214
2005-12-30,Night,5502
2005-12-31,Day,9037
2005-12-31,Night,6865
2006-01-02,Day,9094
2006-01-02,Night,4335
2006-01-03,Day,9361
2006-01-03,Night,3544
2006-01-04,Day,3143
2006-01-04,Night,1010
2006-01-05,Day,1567
2006-01-05,Night,3157
2006-01-06,Day,2504
2006-01-06,Night,6544
2006-01-07,Day,3912
2006-01-07,Night,4280
2006-01-09,Day,6396
2006-01-09,Night,1012
2006-01-10,Day,0713
2006-01-10,Night,3048
2006-01-11,Day,1405
2006-01-11,Night,4955
2006-01-12,Day,7215
2006-01-12,Night,4078
2006-01-13,Day,1208
2006-01-13,Night,2731
2006-01-14,Day,0462
2006-01-14,Night,1868
2006-01-16,Day,1951
2006-01-16,Night,9830
2006-01-17,Day,9415
2006-01-17,Night,4832
2006-01-18,Day,3432
2006-01-18,Night,9298
2006-01-19,Day,9730
2006-01-19,Night,4147
2006-01-20,Day,5399
2006-01-20,Night,0158
2006-01-21,Day,9893
2006-01-21,Night,0922
2006-01-23,Day,9626
2006-01-23,Night,7303
2006-01-24,Day,4388
2006-01-24,Night,8055
2006-01-25,Day,4285
2006-01-25,Night,9991
2006-01-26,Day,5419
2006-01-26,Night,1384
2006-01-27,Day,4008
2006-01-27,Night,0809
2006-01-28,Day,6856
2006-01-28,Night,5531
2006-01-30,Day,7834
2006-01-30,Night,6009
2006-01-31,Day,4104
2006-01-31,Night,1474
2006-02-01,Day,2820
2006-02-01,Night,5128
2006-02-02,Day,6107
2006-02-02,Night,5021
2006-02-03,Day,4294
2006-02-03,Night,5315
2006-02-04,Day,3088
2006-02-04,Night,3744
2006-02-06,Day,2015
2006-02-06,Night,7387
2006-02-07,Day,0240
2006-02-07,Night,1831
2006-02-08,Day,9401
2006-02-08,Night,6964
2006-02-09,Day,7929
2006-02-09,Night,5106
2006-02-10,Day,1736
2006-02-10,Night,5780
2006-02-11,Day,1314
2006-02-11,Night,4129
2006-02-13,Day,7442
2006-02-13,Night,8756
2006-02-14,Day,9495
2006-02-14,Night,4498
2006-02-15,Day,2203
2006-02-15,Night,1709
2006-02-16,Day,3389
2006-02-16,Night,9579
2006-02-17,Day,8853
2006-02-17,Night,7854
2006-02-18,Day,3505
2006-02-18,Night,9595
2006-02-20,Day,1031
2006-02-20,Night,7370
2006-02-21,Day,5148
2006-02-21,Night,4115
2006-02-22,Day,7674
2006-02-22,Night,7778
2006-02-23,Day,1562
2006-02-23,Night,4624
2006-02-24,Day,4447
2006-02-24,Night,3349
2006-02-25,Day,8782
2006-02-25,Night,6916
2006-02-27,Day,0137
2006-02-27,Night,1101
2006-02-28,Day,3161
2006-02-28,Night,7963
2006-03-01,Day,2219
2006-03-01,Night,2666
2006-03-02,Day,9278
2006-03-02,Night,0764
2006-03-03,Day,3033
2006-03-03,Night,1860
2006-03-04,Day,5868
2006-03-04,Night,6663
2006-03-06,Day,3069
2006-03-06,Night,6398
2006-03-07,Day,8201
2006-03-07,Night,4898
2006-03-08,Day,7035
2006-03-08,Night,3039
2006-03-09,Day,8941
2006-03-09,Night,1223
2006-03-10,Day,5584
2006-03-10,Night,1377
2006-03-11,Day,9494
2006-03-11,Night,8570
2006-03-13,Day,3983
2006-03-13,Night,1103
2006-03-14,Day,8101
2006-03-14,Night,4093
2006-03-15,Day,5816
2006-03-15,Night,7717
2006-03-16,Day,3261
2006-03-16,Night,4136
2006-03-17,Day,4450
2006-03-17,Night,4105
2006-03-18,Day,2119
2006-03-18,Night,3560
2006-03-20,Day,9614
2006-03-20,Night,1478
2006-03-21,Day,7654
2006-03-21,Night,7033
2006-03-22,Day,7344
2006-03-22,Night,2554
2006-03-23,Day,0615
2006-03-23,Night,2147
2006-03-24,Day,0510
2006-03-24,Night,8018
2006-03-25,Day,3219
2006-03-25,Night,9001
2006-03-27,Day,9600
2006-03-27,Night,7157
2006-03-28,Day,5135
2006-03-28,Night,4280
2006-03-29,Day,8537
2006-03-29,Night,1213
2006-03-30,Day,2137
2006-03-30,Night,3795
2006-03-31,Day,5595
2006-03-31,Night,9030
2006-04-01,Day,4790
2006-04-01,Night,1928
2006-04-03,Day,9110
2006-04-03,Night,8860
2006-04-04,Day,7263
2006-04-04,Night,8820
2006-04-05,Day,8251
2006-04-05,Night,8762
2006-04-06,Day,8159
2006-04-06,Night,2281
2006-04-07,Day,3835
2006-04-07,Night,4835
2006-04-08,Day,1039
2006-04-08,Night,1557
2006-04-10,Day,0964
2006-04-10,Night,3691
2006-04-11,Day,7464
2006-04-11,Night,8127
2006-04-12,Day,6048
2006-04-12,Night,9625
2006-04-13,Day,8946
2006-04-13,Night,9592
2006-04-14,Day,6894
2006-04-14,Night,5257
2006-04-15,Day,0793
2006-04-15,Night,4140
2006-04-17,Day,5489
2006-04-17,Night,6262
2006-04-18,Day,9819
2006-04-18,Night,4335
2006-04-19,Day,1879
2006-04-19,Night,6287
2006-04-20,Day,2404
2006-04-20,Night,6135
2006-04-21,Day,5268
2006-04-21,Night,5520
2006-04-22,Day,6593
2006-04-22,Night,8178
2006-04-24,Day,8910
2006-04-24,Night,7470
2006-04-25,Day,1576
2006-04-25,Night,9836
2006-04-26,Day,7567
2006-04-26,Night,4743
2006-04-27,Day,8135
2006-04-27,Night,0644
2006-04-28,Day,2734
2006-04-28,Night,5929
2006-04-29,Day,8534
2006-04-29,Night,5060
2006-05-01,Day,4332
2006-05-01,Night,2100
2006-05-02,Day,5702
2006-05-02,Night,7044
2006-05-03,Day,7177
2006-05-03,Night,3200
2006-05-04,Day,0102
2006-05-04,Night,7319
2006-05-05,Day,0636
2006-05-05,Night,3442
2006-05-06,Day,6530
2006-05-06,Night,7698
2006-05-08,Day,7851
2006-05-08,Night,6366
2006-05-09,Day,4886
2006-05-09,Night,5172
2006-05-10,Day,6830
2006-05-10,Night,2347
2006-05-11,Day,8255
2006-05-11,Night,7375
2006-05-12,Day,5837
2006-05-12,Night,0373
2006-05-13,Day,1741
2006-05-13,Night,0126
2006-05-15,Day,5507
2006-05-15,Night,6341
2006-05-16,Day,6496
2006-05-16,Night,8289
2006-05-17,Day,2608
2006-05-17,Night,1851
2006-05-18,Day,6422
2006-05-18,Night,7322
2006-05-19,Day,4217
2006-05-19,Night,2582
2006-05-20,Day,3955
2006-05-20,Night,8892
2006-05-22,Day,7416
2006-05-22,Night,1039
2006-05-23,Day,1736
2006-05-23,Night,8397
2006-05-24,Day,5077
2006-05-24,Night,4210
2006-05-25,Day,2269
2006-05-25,Night,2746
2006-05-26,Day,0404
2006-05-26,Night,7581
2006-05-27,Day,1826
2006-05-27,Night,1777
2006-05-29,Day,9719
2006-05-29,Night,7136
2006-05-30,Day,9935
2006-05-30,Night,3072
2006-05-31,Day,7372
2006-05-31,Night,6185
2006-06-01,Day,0309
2006-06-01,Night,8920
2006-06-02,Day,4126
2006-06-02,Night,2661
2006-06-03,Day,5360
2006-06-03,Night,5080
2006-06-05,Day,3379
2006-06-05,Night,5463
2006-06-06,Day,7124
2006-06-06,Night,2141
2006-06-07,Day,3824
2006-06-07,Night,2814
2006-06-08,Day,5741
2006-06-08,Night,9493
2006-06-09,Day,0793
2006-06-09,Night,1235
2006-06-10,Day,9076
2006-06-10,Night,9151
2006-06-12,Day,2027
2006-06-12,Night,6071
2006-06-13,Day,1582
2006-06-13,Night,7440
2006-06-14,Day,6223
2006-06-14,Night,7593
2006-06-15,Day,1224
2006-06-15,Night,1523
2006-06-16,Day,9161
2006-06-16,Night,2065
2006-06-17,Day,7533
2006-06-17,Night,2716
2006-06-19,Day,6046
2006-06-19,Night,4401
2006-06-20,Day,1232
2006-06-20,Night,8032
2006-06-21,Day,3340
2006-06-21,Night,0543
2006-06-22,Day,5514
2006-06-22,Night,1045
2006-06-23,Day,4581
2006-06-23,Night,3881
2006-06-24,Day,6154
2006-06-24,Night,7216
2006-06-26,Day,7336
2006-06-26,Night,5669
2006-06-27,Day,5673
2006-06-27,Night,4905
2006-06-28,Day,4384
2006-06-28,Night,9345
2006-06-29,Day,2848
2006-06-29,Night,7629
2006-06-30,Day,0168
2006-06-30,Night,2741
2006-07-01,Day,2608
2006-07-01,Night,2314
2006-07-03,Day,0716
2006-07-03,Night,0461
2006-07-04,Day,3066
2006-07-04,Night,5800
2006-07-05,Day,7511
2006-07-05,Night,8260
2006-07-06,Day,1951
2006-07-06,Night,4874
2006-07-07,Day,3445
2006-07-07,Night,4210
2006-07-08,Day,0311
2006-07-08,Night,8403
2006-07-10,Day,4036
2006-07-10,Night,3194
2006-07-11,Day,7834
2006-07-11,Night,7880
2006-07-12,Day,1978
2006-07-12,Night,5793
2006-07-13,Day,5507
2006-07-13,Night,3065
2006-07-14,Day,6555
2006-07-14,Night,1502
2006-07-15,Day,8627
2006-07-15,Night,9176
2006-07-17,Day,6786
2006-07-17,Night,3256
2006-07-18,Day,4158
2006-07-18,Night,6357
2006-07-19,Day,7644
2006-07-19,Night,6896
2006-07-20,Day,2741
2006-07-20,Night,3031
2006-07-21,Day,9554
2006-07-21,Night,9248
2006-07-22,Day,4361
2006-07-22,Night,6607
2006-07-24,Day,0328
2006-07-24,Night,3297
2006-07-25,Day,3042
2006-07-25,Night,4922
2006-07-26,Day,2377
2006-07-26,Night,8024
2006-07-27,Day,7290
2006-07-27,Night,2010
2006-07-28,Day,6686
2006-07-28,Night,9982
2006-07-29,Day,2316
2006-07-29,Night,9212
2006-07-31,Day,0830
2006-07-31,Night,3433
2006-08-01,Day,2020
2006-08-01,Night,9973
2006-08-02,Day,1957
2006-08-02,Night,5351
2006-08-03,Day,8034
2006-08-03,Night,0084
2006-08-04,Day,7929
2006-08-04,Night,9201
2006-08-05,Day,8814
2006-08-05,Night,6604
2006-08-07,Day,5577
2006-08-07,Night,3959
2006-08-08,Day,6617
2006-08-08,Night,8570
2006-08-09,Day,9964
2006-08-09,Night,6040
2006-08-10,Day,8653
2006-08-10,Night,0883
2006-08-11,Day,4360
2006-08-11,Night,2677
2006-08-12,Day,1685
2006-08-12,Night,2721
2006-08-14,Day,0756
2006-08-14,Night,3734
2006-08-15,Day,7743
2006-08-15,Night,3983
2006-08-16,Day,0898
2006-08-16,Night,7880
2006-08-17,Day,7482
2006-08-17,Night,2079
2006-08-18,Day,2781
2006-08-18,Night,3503
2006-08-19,Day,0011
2006-08-19,Night,6842
2006-08-21,Day,3546
2006-08-21,Night,8275
2006-08-22,Day,4087
2006-08-22,Night,7280
2006-08-23,Day,0362
2006-08-23,Night,7451
2006-08-24,Day,1686
2006-08-24,Night,4269
2006-08-25,Day,5807
2006-08-25,Night,4592
2006-08-26,Day,5193
2006-08-26,Night,3677
2006-08-28,Day,7598
2006-08-28,Night,5845
2006-08-29,Day,2602
2006-08-29,Night,6071
2006-08-30,Day,1035
2006-08-30,Night,9247
2006-08-31,Day,0475
2006-08-31,Night,0369
2006-09-01,Day,6263
2006-09-01,Night,8393
2006-09-02,Day,8593
2006-09-02,Night,8494
2006-09-04,Day,0797
2006-09-04,Night,9472
2006-09-05,Day,8226
2006-09-05,Night,9653
2006-09-06,Day,8882
2006-09-06,Night,2933
2006-09-07,Day,5705
2006-09-07,Night,2669
2006-09-08,Day,9869
2006-09-08,Night,5778
2006-09-09,Day,2886
2006-09-09,Night,2140
2006-09-11,Day,5481
2006-09-11,Night,5784
2006-09-12,Day,8849
2006-09-12,Night,8506
2006-09-13,Day,8534
2006-09-13,Night,1438
2006-09-14,Day,6953
2006-09-14,Night,3990
2006-09-15,Day,0097
2006-09-15,Night,2844
2006-09-16,Day,7497
2006-09-16,Night,9371
2006-09-18,Day,5473
2006-09-18,Night,6384
2006-09-19,Day,2106
2006-09-19,Night,6902
2006-09-20,Day,4785
2006-09-20,Night,0492
2006-09-21,Day,7087
2006-09-21,Night,8512
2006-09-22,Day,2658
2006-09-22,Night,4805
2006-09-23,Day,8698
2006-09-23,Night,1301
2006-09-25,Day,4918
2006-09-25,Night,7694
2006-09-26,Day,7458
2006-09-26,Night,1220
2006-09-27,Day,5280
2006-09-27,Night,5062
2006-09-28,Day,5236
2006-09-28,Night,0085
2006-09-29,Day,2485
2006-09-29,Night,7723
2006-09-30,Day,5983
2006-09-30,Night,8726
2006-10-02,Day,5274
2006-10-02,Night,3103
2006-10-03,Day,2031
2006-10-03,Night,7599
2006-10-04,Day,0883
2006-10-04,Night,8885
2006-10-05,Day,9402
2006-10-05,Night,5717
2006-10-06,Day,8304
2006-10-06,Night,1556
2006-10-07,Day,1580
2006-10-07,Night,3526
2006-10-09,Day,1907
2006-10-09,Night,0313
2006-10-10,Day,7667
2006-10-10,Night,0974
2006-10-11,Day,5971
2006-10-11,Night,8520
2006-10-12,Day,5949
2006-10-12,Night,1968
2006-10-13,Day,5972
2006-10-13,Night,5240
2006-10-14,Day,9868
2006-10-14,Night,1097
2006-10-16,Day,2693
2006-10-16,Night,5732
2006-10-17,Day,8046
2006-10-17,Night,8892
2006-10-18,Day,2194
2006-10-18,Night,7756
2006-10-19,Day,5548
2006-10-19,Night,5409
2006-10-20,Day,2011
2006-10-20,Night,9703
2006-10-21,Day,3396
2006-10-21,Night,9252
2006-10-23,Day,0468
2006-10-23,Night,5034
2006-10-24,Day,0193
2006-10-24,Night,9359
2006-10-25,Day,2324
2006-10-25,Night,7292
2006-10-26,Day,9832
2006-10-26,Night,5195
2006-10-27,Day,0954
2006-10-27,Night,1506
2006-10-28,Day,3638
2006-10-28,Night,6427
2006-10-30,Day,5853
2006-10-30,Night,6356
2006-10-31,Day,8402
2006-10-31,Night,4097
2006-11-01,Day,2912
2006-11-01,Night,3131
2006-11-02,Day,2297
2006-11-02,Night,3837
2006-11-03,Day,4653
2006-11-03,Night,9906
2006-11-04,Day,4731
2006-11-04,Night,7164
2006-11-06,Day,1043
2006-11-06,Night,6517
2006-11-07,Day,8798
2006-11-07,Night,5914
2006-11-08,Day,5404
2006-11-08,Night,1207
2006-11-09,Day,2896
2006-11-09,Night,9275
2006-11-10,Day,4130
2006-11-10,Night,3611
2006-11-11,Day,1845
2006-11-11,Night,7939
2006-11-13,Day,0035
2006-11-13,Night,1163
2006-11-14,Day,5538
2006-11-14,Night,6324
2006-11-15,Day,9570
2006-11-15,Night,0185
2006-11-16,Day,4137
2006-11-16,Night,2600
2006-11-17,Day,2415
2006-11-17,Night,9581
2006-11-18,Day,6507
2006-11-18,Night,9367
2006-11-20,Day,5486
2006-11-20,Night,4142
2006-11-21,Day,2431
2006-11-21,Night,6781
2006-11-22,Day,5831
2006-11-22,Night,2617
2006-11-23,Day,8042
2006-11-23,Night,8441
2006-11-24,Day,2015
2006-11-24,Night,6124
2006-11-25,Day,5273
2006-11-25,Night,8380
2006-11-27,Day,0817
2006-11-27,Night,6805
2006-11-28,Day,9261
2006-11-28,Night,4495
2006-11-29,Day,4319
2006-11-29,Night,5177
2006-11-30,Day,2277
2006-11-30,Night,4315
2006-12-01,Day,8211
2006-12-01,Night,2915
2006-12-02,Day,9846
2006-12-02,Night,6870
2006-12-04,Day,0979
2006-12-04,Night,5083
2006-12-05,Day,7473
2006-12-05,Night,8612
2006-12-06,Day,2613
2006-12-06,Night,5291
2006-12-07,Day,5984
2006-12-07,Night,4767
2006-12-08,Day,0135
2006-12-08,Night,2209
2006-12-09,Day,8806
2006-12-09,Night,6525
2006-12-11,Day,5967
2006-12-11,Night,8868
2006-12-12,Day,7946
2006-12-12,Night,7659
2006-12-13,Day,4587
2006-12-13,Night,8650
2006-12-14,Day,0137
2006-12-14,Night,7011
2006-12-15,Day,4506
2006-12-15,Night,6921
2006-12-16,Day,0845
2006-12-16,Night,6392
2006-12-18,Day,6440
2006-12-18,Night,2827
2006-12-19,Day,5677
2006-12-19,Night,8138
2006-12-20,Day,3388
2006-12-20,Night,0620
2006-12-21,Day,3117
2006-12-21,Night,2425
2006-12-22,Day,3065
2006-12-22,Night,6077
2006-12-23,Day,1962
2006-12-23,Night,5441
2006-12-26,Day,3914
2006-12-26,Night,9609
2006-12-27,Day,8964
2006-12-27,Night,1628
2006-12-28,Day,7614
2006-12-28,Night,5166
2006-12-29,Day,7812
2006-12-29,Night,6158
2006-12-30,Day,6203
2006-12-30,Night,7697
2007-01-01,Day,7739
2007-01-01,Night,0895
2007-01-02,Day,0144
2007-01-02,Night,6740
2007-01-03,Day,2933
2007-01-03,Night,9702
2007-01-04,Day,5380
2007-01-04,Night,4105
2007-01-05,Day,9980
2007-01-05,Night,0209
2007-01-06,Day,0134
2007-01-06,Night,4308
2007-01-08,Day,5120
2007-01-08,Night,3071
2007-01-09,Day,1915
2007-01-09,Night,1135
2007-01-10,Day,9129
2007-01-10,Night,3442
2007-01-11,Day,6990
2007-01-11,Night,8699
2007-01-12,Day,8056
2007-01-12,Night,4805
2007-01-13,Day,2857
2007-01-13,Night,5524
2007-01-15,Day,5590
2007-01-15,Night,7875
2007-01-16,Day,4888
2007-01-16,Night,6058
2007-01-17,Day,8966
2007-01-17,Night,6812
2007-01-18,Day,3539
2007-01-18,Night,2635
2007-01-19,Day,6196
2007-01-19,Night,7651
2007-01-20,Day,3442
2007-01-20,Night,8958
2007-01-22,Day,3047
2007-01-22,Night,4317
2007-01-23,Day,9076
2007-01-23,Night,9856
2007-01-24,Day,4790
2007-01-24,Night,1031
2007-01-25,Day,7591
2007-01-25,Night,0223
2007-01-26,Day,7169
2007-01-26,Night,9261
2007-01-27,Day,0040
2007-01-27,Night,1999
2007-01-29,Day,8251
2007-01-29,Night,2304
2007-01-30,Day,2348
2007-01-30,Night,1138
2007-01-31,Day,7968
2007-01-31,Night,1063
2007-02-01,Day,5382
2007-02-01,Night,5768
2007-02-02,Day,3188
2007-02-02,Night,7219
2007-02-03,Day,8662
2007-02-03,Night,6413
2007-02-05,Day,4346
2007-02-05,Night,7643
2007-02-06,Day,5091
2007-02-06,Night,2929
2007-02-07,Day,7575
2007-02-07,Night,7938
2007-02-08,Day,8720
2007-02-08,Night,9349
2007-02-09,Day,5509
2007-02-09,Night,6562
2007-02-10,Day,1202
2007-02-10,Night,6616
2007-02-12,Day,3351
2007-02-12,Night,6848
2007-02-13,Day,9658
2007-02-13,Night,5944
2007-02-14,Day,3780
2007-02-14,Night,1319
2007-02-15,Day,3983
2007-02-15,Night,8216
2007-02-16,Day,8035
2007-02-16,Night,1197
2007-02-17,Day,2605
2007-02-17,Night,8918
2007-02-19,Day,0458
2007-02-19,Night,6626
2007-02-20,Day,7414
2007-02-20,Night,1139
2007-02-21,Day,1357
2007-02-21,Night,9914
2007-02-22,Day,3859
2007-02-22,Night,9210
2007-02-23,Day,3231
2007-02-23,Night,6648
2007-02-24,Day,5187
2007-02-24,Night,2163
2007-02-26,Day,1218
2007-02-26,Night,1095
2007-02-27,Day,9885
2007-02-27,Night,4773
2007-02-28,Day,9013
2007-02-28,Night,3636
2007-03-01,Day,0281
2007-03-01,Night,5998
2007-03-02,Day,9772
2007-03-02,Night,6582
2007-03-03,Day,0422
2007-03-03,Night,6207
2007-03-05,Day,5351
2007-03-05,Night,2327
2007-03-06,Day,4537
2007-03-06,Night,5029
2007-03-07,Day,8006
2007-03-07,Night,9365
2007-03-08,Day,3619
2007-03-08,Night,6762
2007-03-09,Day,8726
2007-03-09,Night,0840
2007-03-10,Day,0152
2007-03-10,Night,2332
2007-03-12,Day,3394
2007-03-12,Night,3336
2007-03-13,Day,2055
2007-03-13,Night,6671
2007-03-14,Day,3384
2007-03-14,Night,4095
2007-03-15,Day,3851
2007-03-15,Night,4730
2007-03-16,Day,5121
2007-03-16,Night,9818
2007-03-17,Day,6666
2007-03-17,Night,1042
2007-03-19,Day,7185
2007-03-19,Night,7336
2007-03-20,Day,2011
2007-03-20,Night,2315
2007-03-21,Day,4481
2007-03-21,Night,2426
2007-03-22,Day,2171
2007-03-22,Night,3936
2007-03-23,Day,1539
2007-03-23,Night,4236
2007-03-24,Day,8886
2007-03-24,Night,7979
2007-03-26,Day,1717
2007-03-26,Night,9136
2007-03-27,Day,6349
2007-03-27,Night,2095
2007-03-28,Day,5434
2007-03-28,Night,9937
2007-03-29,Day,4290
2007-03-29,Night,8823
2007-03-30,Day,9694
2007-03-30,Night,0563
2007-03-31,Day,4253
2007-03-31,Night,5931
2007-04-02,Day,8743
2007-04-02,Night,0840
2007-04-03,Day,3769
2007-04-03,Night,2008
2007-04-04,Day,8224
2007-04-04,Night,7108
2007-04-05,Day,4630
2007-04-05,Night,5865
2007-04-06,Day,2650
2007-04-06,Night,3632
2007-04-07,Day,9197
2007-04-07,Night,2391
2007-04-09,Day,5745
2007-04-09,Night,2590
2007-04-10,Day,6701
2007-04-10,Night,4623
2007-04-11,Day,6588
2007-04-11,Night,4991
2007-04-12,Day,4214
2007-04-12,Night,4146
2007-04-13,Day,0950
2007-04-13,Night,5636
2007-04-14,Day,7409
2007-04-14,Night,5457
2007-04-16,Day,5137
2007-04-16,Night,8712
2007-04-17,Day,8956
2007-04-17,Night,2210
2007-04-18,Day,5577
2007-04-18,Night,0456
2007-04-19,Day,6621
2007-04-19,Night,4770
2007-04-20,Day,2760
2007-04-20,Night,8884
2007-04-21,Day,1145
2007-04-21,Night,4194
2007-04-23,Day,5510
2007-04-23,Night,7571
2007-04-24,Day,8465
2007-04-24,Night,8832
2007-04-25,Day,2950
2007-04-25,Night,5920
2007-04-26,Day,9496
2007-04-26,Night,3879
2007-04-27,Day,6489
2007-04-27,Night,6540
2007-04-28,Day,1118
2007-04-28,Night,2119
2007-04-30,Day,6278
2007-04-30,Night,9339
2007-05-01,Day,6643
2007-05-01,Night,0244
2007-05-02,Day,5985
2007-05-02,Night,4626
2007-05-03,Day,0498
2007-05-03,Night,9781
2007-05-04,Day,7444
2007-05-04,Night,8705
2007-05-05,Day,3544
2007-05-05,Night,1039
2007-05-07,Day,3018
2007-05-07,Night,1778
2007-05-08,Day,6836
2007-05-08,Night,7821
2007-05-09,Day,2102
2007-05-09,Night,7788
2007-05-10,Day,6414
2007-05-10,Night,2811
2007-05-11,Day,6154
2007-05-11,Night,6064
2007-05-12,Day,4683
2007-05-12,Night,0548
2007-05-14,Day,4737
2007-05-14,Night,5724
2007-05-15,Day,2967
2007-05-15,Night,7796
2007-05-16,Day,7063
2007-05-16,Night,8520
2007-05-17,Day,3671
2007-05-17,Night,2837
2007-05-18,Day,9771
2007-05-18,Night,7541
2007-05-19,Day,3539
2007-05-19,Night,9552
2007-05-21,Day,6127
2007-05-21,Night,7748
2007-05-22,Day,8677
2007-05-22,Night,8604
2007-05-23,Day,1470
2007-05-23,Night,7229
2007-05-24,Day,3501
2007-05-24,Night,4776
2007-05-25,Day,9803
2007-05-25,Night,4914
2007-05-26,Day,2340
2007-05-26,Night,9622
2007-05-28,Day,6936
2007-05-28,Night,5641
2007-05-29,Day,3451
2007-05-29,Night,3747
2007-05-30,Day,6452
2007-05-30,Night,4299
2007-05-31,Day,3388
2007-05-31,Night,5573
2007-06-01,Day,4704
2007-06-01,Night,4314
2007-06-02,Day,8494
2007-06-02,Night,8263
2007-06-04,Day,5102
2007-06-04,Night,4329
2007-06-05,Day,8299
2007-06-05,Night,3614
2007-06-06,Day,7214
2007-06-06,Night,9776
2007-06-07,Day,0450
2007-06-07,Night,0081
2007-06-08,Day,1027
2007-06-08,Night,9147
2007-06-09,Day,2659
2007-06-09,Night,3548
2007-06-11,Day,8003
2007-06-11,Night,5216
2007-06-12,Day,4389
2007-06-12,Night,8968
2007-06-13,Day,2114
2007-06-13,Night,4763
2007-06-14,Day,8345
2007-06-14,Night,8069
2007-06-15,Day,9310
2007-06-15,Night,8688
2007-06-16,Day,3455
2007-06-16,Night,0882
2007-06-18,Day,4684
2007-06-18,Night,5525
2007-06-19,Day,8368
2007-06-19,Night,3387
2007-06-20,Day,8428
2007-06-20,Night,8519
2007-06-21,Day,9347
2007-06-21,Night,4840
2007-06-22,Day,4553
2007-06-22,Night,4748
2007-06-23,Day,6082
2007-06-23,Night,7365
2007-06-25,Day,8749
2007-06-25,Night,5759
2007-06-26,Day,7740
2007-06-26,Night,3901
2007-06-27,Day,8639
2007-06-27,Night,0112
2007-06-28,Day,2500
2007-06-28,Night,8470
2007-06-29,Day,0996
2007-06-29,Night,7768
2007-06-30,Day,1607
2007-06-30,Night,6123
2007-07-02,Day,1074
2007-07-02,Night,1217
2007-07-03,Day,5903
2007-07-03,Night,3705
2007-07-04,Day,3992
2007-07-04,Night,9151
2007-07-05,Day,3217
2007-07-05,Night,0789
2007-07-06,Day,2410
2007-07-06,Night,7060
2007-07-07,Day,2503
2007-07-07,Night,6681
2007-07-09,Day,3487
2007-07-09,Night,4564
2007-07-10,Day,4721
2007-07-10,Night,9328
2007-07-11,Day,1301
2007-07-11,Night,7479
2007-07-12,Day,1360
2007-07-12,Night,3151
2007-07-13,Day,9546
2007-07-13,Night,8155
2007-07-14,Day,5518
2007-07-14,Night,8913
2007-07-16,Day,2158
2007-07-16,Night,5927
2007-07-17,Day,8323
2007-07-17,Night,3558
2007-07-18,Day,9700
2007-07-18,Night,3048
2007-07-19,Day,9524
2007-07-19,Night,5054
2007-07-20,Day,7445
2007-07-20,Night,6624
2007-07-21,Day,6432
2007-07-21,Night,8940
2007-07-23,Day,2667
2007-07-23,Night,9611
2007-07-24,Day,0246
2007-07-24,Night,9660
2007-07-25,Day,5628
2007-07-25,Night,0869
2007-07-26,Day,4587
2007-07-26,Night,6366
2007-07-27,Day,5073
2007-07-27,Night,7749
2007-07-28,Day,1104
2007-07-28,Night,2876
2007-07-30,Day,2109
2007-07-30,Night,8420
2007-07-31,Day,7132
2007-07-31,Night,0167
2007-08-01,Day,4843
2007-08-01,Night,8545
2007-08-02,Day,6467
2007-08-02,Night,0628
2007-08-03,Day,4158
2007-08-03,Night,3444
2007-08-04,Day,3046
2007-08-04,Night,1268
2007-08-06,Day,4154
2007-08-06,Night,5310
2007-08-07,Day,5660
2007-08-07,Night,5963
2007-08-08,Day,7291
2007-08-08,Night,9092
2007-08-09,Day,6095
2007-08-09,Night,6550
2007-08-10,Day,0003
2007-08-10,Night,2233
2007-08-11,Day,6788
2007-08-11,Night,8336
2007-08-13,Day,3026
2007-08-13,Night,9720
2007-08-14,Day,0339
2007-08-14,Night,1219
2007-08-15,Day,6998
2007-08-15,Night,0632
2007-08-16,Day,9734
2007-08-16,Night,9403
2007-08-17,Day,8485
2007-08-17,Night,2589
2007-08-18,Day,5559
2007-08-18,Night,8915
2007-08-20,Day,3187
2007-08-20,Night,0976
2007-08-21,Day,8216
2007-08-21,Night,0886
2007-08-22,Day,8346
2007-08-22,Night,5643
2007-08-23,Day,6289
2007-08-23,Night,5292
2007-08-24,Day,6056
2007-08-24,Night,1136
2007-08-25,Day,0418
2007-08-25,Night,4237
2007-08-27,Day,6164
2007-08-27,Night,1506
2007-08-28,Day,1589
2007-08-28,Night,4336
2007-08-29,Day,0373
2007-08-29,Night,0354
2007-08-30,Day,2608
2007-08-30,Night,2684
2007-08-31,Day,7641
2007-08-31,Night,1052
2007-09-01,Day,0830
2007-09-01,Night,5443
2007-09-03,Day,2785
2007-09-03,Night,4050
2007-09-04,Day,5252
2007-09-04,Night,8244
2007-09-05,Day,0840
2007-09-05,Night,0570
2007-09-06,Day,5371
2007-09-06,Night,6742
2007-09-07,Day,9230
2007-09-07,Night,4245
2007-09-08,Day,0152
2007-09-08,Night,3119
2007-09-10,Day,2793
2007-09-10,Night,9093
2007-09-11,Day,3651
2007-09-11,Night,2725
2007-09-12,Day,4915
2007-09-12,Night,8673
2007-09-13,Day,7717
2007-09-13,Night,5280
2007-09-14,Day,4010
2007-09-14,Night,9969
2007-09-15,Day,8582
2007-09-15,Night,6672
2007-09-17,Day,2931
2007-09-17,Night,2863
2007-09-18,Day,2399
2007-09-18,Night,7444
2007-09-19,Day,8321
2007-09-19,Night,8825
2007-09-20,Day,8417
2007-09-20,Night,3448
2007-09-21,Day,0698
2007-09-21,Night,3695
2007-09-22,Day,7878
2007-09-22,Night,4714
2007-09-24,Day,9425
2007-09-24,Night,7296
2007-09-25,Day,0348
2007-09-25,Night,9394
2007-09-26,Day,3505
2007-09-26,Night,0204
2007-09-27,Day,6263
2007-09-27,Night,8741
2007-09-28,Day,1728
2007-09-28,Night,4401
2007-09-29,Day,3053
2007-09-29,Night,1614
2007-10-01,Day,4816
2007-10-01,Night,3910
2007-10-02,Day,0672
2007-10-02,Night,4557
2007-10-03,Day,8634
2007-10-03,Night,5174
2007-10-04,Day,9858
2007-10-04,Night,4742
2007-10-05,Day,4505
2007-10-05,Night,4485
2007-10-06,Day,0739
2007-10-06,Night,1027
2007-10-08,Day,5373
2007-10-08,Night,8228
2007-10-09,Day,3666
2007-10-09,Night,1703
2007-10-10,Day,3425
2007-10-10,Night,6503
2007-10-11,Day,2428
2007-10-11,Night,6042
2007-10-12,Day,3770
2007-10-12,Night,6260
2007-10-13,Day,9517
2007-10-13,Night,2873
2007-10-15,Day,3646
2007-10-15,Night,9953
2007-10-16,Day,1838
2007-10-16,Night,0979
2007-10-17,Day,3905
2007-10-17,Night,6154
2007-10-18,Day,1053
2007-10-18,Night,6457
2007-10-19,Day,3244
2007-10-19,Night,3477
2007-10-20,Day,5022
2007-10-20,Night,0239
2007-10-22,Day,5239
2007-10-22,Night,0882
2007-10-23,Day,2090
2007-10-23,Night,3122
2007-10-24,Day,0992
2007-10-24,Night,0753
2007-10-25,Day,4000
2007-10-25,Night,1434
2007-10-26,Day,3035
2007-10-26,Night,7624
2007-10-27,Day,6228
2007-10-27,Night,2568
2007-10-29,Day,8888
2007-10-29,Night,5038
2007-10-30,Day,8220
2007-10-30,Night,2633
2007-10-31,Day,9739
2007-10-31,Night,4354
2007-11-01,Day,3006
2007-11-01,Night,4464
2007-11-02,Day,8275
2007-11-02,Night,2984
2007-11-03,Day,0785
2007-11-03,Night,7447
2007-11-05,Day,0212
2007-11-05,Night,5926
2007-11-06,Day,0155
2007-11-06,Night,2676
2007-11-07,Day,5754
2007-11-07,Night,7297
2007-11-08,Day,2402
2007-11-08,Night,5632
2007-11-09,Day,0070
2007-11-09,Night,2794
2007-11-10,Day,8767
2007-11-10,Night,1190
2007-11-12,Day,7706
2007-11-12,Night,6793
2007-11-13,Day,4133
2007-11-13,Night,7834
2007-11-14,Day,3336
2007-11-14,Night,9278
2007-11-15,Day,4641
2007-11-15,Night,1728
2007-11-16,Day,6588
2007-11-16,Night,1535
2007-11-17,Day,9894
2007-11-17,Night,8096
2007-11-19,Day,9694
2007-11-19,Night,7915
2007-11-20,Day,3213
2007-11-20,Night,5918
2007-11-21,Day,9024
2007-11-21,Night,5724
2007-11-22,Day,6105
2007-11-22,Night,5374
2007-11-23,Day,5548
2007-11-23,Night,6684
2007-11-24,Day,1466
2007-11-24,Night,0684
2007-11-26,Day,1478
2007-11-26,Night,5679
2007-11-27,Day,6114
2007-11-27,Night,4542
2007-11-28,Day,7601
2007-11-28,Night,1442
2007-11-29,Day,7451
2007-11-29,Night,2975
2007-11-30,Day,5456
2007-11-30,Night,1173
2007-12-01,Day,5140
2007-12-01,Night,2443
2007-12-03,Day,3256
2007-12-03,Night,3586
2007-12-04,Day,9825
2007-12-04,Night,0053
2007-12-05,Day,1662
2007-12-05,Night,3387
2007-12-06,Day,5505
2007-12-06,Night,8890
2007-12-07,Day,9722
2007-12-07,Night,7660
2007-12-08,Day,3302
2007-12-08,Night,1390
2007-12-10,Day,2450
2007-12-10,Night,4256
2007-12-11,Day,2792
2007-12-11,Night,6171
2007-12-12,Day,8355
2007-12-12,Night,4985
2007-12-13,Day,2294
2007-12-13,Night,9178
2007-12-14,Day,4347
2007-12-14,Night,4846
2007-12-15,Day,8206
2007-12-15,Night,4940
2007-12-17,Day,3057
2007-12-17,Night,1666
2007-12-18,Day,5447
2007-12-18,Night,2051
2007-12-19,Day,2733
2007-12-19,Night,0137
2007-12-20,Day,7296
2007-12-20,Night,5344
2007-12-21,Day,0734
2007-12-21,Night,5188
2007-12-22,Day,3230
2007-12-22,Night,3901
2007-12-24,Day,2045
2007-12-24,Night,3489
2007-12-26,Day,0557
2007-12-26,Night,7245
2007-12-27,Day,1221
2007-12-27,Night,3046
2007-12-28,Day,6213
2007-12-28,Night,1648
2007-12-29,Day,0936
2007-12-29,Night,1091
2007-12-31,Day,8421
2007-12-31,Night,0530
2008-01-01,Day,8867
2008-01-01,Night,9017
2008-01-02,Day,8162
2008-01-02,Night,3995
2008-01-03,Day,6764
2008-01-03,Night,8242
2008-01-04,Day,4112
2008-01-04,Night,4603
2008-01-05,Day,4934
2008-01-05,Night,8292
2008-01-07,Day,6023
2008-01-07,Night,7236
2008-01-08,Day,3457
2008-01-08,Night,7705
2008-01-09,Day,0452
2008-01-09,Night,2862
2008-01-10,Day,7824
2008-01-10,Night,1402
2008-01-11,Day,2644
2008-01-11,Night,2113
2008-01-12,Day,2828
2008-01-12,Night,5303
2008-01-14,Day,7933
2008-01-14,Night,6223
2008-01-15,Day,0372
2008-01-15,Night,9285
2008-01-16,Day,8280
2008-01-16,Night,2901
2008-01-17,Day,7044
2008-01-17,Night,6707
2008-01-18,Day,9605
2008-01-18,Night,2533
2008-01-19,Day,4314
2008-01-19,Night,6176
2008-01-21,Day,2427
2008-01-21,Night,1594
2008-01-22,Day,3478
2008-01-22,Night,3595
2008-01-23,Day,2270
2008-01-23,Night,4989
2008-01-24,Day,0857
2008-01-24,Night,3003
2008-01-25,Day,7971
2008-01-25,Night,4499
2008-01-26,Day,0732
2008-01-26,Night,7442
2008-01-28,Day,1956
2008-01-28,Night,5208
2008-01-29,Day,1981
2008-01-29,Night,4133
2008-01-30,Day,8050
2008-01-30,Night,7778
2008-01-31,Day,0671
2008-01-31,Night,6668
2008-02-01,Day,4047
2008-02-01,Night,8790
2008-02-02,Day,6801
2008-02-02,Night,0502
2008-02-04,Day,3347
2008-02-04,Night,9934
2008-02-05,Day,1293
2008-02-05,Night,2106
2008-02-06,Day,8318
2008-02-06,Night,3780
2008-02-07,Day,7404
2008-02-07,Night,1003
2008-02-08,Day,0668
2008-02-08,Night,6402
2008-02-09,Day,8255
2008-02-09,Night,4987
2008-02-11,Day,8209
2008-02-11,Night,2148
2008-02-12,Day,3079
2008-02-12,Night,1585
2008-02-13,Day,7275
2008-02-13,Night,5439
2008-02-14,Day,4097
2008-02-14,Night,6239
2008-02-15,Day,2015
2008-02-15,Night,2077
2008-02-16,Day,1294
2008-02-16,Night,0568
2008-02-18,Day,1382
2008-02-18,Night,3423
2008-02-19,Day,5541
2008-02-19,Night,5319
2008-02-20,Day,4219
2008-02-20,Night,1978
2008-02-21,Day,2475
2008-02-21,Night,4544
2008-02-22,Day,9136
2008-02-22,Night,6293
2008-02-23,Day,6782
2008-02-23,Night,7224
2008-02-25,Day,9149
2008-02-25,Night,7596
2008-02-26,Day,8757
2008-02-26,Night,5634
2008-02-27,Day,3389
2008-02-27,Night,4389
2008-02-28,Day,1242
2008-02-28,Night,5840
2008-02-29,Day,0236
2008-02-29,Night,6941
2008-03-01,Day,5823
2008-03-01,Night,2496
2008-03-03,Day,9866
2008-03-03,Night,2410
2008-03-04,Day,1057
2008-03-04,Night,7749
2008-03-05,Day,0351
2008-03-05,Night,7560
2008-03-06,Day,8724
2008-03-06,Night,9411
2008-03-07,Day,4903
2008-03-07,Night,4123
2008-03-08,Day,2176
2008-03-08,Night,3544
2008-03-10,Day,4040
2008-03-10,Night,8382
2008-03-11,Day,3736
2008-03-11,Night,1915
2008-03-12,Day,6828
2008-03-12,Night,5189
2008-03-13,Day,4082
2008-03-13,Night,0172
2008-03-14,Day,7157
2008-03-14,Night,2478
2008-03-15,Day,3648
2008-03-15,Night,5041
2008-03-17,Day,0019
2008-03-17,Night,0310
2008-03-18,Day,3638
2008-03-18,Night,6773
2008-03-19,Day,5650
2008-03-19,Night,6279
2008-03-20,Day,5964
2008-03-20,Night,0989
2008-03-21,Day,6169
2008-03-21,Night,2733
2008-03-22,Day,4797
2008-03-22,Night,6582
2008-03-24,Day,5059
2008-03-24,Night,5117
2008-03-25,Day,3323
2008-03-25,Night,2653
2008-03-26,Day,6177
2008-03-26,Night,0263
2008-03-27,Day,6190
2008-03-27,Night,8187
2008-03-28,Day,0893
2008-03-28,Night,0597
2008-03-29,Day,3110
2008-03-29,Night,7413
2008-03-31,Day,1109
2008-03-31,Night,8430
2008-04-01,Day,2539
2008-04-01,Night,1725
2008-04-02,Day,7439
2008-04-02,Night,2189
2008-04-03,Day,4848
2008-04-03,Night,1266
2008-04-04,Day,4486
2008-04-04,Night,3763
2008-04-05,Day,4872
2008-04-05,Night,7785
2008-04-07,Day,9144
2008-04-07,Night,6332
2008-04-08,Day,5527
2008-04-08,Night,3088
2008-04-09,Day,8506
2008-04-09,Night,1600
2008-04-10,Day,2801
2008-04-10,Night,1242
2008-04-11,Day,6610
2008-04-11,Night,0019
2008-04-12,Day,6267
2008-04-12,Night,1217
2008-04-14,Day,1625
2008-04-14,Night,2138
2008-04-15,Day,1585
2008-04-15,Night,2472
2008-04-16,Day,3142
2008-04-16,Night,1462
2008-04-17,Day,9774
2008-04-17,Night,5085
2008-04-18,Day,8733
2008-04-18,Night,8558
2008-04-19,Day,6305
2008-04-19,Night,1468
2008-04-21,Day,5937
2008-04-21,Night,7274
2008-04-22,Day,3675
2008-04-22,Night,0742
2008-04-23,Day,4176
2008-04-23,Night,7331
2008-04-24,Day,0071
2008-04-24,Night,0188
2008-04-25,Day,8950
2008-04-25,Night,6740
2008-04-26,Day,3801
2008-04-26,Night,3837
2008-04-28,Day,9468
2008-04-28,Night,9591
2008-04-29,Day,8161
2008-04-29,Night,5618
2008-04-30,Day,5313
2008-04-30,Night,6094
2008-05-01,Day,1286
2008-05-01,Night,8309
2008-05-02,Day,8273
2008-05-02,Night,8082
2008-05-03,Day,5971
2008-05-03,Night,6265
2008-05-05,Day,2006
2008-05-05,Night,5454
2008-05-06,Day,8441
2008-05-06,Night,6725
2008-05-07,Day,6266
2008-05-07,Night,1643
2008-05-08,Day,5473
2008-05-08,Night,6366
2008-05-09,Day,7089
2008-05-09,Night,2707
2008-05-10,Day,4835
2008-05-10,Night,6915
2008-05-12,Day,8446
2008-05-12,Night,8750
2008-05-13,Day,5623
2008-05-13,Night,9344
2008-05-14,Day,9966
2008-05-14,Night,1890
2008-05-15,Day,5199
2008-05-15,Night,1378
2008-05-16,Day,0605
2008-05-16,Night,8329
2008-05-17,Day,0889
2008-05-17,Night,2068
2008-05-19,Day,7464
2008-05-19,Night,0942
2008-05-20,Day,5348
2008-05-20,Night,5138
2008-05-21,Day,7920
2008-05-21,Night,8397
2008-05-22,Day,1106
2008-05-22,Night,6055
2008-05-23,Day,9111
2008-05-23,Night,4394
2008-05-24,Day,1178
2008-05-24,Night,1268
2008-05-26,Day,6428
2008-05-26,Night,9010
2008-05-27,Day,1055
2008-05-27,Night,5538
2008-05-28,Day,0382
2008-05-28,Night,4028
2008-05-29,Day,5237
2008-05-29,Night,8710
2008-05-30,Day,8271
2008-05-30,Night,6087
2008-05-31,Day,6271
2008-05-31,Night,4564
2008-06-02,Day,8276
2008-06-02,Night,5795
2008-06-03,Day,7239
2008-06-03,Night,5059
2008-06-04,Day,0267
2008-06-04,Night,8093
2008-06-05,Day,9641
2008-06-05,Night,0303
2008-06-06,Day,5581
2008-06-06,Night,2760
2008-06-07,Day,0997
2008-06-07,Night,6179
2008-06-09,Day,3456
2008-06-09,Night,3204
2008-06-10,Day,0045
2008-06-10,Night,6854
2008-06-11,Day,4397
2008-06-11,Night,7470
2008-06-12,Day,4852
2008-06-12,Night,6797
2008-06-13,Day,8455
2008-06-13,Night,0302
2008-06-14,Day,7512
2008-06-14,Night,9467
2008-06-16,Day,6552
2008-06-16,Night,3293
2008-06-17,Day,3959
2008-06-17,Night,9998
2008-06-18,Day,1200
2008-06-18,Night,9986
2008-06-19,Day,1119
2008-06-19,Night,2717
2008-06-20,Day,3482
2008-06-20,Night,6033
2008-06-21,Day,6265
2008-06-21,Night,1390
2008-06-23,Day,2184
2008-06-23,Night,2235
2008-06-24,Day,8189
2008-06-24,Night,7897
2008-06-25,Day,6717
2008-06-25,Night,8362
2008-06-26,Day,9004
2008-06-26,Night,9908
2008-06-27,Day,6388
2008-06-27,Night,8605
2008-06-28,Day,9638
2008-06-28,Night,3608
2008-06-30,Day,0295
2008-06-30,Night,3775
2008-07-01,Day,4124
2008-07-01,Night,0856
2008-07-02,Day,9742
2008-07-02,Night,5040
2008-07-03,Day,2302
2008-07-03,Night,7059
2008-07-04,Day,1067
2008-07-04,Night,8024
2008-07-05,Day,3363
2008-07-05,Night,7695
2008-07-07,Day,8577
2008-07-07,Night,3363
2008-07-08,Day,2584
2008-07-08,Night,3314
2008-07-09,Day,3474
2008-07-09,Night,2670
2008-07-10,Day,8175
2008-07-10,Night,9926
2008-07-11,Day,8392
2008-07-11,Night,7379
2008-07-12,Day,3368
2008-07-12,Night,3552
2008-07-14,Day,3806
2008-07-14,Night,2904
2008-07-15,Day,2014
2008-07-15,Night,0377
2008-07-16,Day,1139
2008-07-16,Night,6403
2008-07-17,Day,4191
2008-07-17,Night,9319
2008-07-18,Day,9041
2008-07-18,Night,0775
2008-07-19,Day,8309
2008-07-19,Night,4010
2008-07-21,Day,2494
2008-07-21,Night,2091
2008-07-22,Day,1152
2008-07-22,Night,0346
2008-07-23,Day,4462
2008-07-23,Night,6181
2008-07-24,Day,3385
2008-07-24,Night,3141
2008-07-25,Day,0010
2008-07-25,Night,2651
2008-07-26,Day,1432
2008-07-26,Night,0614
2008-07-28,Day,6178
2008-07-28,Night,2071
2008-07-29,Day,8962
2008-07-29,Night,0642
2008-07-30,Day,3606
2008-07-30,Night,2653
2008-07-31,Day,3999
2008-07-31,Night,4025
2008-08-01,Day,4747
2008-08-01,Night,8431
2008-08-02,Day,2372
2008-08-02,Night,6337
2008-08-04,Day,3072
2008-08-04,Night,4988
2008-08-05,Day,1668
2008-08-05,Night,5523
2008-08-06,Day,5715
2008-08-06,Night,1705
2008-08-07,Day,2692
2008-08-07,Night,5973
2008-08-08,Day,5547
2008-08-08,Night,1766
2008-08-09,Day,9702
2008-08-09,Night,7233
2008-08-11,Day,6104
2008-08-11,Night,2731
2008-08-12,Day,9222
2008-08-12,Night,4128
2008-08-13,Day,9236
2008-08-13,Night,9481
2008-08-14,Day,2497
2008-08-14,Night,6769
2008-08-15,Day,2003
2008-08-15,Night,7593
2008-08-16,Day,7109
2008-08-16,Night,7190
2008-08-18,Day,8934
2008-08-18,Night,7431
2008-08-19,Day,5811
2008-08-19,Night,7111
2008-08-20,Day,6821
2008-08-20,Night,4585
2008-08-21,Day,2332
2008-08-21,Night,4216
2008-08-22,Day,0049
2008-08-22,Night,4432
2008-08-23,Day,4431
2008-08-23,Night,4269
2008-08-25,Day,9206
2008-08-25,Night,2777
2008-08-26,Day,8754
2008-08-26,Night,5256
2008-08-27,Day,3633
2008-08-27,Night,8137
2008-08-28,Day,0379
2008-08-28,Night,4938
2008-08-29,Day,6490
2008-08-29,Night,3362
2008-08-30,Day,9366
2008-08-30,Night,9988
2008-09-01,Day,2537
2008-09-01,Night,2215
2008-09-02,Day,7771
2008-09-02,Night,8216
2008-09-03,Day,6830
2008-09-03,Night,5101
2008-09-04,Day,7232
2008-09-04,Night,9935
2008-09-05,Day,5620
2008-09-05,Night,9114
2008-09-06,Day,6963
2008-09-06,Night,9296
2008-09-08,Day,5534
2008-09-08,Night,0431
2008-09-09,Day,5409
2008-09-09,Night,3303
2008-09-10,Day,2373
2008-09-10,Night,2203
2008-09-11,Day,8829
2008-09-11,Night,0192
2008-09-12,Day,8457
2008-09-12,Night,3457
2008-09-13,Day,0401
2008-09-13,Night,7453
2008-09-15,Day,8829
2008-09-15,Night,6745
2008-09-16,Day,6894
2008-09-16,Night,4900
2008-09-17,Day,4207
2008-09-17,Night,0840
2008-09-18,Day,0198
2008-09-18,Night,7980
2008-09-19,Day,7435
2008-09-19,Night,9044
2008-09-20,Day,7333
2008-09-20,Night,5349
2008-09-22,Day,0489
2008-09-22,Night,5806
2008-09-23,Day,9357
2008-09-23,Night,9043
2008-09-24,Day,7473
2008-09-24,Night,8093
2008-09-25,Day,4040
2008-09-25,Night,2357
2008-09-26,Day,3049
2008-09-26,Night,9337
2008-09-27,Day,3591
2008-09-27,Night,5216
2008-09-29,Day,8649
2008-09-29,Night,4717
2008-09-30,Day,2936
2008-09-30,Night,0124
2008-10-01,Day,4440
2008-10-01,Night,3963
2008-10-02,Day,6642
2008-10-02,Night,6355
2008-10-03,Day,3494
2008-10-03,Night,2033
2008-10-04,Day,2411
2008-10-04,Night,6280
2008-10-06,Day,0030
2008-10-06,Night,5798
2008-10-07,Day,7387
2008-10-07,Night,7817
2008-10-08,Day,2126
2008-10-08,Night,0471
2008-10-09,Day,2237
2008-10-09,Night,6925
2008-10-10,Day,7532
2008-10-10,Night,3735
2008-10-11,Day,3637
2008-10-11,Night,2090
2008-10-13,Day,8389
2008-10-13,Night,5956
2008-10-14,Day,7498
2008-10-14,Night,7016
2008-10-15,Day,6548
2008-10-15,Night,5443
2008-10-16,Day,4045
2008-10-16,Night,9484
2008-10-17,Day,5455
2008-10-17,Night,3347
2008-10-18,Day,0621
2008-10-18,Night,8958
2008-10-20,Day,2505
2008-10-20,Night,6500
2008-10-21,Day,7205
2008-10-21,Night,1319
2008-10-22,Day,1926
2008-10-22,Night,6416
2008-10-23,Day,2157
2008-10-23,Night,2328
2008-10-24,Day,9035
2008-10-24,Night,3199
2008-10-25,Day,6402
2008-10-25,Night,1391
2008-10-27,Day,2404
2008-10-27,Night,0087
2008-10-28,Day,4981
2008-10-28,Night,0511
2008-10-29,Day,3624
2008-10-29,Night,7468
2008-10-30,Day,1285
2008-10-30,Night,1552
2008-10-31,Day,4109
2008-10-31,Night,9607
2008-11-01,Day,9982
2008-11-01,Night,0574
2008-11-03,Day,9962
2008-11-03,Night,3700
2008-11-04,Day,6619
2008-11-04,Night,9309
2008-11-05,Day,3941
2008-11-05,Night,6152
2008-11-06,Day,9490
2008-11-06,Night,2410
2008-11-07,Day,0493
2008-11-07,Night,8175
2008-11-08,Day,3916
2008-11-08,Night,7603
2008-11-10,Day,0851
2008-11-10,Night,0979
2008-11-11,Day,4497
2008-11-11,Night,1166
2008-11-12,Day,8161
2008-11-12,Night,0747
2008-11-13,Day,5893
2008-11-13,Night,3905
2008-11-14,Day,1833
2008-11-14,Night,7767
2008-11-15,Day,6168
2008-11-15,Night,1650
2008-11-17,Day,2930
2008-11-17,Night,9266
2008-11-18,Day,1355
2008-11-18,Night,8804
2008-11-19,Day,1609
2008-11-19,Night,1839
2008-11-20,Day,3310
2008-11-20,Night,5945
2008-11-21,Day,5228
2008-11-21,Night,5217
2008-11-22,Day,9826
2008-11-22,Night,9243
2008-11-24,Day,0928
2008-11-24,Night,3260
2008-11-25,Day,5316
2008-11-25,Night,0587
2008-11-26,Day,4175
2008-11-26,Night,4049
2008-11-27,Day,6340
2008-11-27,Night,8788
2008-11-28,Day,7224
2008-11-28,Night,0746
2008-11-29,Day,4785
2008-11-29,Night,8109
2008-12-01,Day,7936
2008-12-01,Night,1496
2008-12-02,Day,3253
2008-12-02,Night,6008
2008-12-03,Day,1602
2008-12-03,Night,5783
2008-12-04,Day,6824
2008-12-04,Night,8506
2008-12-05,Day,0222
2008-12-05,Night,9344
2008-12-06,Day,7478
2008-12-06,Night,0578
2008-12-08,Day,3737
2008-12-08,Night,3927
2008-12-09,Day,7528
2008-12-09,Night,2322
2008-12-10,Day,5960
2008-12-10,Night,6815
2008-12-11,Day,6054
2008-12-11,Night,6161
2008-12-12,Day,0386
2008-12-12,Night,3774
2008-12-13,Day,2793
2008-12-13,Night,2999
2008-12-15,Day,0179
2008-12-15,Night,8902
2008-12-16,Day,0947
2008-12-16,Night,7510
2008-12-17,Day,7151
2008-12-17,Night,5902
2008-12-18,Day,1507
2008-12-18,Night,4635
2008-12-19,Day,5841
2008-12-19,Night,6285
2008-12-20,Day,2667
2008-12-20,Night,6321
2008-12-22,Day,3225
2008-12-22,Night,2906
2008-12-23,Day,3884
2008-12-23,Night,8057
2008-12-24,Day,3790
2008-12-24,Night,6938
2008-12-26,Day,0211
2008-12-26,Night,3952
2008-12-27,Day,7657
2008-12-27,Night,2916
2008-12-29,Day,5969
2008-12-29,Night,5402
2008-12-30,Day,7423
2008-12-30,Night,4014
2008-12-31,Day,7924
2008-12-31,Night,9059
2009-01-01,Day,0665
2009-01-01,Night,3472
2009-01-02,Day,1506
2009-01-02,Night,5821
2009-01-03,Day,3165
2009-01-03,Night,0727
2009-01-05,Day,5361
2009-01-05,Night,0334
2009-01-06,Day,9641
2009-01-06,Night,5771
2009-01-07,Day,3131
2009-01-07,Night,1363
2009-01-08,Day,8414
2009-01-08,Night,1778
2009-01-09,Day,7982
2009-01-09,Night,0926
2009-01-10,Day,2517
2009-01-10,Night,7947
2009-01-12,Day,8313
2009-01-12,Night,3938
2009-01-13,Day,1218
2009-01-13,Night,3818
2009-01-14,Day,6729
2009-01-14,Night,2978
2009-01-15,Day,6093
2009-01-15,Night,4633
2009-01-16,Day,3682
2009-01-16,Night,6204
2009-01-17,Day,6662
2009-01-17,Night,0835
2009-01-19,Day,5798
2009-01-19,Night,0943
2009-01-20,Day,8827
2009-01-20,Night,0728
2009-01-21,Day,8465
2009-01-21,Night,7873
2009-01-22,Day,7691
2009-01-22,Night,5477
2009-01-23,Day,6005
2009-01-23,Night,7345
2009-01-24,Day,4726
2009-01-24,Night,5898
2009-01-26,Day,6463
2009-01-26,Night,5401
2009-01-27,Day,8693
2009-01-27,Night,8584
2009-01-28,Day,9887
2009-01-28,Night,6331
2009-01-29,Day,0597
2009-01-29,Night,7217
2009-01-30,Day,1866
2009-01-30,Night,8865
2009-01-31,Day,0632
2009-01-31,Night,4030
2009-02-02,Day,6145
2009-02-02,Night,3284
2009-02-03,Day,1294
2009-02-03,Night,7869
2009-02-04,Day,2533
2009-02-04,Night,1988
2009-02-05,Day,7958
2009-02-05,Night,3330
2009-02-06,Day,6878
2009-02-06,Night,3294
2009-02-07,Day,8573
2009-02-07,Night,5863
2009-02-09,Day,2839
2009-02-09,Night,8914
2009-02-10,Day,5089
2009-02-10,Night,2542
2009-02-11,Day,8977
2009-02-11,Night,3025
2009-02-12,Day,3533
2009-02-12,Night,9612
2009-02-13,Day,2813
2009-02-13,Night,6521
2009-02-14,Day,8217
2009-02-14,Night,9801
2009-02-16,Day,2339
2009-02-16,Night,5077
2009-02-17,Day,2250
2009-02-17,Night,5306
2009-02-18,Day,2702
2009-02-18,Night,1612
2009-02-19,Day,3838
2009-02-19,Night,3228
2009-02-20,Day,9843
2009-02-20,Night,3568
2009-02-21,Day,9619
2009-02-21,Night,1070
2009-02-23,Day,8362
2009-02-23,Night,9685
2009-02-24,Day,0028
2009-02-24,Night,6781
2009-02-25,Day,0082
2009-02-25,Night,6916
2009-02-26,Day,7808
2009-02-26,Night,9967
2009-02-27,Day,1019
2009-02-27,Night,3207
2009-02-28,Day,5782
2009-02-28,Night,3225
2009-03-02,Day,0726
2009-03-02,Night,3613
2009-03-03,Day,2939
2009-03-03,Night,2669
2009-03-04,Day,9637
2009-03-04,Night,0149
2009-03-05,Day,1497
2009-03-05,Night,0849
2009-03-06,Day,5989
2009-03-06,Night,0246
2009-03-07,Day,0789
2009-03-07,Night,8499
2009-03-09,Day,9239
2009-03-09,Night,4962
2009-03-10,Day,7174
2009-03-10,Night,1078
2009-03-11,Day,6786
2009-03-11,Night,5693
2009-03-12,Day,1089
2009-03-12,Night,2377
2009-03-13,Day,6843
2009-03-13,Night,5420
2009-03-14,Day,6317
2009-03-14,Night,9339
2009-03-16,Day,8986
2009-03-16,Night,7152
2009-03-17,Day,7481
2009-03-17,Night,2516
2009-03-18,Day,6261
2009-03-18,Night,8774
2009-03-19,Day,4771
2009-03-19,Night,0803
2009-03-20,Day,0593
2009-03-20,Night,8339
2009-03-21,Day,4916
2009-03-21,Night,6564
2009-03-23,Day,5104
2009-03-23,Night,8937
2009-03-24,Day,8155
2009-03-24,Night,8775
2009-03-25,Day,8029
2009-03-25,Night,4563
2009-03-26,Day,3358
2009-03-26,Night,5480
2009-03-27,Day,6830
2009-03-27,Night,6987
2009-03-28,Day,8205
2009-03-28,Night,8744
2009-03-30,Day,6167
2009-03-30,Night,0630
2009-03-31,Day,9105
2009-03-31,Night,1282
2009-04-01,Day,1432
2009-04-01,Night,6619
2009-04-02,Day,1261
2009-04-02,Night,6141
2009-04-03,Day,3647
2009-04-03,Night,5892
2009-04-04,Day,4196
2009-04-04,Night,0602
2009-04-06,Day,0717
2009-04-06,Night,7519
2009-04-07,Day,7234
2009-04-07,Night,5250
2009-04-08,Day,3650
2009-04-08,Night,5789
2009-04-09,Day,1913
2009-04-09,Night,6486
2009-04-10,Day,9922
2009-04-10,Night,4621
2009-04-11,Day,5559
2009-04-11,Night,7768
2009-04-13,Day,2768
2009-04-13,Night,4300
2009-04-14,Day,2681
2009-04-14,Night,7474
2009-04-15,Day,8251
2009-04-15,Night,1900
2009-04-16,Day,0300
2009-04-16,Night,9378
2009-04-17,Day,8922
2009-04-17,Night,2581
2009-04-18,Day,1828
2009-04-18,Night,6812
2009-04-20,Day,9492
2009-04-20,Night,9585
2009-04-21,Day,7954
2009-04-21,Night,7368
2009-04-22,Day,3665
2009-04-22,Night,7261
2009-04-23,Day,5149
2009-04-23,Night,6169
2009-04-24,Day,9643
2009-04-24,Night,7654
2009-04-25,Day,2025
2009-04-25,Night,4586
2009-04-27,Day,5153
2009-04-27,Night,6076
2009-04-28,Day,8292
2009-04-28,Night,1120
2009-04-29,Day,3244
2009-04-29,Night,8855
2009-04-30,Day,7335
2009-04-30,Night,9903
2009-05-01,Day,6210
2009-05-01,Night,1491
2009-05-02,Day,4759
2009-05-02,Night,9236
2009-05-04,Day,4099
2009-05-04,Night,0043
2009-05-05,Day,3571
2009-05-05,Night,3666
2009-05-06,Day,5958
2009-05-06,Night,9195
2009-05-07,Day,3836
2009-05-07,Night,2368
2009-05-08,Day,8222
2009-05-08,Night,7545
2009-05-09,Day,2484
2009-05-09,Night,0039
2009-05-11,Day,3947
2009-05-11,Night,7055
2009-05-12,Day,4626
2009-05-12,Night,8910
2009-05-13,Day,5592
2009-05-13,Night,9950
2009-05-14,Day,1853
2009-05-14,Night,7303
2009-05-15,Day,3714
2009-05-15,Night,8043
2009-05-16,Day,7013
2009-05-16,Night,3475
2009-05-18,Day,7591
2009-05-18,Night,0183
2009-05-19,Day,7767
2009-05-19,Night,4613
2009-05-20,Day,7967
2009-05-20,Night,3680
2009-05-21,Day,3622
2009-05-21,Night,6964
2009-05-22,Day,0420
2009-05-22,Night,8521
2009-05-23,Day,8920
2009-05-23,Night,4986
2009-05-25,Day,5353
2009-05-25,Night,6420
2009-05-26,Day,7460
2009-05-26,Night,2733
2009-05-27,Day,4868
2009-05-27,Night,2853
2009-05-28,Day,3493
2009-05-28,Night,8164
2009-05-29,Day,4807
2009-05-29,Night,4455
2009-05-30,Day,3555
2009-05-30,Night,1120
2009-06-01,Day,5438
2009-06-01,Night,7866
2009-06-02,Day,2664
2009-06-02,Night,1782
2009-06-03,Day,9675
2009-06-03,Night,7056
2009-06-04,Day,4867
2009-06-04,Night,6634
2009-06-05,Day,0213
2009-06-05,Night,3940
2009-06-06,Day,5646
2009-06-06,Night,7274
2009-06-08,Day,3848
2009-06-08,Night,4254
2009-06-09,Day,6681
2009-06-09,Night,8743
2009-06-10,Day,4246
2009-06-10,Night,5857
2009-06-11,Day,5491
2009-06-11,Night,3305
2009-06-12,Day,0095
2009-06-12,Night,1549
2009-06-13,Day,2769
2009-06-13,Night,3858
2009-06-15,Day,2015
2009-06-15,Night,4383
2009-06-16,Day,3134
2009-06-16,Night,9807
2009-06-17,Day,1464
2009-06-17,Night,3282
2009-06-18,Day,0616
2009-06-18,Night,9264
2009-06-19,Day,2614
2009-06-19,Night,9417
2009-06-20,Day,9488
2009-06-20,Night,8553
2009-06-22,Day,2093
2009-06-22,Night,5212
2009-06-23,Day,3849
2009-06-23,Night,3967
2009-06-24,Day,4056
2009-06-24,Night,2846
2009-06-25,Day,1229
2009-06-25,Night,6546
2009-06-26,Day,1221
2009-06-26,Night,2145
2009-06-27,Day,2960
2009-06-27,Night,6487
2009-06-29,Day,7136
2009-06-29,Night,4047
2009-06-30,Day,9659
2009-06-30,Night,7763
2009-07-01,Day,7771
2009-07-01,Night,2534
2009-07-02,Day,7227
2009-07-02,Night,6664
2009-07-03,Day,6980
2009-07-03,Night,7003
2009-07-04,Day,7928
2009-07-04,Night,3442
2009-07-06,Day,0951
2009-07-06,Night,5048
2009-07-07,Day,7237
2009-07-07,Night,6417
2009-07-08,Day,1409
2009-07-08,Night,5248
2009-07-09,Day,0645
2009-07-09,Night,9528
2009-07-10,Day,7465
2009-07-10,Night,5192
2009-07-11,Day,3665
2009-07-11,Night,4544
2009-07-13,Day,7293
2009-07-13,Night,0316
2009-07-14,Day,5815
2009-07-14,Night,0154
2009-07-15,Day,0256
2009-07-15,Night,9033
2009-07-16,Day,1552
2009-07-16,Night,8851
2009-07-17,Day,6831
2009-07-17,Night,5382
2009-07-18,Day,4967
2009-07-18,Night,6714
2009-07-20,Day,5427
2009-07-20,Night,0473
2009-07-21,Day,2385
2009-07-21,Night,1368
2009-07-22,Day,9210
2009-07-22,Night,5099
2009-07-23,Day,5534
2009-07-23,Night,2713
2009-07-24,Day,6318
2009-07-24,Night,6005
2009-07-25,Day,6887
2009-07-25,Night,0906
2009-07-27,Day,5920
2009-07-27,Night,4215
2009-07-28,Day,8523
2009-07-28,Night,3538
2009-07-29,Day,7266
2009-07-29,Night,7898
2009-07-30,Day,9607
2009-07-30,Night,5813
2009-07-31,Day,1417
2009-07-31,Night,3353
2009-08-01,Day,3462
2009-08-01,Night,3866
2009-08-03,Day,1552
2009-08-03,Night,3212
2009-08-04,Day,6562
2009-08-04,Night,2476
2009-08-05,Day,4323
2009-08-05,Night,2153
2009-08-06,Day,9414
2009-08-06,Night,3815
2009-08-07,Day,2095
2009-08-07,Night,3499
2009-08-08,Day,6092
2009-08-08,Night,2437
2009-08-10,Day,3561
2009-08-10,Night,0492
2009-08-11,Day,6809
2009-08-11,Night,2985
2009-08-12,Day,2311
2009-08-12,Night,3696
2009-08-13,Day,0190
2009-08-13,Night,2707
2009-08-14,Day,8303
2009-08-14,Night,6740
2009-08-15,Day,3910
2009-08-15,Night,2738
2009-08-17,Day,9380
2009-08-17,Night,1434
2009-08-18,Day,1203
2009-08-18,Night,4245
2009-08-19,Day,2375
2009-08-19,Night,7020
2009-08-20,Day,5612
2009-08-20,Night,5789
2009-08-21,Day,8571
2009-08-21,Night,6089
2009-08-22,Day,5325
2009-08-22,Night,7468
2009-08-24,Day,0456
2009-08-24,Night,0653
2009-08-25,Day,5182
2009-08-25,Night,2026
2009-08-26,Day,0833
2009-08-26,Night,8381
2009-08-27,Day,9984
2009-08-27,Night,7144
2009-08-28,Day,9014
2009-08-28,Night,3898
2009-08-29,Day,9584
2009-08-29,Night,2197
2009-08-31,Day,5420
2009-08-31,Night,9553
2009-09-01,Day,2659
2009-09-01,Night,9615
2009-09-02,Day,0011
2009-09-02,Night,9575
2009-09-03,Day,7968
2009-09-03,Night,1152
2009-09-04,Day,6072
2009-09-04,Night,4171
2009-09-05,Day,0327
2009-09-05,Night,5376
2009-09-07,Day,2845
2009-09-07,Night,5437
2009-09-08,Day,2536
2009-09-08,Night,5496
2009-09-09,Day,9373
2009-09-09,Night,8397
2009-09-10,Day,0825
2009-09-10,Night,1563
2009-09-11,Day,6561
2009-09-11,Night,1470
2009-09-12,Day,0512
2009-09-12,Night,1547
2009-09-14,Day,6003
2009-09-14,Night,5516
2009-09-15,Day,6264
2009-09-15,Night,1574
2009-09-16,Day,8128
2009-09-16,Night,1388
2009-09-17,Day,0631
2009-09-17,Night,8693
2009-09-18,Day,4429
2009-09-18,Night,9550
2009-09-19,Day,3045
2009-09-19,Night,2732
2009-09-21,Day,7524
2009-09-21,Night,6629
2009-09-22,Day,4321
2009-09-22,Night,4327
2009-09-23,Day,6734
2009-09-23,Night,5985
2009-09-24,Day,0593
2009-09-24,Night,9827
2009-09-25,Day,1671
2009-09-25,Night,6589
2009-09-26,Day,1158
2009-09-26,Night,9191
2009-09-28,Day,7275
2009-09-28,Night,4305
2009-09-29,Day,5382
2009-09-29,Night,2328
2009-09-30,Day,4016
2009-09-30,Night,8913
2009-10-01,Day,1824
2009-10-01,Night,6529
2009-10-02,Day,8420
2009-10-02,Night,4812
2009-10-03,Day,6300
2009-10-03,Night,9726
2009-10-05,Day,8667
2009-10-05,Night,6203
2009-10-06,Day,4226
2009-10-06,Night,6883
2009-10-07,Day,5284
2009-10-07,Night,6497
2009-10-08,Day,5163
2009-10-08,Night,8432
2009-10-09,Day,4968
2009-10-09,Night,4501
2009-10-10,Day,0912
2009-10-10,Night,9550
2009-10-12,Day,6221
2009-10-12,Night,4730
2009-10-13,Day,5492
2009-10-13,Night,8807
2009-10-14,Day,5951
2009-10-14,Night,5241
2009-10-15,Day,4668
2009-10-15,Night,1339
2009-10-16,Day,7386
2009-10-16,Night,4773
2009-10-17,Day,8014
2009-10-17,Night,3376
2009-10-19,Day,2215
2009-10-19,Night,4997
2009-10-20,Day,3576
2009-10-20,Night,7927
2009-10-21,Day,0622
2009-10-21,Night,5482
2009-10-22,Day,0136
2009-10-22,Night,8061
2009-10-23,Day,6417
2009-10-23,Night,9355
2009-10-24,Day,8261
2009-10-24,Night,5840
2009-10-26,Day,6776
2009-10-26,Night,7514
2009-10-27,Day,7615
2009-10-27,Night,3252
2009-10-28,Day,4893
2009-10-28,Night,4638
2009-10-29,Day,5219
2009-10-29,Night,8205
2009-10-30,Day,7200
2009-10-30,Night,6198
2009-10-31,Day,0791
2009-10-31,Night,3869
2009-11-02,Day,4470
2009-11-02,Night,0539
2009-11-03,Day,4927
2009-11-03,Night,4158
2009-11-04,Day,4572
2009-11-04,Night,0141
2009-11-05,Day,0150
2009-11-05,Night,8039
2009-11-06,Day,7539
2009-11-06,Night,3308
2009-11-07,Day,8171
2009-11-07,Night,7398
2009-11-09,Day,4885
2009-11-09,Night,1820
2009-11-10,Day,2556
2009-11-10,Night,0474
2009-11-11,Day,4370
2009-11-11,Night,4042
2009-11-12,Day,1919
2009-11-12,Night,9382
2009-11-13,Day,9905
2009-11-13,Night,7409
2009-11-14,Day,7375
2009-11-14,Night,8715
2009-11-16,Day,1452
2009-11-16,Night,3801
2009-11-17,Day,5830
2009-11-17,Night,3396
2009-11-18,Day,6995
2009-11-18,Night,6979
2009-11-19,Day,7430
2009-11-19,Night,1705
2009-11-20,Day,3087
2009-11-20,Night,1461
2009-11-21,Day,0255
2009-11-21,Night,2865
2009-11-23,Day,3802
2009-11-23,Night,6364
2009-11-24,Day,3131
2009-11-24,Night,1552
2009-11-25,Day,2147
2009-11-25,Night,1120
2009-11-26,Day,8770
2009-11-26,Night,2704
2009-11-27,Day,6116
2009-11-27,Night,2661
2009-11-28,Day,7907
2009-11-28,Night,6385
2009-11-30,Day,0159
2009-11-30,Night,3351
2009-12-01,Day,6990
2009-12-01,Night,4619
2009-12-02,Day,4587
2009-12-02,Night,4984
2009-12-03,Day,6628
2009-12-03,Night,2930
2009-12-04,Day,4446
2009-12-04,Night,8731
2009-12-05,Day,8298
2009-12-05,Night,6058
2009-12-07,Day,0980
2009-12-07,Night,6505
2009-12-08,Day,9009
2009-12-08,Night,5373
2009-12-09,Day,2382
2009-12-09,Night,4895
2009-12-10,Day,2096
2009-12-10,Night,7836
2009-12-11,Day,0188
2009-12-11,Night,0744
2009-12-12,Day,4218
2009-12-12,Night,0351
2009-12-14,Day,3297
2009-12-14,Night,4099
2009-12-15,Day,2808
2009-12-15,Night,7780
2009-12-16,Day,3738
2009-12-16,Night,6396
2009-12-17,Day,1259
2009-12-17,Night,5978
2009-12-18,Day,1965
2009-12-18,Night,9830
2009-12-19,Day,5621
2009-12-19,Night,8063
2009-12-21,Day,9943
2009-12-21,Night,5281
2009-12-22,Day,4367
2009-12-22,Night,7796
2009-12-23,Day,6551
2009-12-23,Night,7581
2009-12-24,Day,1282
2009-12-24,Night,0793
2009-12-26,Day,5947
2009-12-26,Night,3727
2009-12-28,Day,0205
2009-12-28,Night,4903
2009-12-29,Day,5310
2009-12-29,Night,8217
2009-12-30,Day,4519
2009-12-30,Night,2593
2009-12-31,Day,6557
2009-12-31,Night,8842
2010-01-01,Day,8347
2010-01-01,Night,7475
2010-01-02,Day,4904
2010-01-02,Night,3189
2010-01-04,Day,8564
2010-01-04,Night,0649
2010-01-05,Day,3053
2010-01-05,Night,5941
2010-01-06,Day,9961
2010-01-06,Night,7993
2010-01-07,Day,1261
2010-01-07,Night,2861
2010-01-08,Day,1342
2010-01-08,Night,4537
2010-01-09,Day,5458
2010-01-09,Night,5544
2010-01-11,Day,3856
2010-01-11,Night,3636
2010-01-12,Day,7011
2010-01-12,Night,9046
2010-01-13,Day,0380
2010-01-13,Night,2340
2010-01-14,Day,7787
2010-01-14,Night,9943
2010-01-15,Day,9575
2010-01-15,Night,3080
2010-01-16,Day,2705
2010-01-16,Night,2038
2010-01-18,Day,3326
2010-01-18,Night,4347
2010-01-19,Day,4398
2010-01-19,Night,9624
2010-01-20,Day,0697
2010-01-20,Night,3851
2010-01-21,Day,4184
2010-01-21,Night,8509
2010-01-22,Day,0141
2010-01-22,Night,6758
2010-01-23,Day,8361
2010-01-23,Night,7428
2010-01-25,Day,2965
2010-01-25,Night,4933
2010-01-26,Day,8683
2010-01-26,Night,5188
2010-01-27,Day,9971
2010-01-27,Night,0953
2010-01-28,Day,1358
2010-01-28,Night,6025
2010-01-29,Day,0617
2010-01-29,Night,6016
2010-01-30,Day,1907
2010-01-30,Night,2101
2010-02-01,Day,8368
2010-02-01,Night,5325
2010-02-02,Day,3803
2010-02-02,Night,0126
2010-02-03,Day,4609
2010-02-03,Night,7217
2010-02-04,Day,7982
2010-02-04,Night,3629
2010-02-05,Day,7644
2010-02-05,Night,8140
2010-02-06,Day,7474
2010-02-06,Night,6547
2010-02-08,Day,1347
2010-02-08,Night,0136
2010-02-09,Day,3788
2010-02-09,Night,3130
2010-02-10,Day,5766
2010-02-10,Night,5237
2010-02-11,Day,8864
2010-02-11,Night,8951
2010-02-12,Day,5194
2010-02-12,Night,2373
2010-02-13,Day,1392
2010-02-13,Night,1641
2010-02-15,Day,6779
2010-02-15,Night,3734
2010-02-16,Day,7337
2010-02-16,Night,1622
2010-02-17,Day,0899
2010-02-17,Night,2904
2010-02-18,Day,0004
2010-02-18,Night,8818
2010-02-19,Day,4467
2010-02-19,Night,1446
2010-02-20,Day,7059
2010-02-20,Night,0974
2010-02-22,Day,6033
2010-02-22,Night,2862
2010-02-23,Day,6808
2010-02-23,Night,3746
2010-02-24,Day,6125
2010-02-24,Night,3932
2010-02-25,Day,6373
2010-02-25,Night,1198
2010-02-26,Day,5027
2010-02-26,Night,0212
2010-02-27,Day,8883
2010-02-27,Night,8849
2010-03-01,Day,1711
2010-03-01,Night,9651
2010-03-02,Day,7361
2010-03-02,Night,7191
2010-03-03,Day,0526
2010-03-03,Night,1093
2010-03-04,Day,9706
2010-03-04,Night,6797
2010-03-05,Day,4393
2010-03-05,Night,0744
2010-03-06,Day,3268
2010-03-06,Night,3349
2010-03-08,Day,0577
2010-03-08,Night,8791
2010-03-09,Day,6684
2010-03-09,Night,0825
2010-03-10,Day,5127
2010-03-10,Night,9366
2010-03-11,Day,0865
2010-03-11,Night,0111
2010-03-12,Day,9806
2010-03-12,Night,6546
2010-03-13,Day,6124
2010-03-13,Night,1245
2010-03-15,Day,5823
2010-03-15,Night,1427
2010-03-16,Day,6297
2010-03-16,Night,6991
2010-03-17,Day,7436
2010-03-17,Night,1185
2010-03-18,Day,3953
2010-03-18,Night,3543
2010-03-19,Day,6096
2010-03-19,Night,1293
2010-03-20,Day,9845
2010-03-20,Night,5149
2010-03-22,Day,0736
2010-03-22,Night,8857
2010-03-23,Day,7086
2010-03-23,Night,7614
2010-03-24,Day,9514
2010-03-24,Night,3186
2010-03-25,Day,2241
2010-03-25,Night,3804
2010-03-26,Day,7699
2010-03-26,Night,8230
2010-03-27,Day,9959
2010-03-27,Night,3052
2010-03-29,Day,4905
2010-03-29,Night,5635
2010-03-30,Day,9397
2010-03-30,Night,9695
2010-03-31,Day,3026
2010-03-31,Night,9333
2010-04-01,Day,4773
2010-04-01,Night,6957
2010-04-02,Day,7463
2010-04-02,Night,5863
2010-04-03,Day,3250
2010-04-03,Night,7292
2010-04-05,Day,3475
2010-04-05,Night,2190
2010-04-06,Day,4953
2010-04-06,Night,7179
2010-04-07,Day,7226
2010-04-07,Night,6180
2010-04-08,Day,9360
2010-04-08,Night,0092
2010-04-09,Day,3546
2010-04-09,Night,4658
2010-04-10,Day,7441
2010-04-10,Night,0561
2010-04-12,Day,3950
2010-04-12,Night,4389
2010-04-13,Day,9719
2010-04-13,Night,2110
2010-04-14,Day,5343
2010-04-14,Night,8683
2010-04-15,Day,9303
2010-04-15,Night,7330
2010-04-16,Day,3912
2010-04-16,Night,9461
2010-04-17,Day,6569
2010-04-17,Night,0951
2010-04-19,Day,6619
2010-04-19,Night,6724
2010-04-20,Day,3653
2010-04-20,Night,6822
2010-04-21,Day,1105
2010-04-21,Night,8082
2010-04-22,Day,2630
2010-04-22,Night,8083
2010-04-23,Day,0042
2010-04-23,Night,2464
2010-04-24,Day,1108
2010-04-24,Night,4670
2010-04-26,Day,0750
2010-04-26,Night,0384
2010-04-27,Day,2724
2010-04-27,Night,1135
2010-04-28,Day,8864
2010-04-28,Night,9519
2010-04-29,Day,8639
2010-04-29,Night,1556
2010-04-30,Day,1696
2010-04-30,Night,8204
2010-05-01,Day,2462
2010-05-01,Night,7538
2010-05-03,Day,9365
2010-05-03,Night,5845
2010-05-04,Day,2366
2010-05-04,Night,4098
2010-05-05,Day,1958
2010-05-05,Night,9137
2010-05-06,Day,3713
2010-05-06,Night,0865
2010-05-07,Day,9717
2010-05-07,Night,2514
2010-05-08,Day,6379
2010-05-08,Night,3827
2010-05-10,Day,0627
2010-05-10,Night,0396
2010-05-11,Day,2177
2010-05-11,Night,8146
2010-05-12,Day,3715
2010-05-12,Night,6738
2010-05-13,Day,9312
2010-05-13,Night,4324
2010-05-14,Day,3154
2010-05-14,Night,8655
2010-05-15,Day,7685
2010-05-15,Night,6904
2010-05-17,Day,2067
2010-05-17,Night,6555
2010-05-18,Day,6025
2010-05-18,Night,5113
2010-05-19,Day,9423
2010-05-19,Night,7685
2010-05-20,Day,1354
2010-05-20,Night,9704
2010-05-21,Day,9440
2010-05-21,Night,6965
2010-05-22,Day,4013
2010-05-22,Night,3507
2010-05-24,Day,7251
2010-05-24,Night,9191
2010-05-25,Day,4944
2010-05-25,Night,4695
2010-05-26,Day,0018
2010-05-26,Night,4187
2010-05-27,Day,8398
2010-05-27,Night,4744
2010-05-28,Day,3618
2010-05-28,Night,2225
2010-05-29,Day,7034
2010-05-29,Night,7873
2010-05-31,Day,2288
2010-05-31,Night,3456
2010-06-01,Day,1996
2010-06-01,Night,3685
2010-06-02,Day,3637
2010-06-02,Night,6875
2010-06-03,Day,6352
2010-06-03,Night,2429
2010-06-04,Day,9991
2010-06-04,Night,4918
2010-06-05,Day,1837
2010-06-05,Night,6105
2010-06-07,Day,9868
2010-06-07,Night,9151
2010-06-08,Day,0913
2010-06-08,Night,8000
2010-06-09,Day,8215
2010-06-09,Night,2985
2010-06-10,Day,0331
2010-06-10,Night,8501
2010-06-11,Day,6450
2010-06-11,Night,0672
2010-06-12,Day,1301
2010-06-12,Night,4931
2010-06-14,Day,4267
2010-06-14,Night,7552
2010-06-15,Day,8583
2010-06-15,Night,3398
2010-06-16,Day,5078
2010-06-16,Night,3490
2010-06-17,Day,6156
2010-06-17,Night,3699
2010-06-18,Day,1122
2010-06-18,Night,6172
2010-06-19,Day,3926
2010-06-19,Night,5578
2010-06-21,Day,1524
2010-06-21,Night,2525
2010-06-22,Day,0033
2010-06-22,Night,6980
2010-06-23,Day,4667
2010-06-23,Night,3180
2010-06-24,Day,5396
2010-06-24,Night,1059
2010-06-25,Day,1783
2010-06-25,Night,3643
2010-06-26,Day,4828
2010-06-26,Night,4325
2010-06-28,Day,5307
2010-06-28,Night,5834
2010-06-29,Day,3226
2010-06-29,Night,2492
2010-06-30,Day,5428
2010-06-30,Night,9760
2010-07-01,Day,4406
2010-07-01,Night,3748
2010-07-02,Day,6655
2010-07-02,Night,8374
2010-07-03,Day,6083
2010-07-03,Night,2499
2010-07-05,Day,5472
2010-07-05,Night,6411
2010-07-06,Day,0917
2010-07-06,Night,3206
2010-07-07,Day,4233
2010-07-07,Night,4452
2010-07-08,Day,0700
2010-07-08,Night,0122
2010-07-09,Day,5894
2010-07-09,Night,6537
2010-07-10,Day,4065
2010-07-10,Night,5533
2010-07-12,Day,1930
2010-07-12,Night,1130
2010-07-13,Day,7337
2010-07-13,Night,2982
2010-07-14,Day,2848
2010-07-14,Night,8225
2010-07-15,Day,6157
2010-07-15,Night,2914
2010-07-16,Day,9535
2010-07-16,Night,8047
2010-07-17,Day,0357
2010-07-17,Night,0109
2010-07-19,Day,5504
2010-07-19,Night,4820
2010-07-20,Day,1059
2010-07-20,Night,2199
2010-07-21,Day,4521
2010-07-21,Night,6443
2010-07-22,Day,0700
2010-07-22,Night,0695
2010-07-23,Day,9819
2010-07-23,Night,9563
2010-07-24,Day,9464
2010-07-24,Night,8118
2010-07-26,Day,7401
2010-07-26,Night,9932
2010-07-27,Day,6604
2010-07-27,Night,0568
2010-07-28,Day,5820
2010-07-28,Night,6136
2010-07-29,Day,7788
2010-07-29,Night,2480
2010-07-30,Day,0299
2010-07-30,Night,6841
2010-07-31,Day,9888
2010-07-31,Night,3446
2010-08-02,Day,9329
2010-08-02,Night,7124
2010-08-03,Day,8266
2010-08-03,Night,3738
2010-08-04,Day,5223
2010-08-04,Night,8053
2010-08-05,Day,1297
2010-08-05,Night,1000
2010-08-06,Day,9916
2010-08-06,Night,5138
2010-08-07,Day,2829
2010-08-07,Night,0655
2010-08-09,Day,8844
2010-08-09,Night,7791
2010-08-10,Day,6082
2010-08-10,Night,6614
2010-08-11,Day,8788
2010-08-11,Night,8690
2010-08-12,Day,9673
2010-08-12,Night,6248
2010-08-13,Day,1705
2010-08-13,Night,0192
2010-08-14,Day,1126
2010-08-14,Night,5924
2010-08-16,Day,6271
2010-08-16,Night,7884
2010-08-17,Day,9885
2010-08-17,Night,3223
2010-08-18,Day,6537
2010-08-18,Night,8517
2010-08-19,Day,3128
2010-08-19,Night,0659
2010-08-20,Day,8024
2010-08-20,Night,2756
2010-08-21,Day,9822
2010-08-21,Night,5010
2010-08-23,Day,0941
2010-08-23,Night,6125
2010-08-24,Day,9275
2010-08-24,Night,8954
2010-08-25,Day,6813
2010-08-25,Night,6841
2010-08-26,Day,9708
2010-08-26,Night,9289
2010-08-27,Day,8041
2010-08-27,Night,7273
2010-08-28,Day,5089
2010-08-28,Night,5701
2010-08-30,Day,3771
2010-08-30,Night,8290
2010-08-31,Day,3650
2010-08-31,Night,1973
2010-09-01,Day,2495
2010-09-01,Night,3370
2010-09-02,Day,3921
2010-09-02,Night,6157
2010-09-03,Day,8768
2010-09-03,Night,7364
2010-09-04,Day,2163
2010-09-04,Night,4991
2010-09-06,Day,2537
2010-09-06,Night,3552
2010-09-07,Day,6059
2010-09-07,Night,7357
2010-09-08,Day,3206
2010-09-08,Night,8585
2010-09-09,Day,8246
2010-09-09,Night,0522
2010-09-10,Day,0874
2010-09-10,Night,8893
2010-09-11,Day,6240
2010-09-11,Night,2171
2010-09-13,Day,6615
2010-09-13,Night,3075
2010-09-14,Day,9509
2010-09-14,Night,4274
2010-09-15,Day,5618
2010-09-15,Night,4363
2010-09-16,Day,4550
2010-09-16,Night,8981
2010-09-17,Day,8828
2010-09-17,Night,8618
2010-09-18,Day,2348
2010-09-18,Night,7354
2010-09-20,Day,5441
2010-09-20,Night,5024
2010-09-21,Day,0069
2010-09-21,Night,9494
2010-09-22,Day,3381
2010-09-22,Night,2589
2010-09-23,Day,9365
2010-09-23,Night,5100
2010-09-24,Day,4110
2010-09-24,Night,4375
2010-09-25,Day,4064
2010-09-25,Night,6022
2010-09-27,Day,2962
2010-09-27,Night,5979
2010-09-28,Day,7039
2010-09-28,Night,3900
2010-09-29,Day,5419
2010-09-29,Night,7281
2010-09-30,Day,0963
2010-09-30,Night,1691
2010-10-01,Day,9581
2010-10-01,Night,5478
2010-10-02,Day,5087
2010-10-02,Night,6138
2010-10-04,Day,8938
2010-10-04,Night,1655
2010-10-05,Day,4090
2010-10-05,Night,7548
2010-10-06,Day,0620
2010-10-06,Night,6264
2010-10-07,Day,8739
2010-10-07,Night,5652
2010-10-08,Day,4903
2010-10-08,Night,7432
2010-10-09,Day,9204
2010-10-09,Night,7203
2010-10-11,Day,0785
2010-10-11,Night,3240
2010-10-12,Day,2391
2010-10-12,Night,5319
2010-10-13,Day,6286
2010-10-13,Night,4149
2010-10-14,Day,2191
2010-10-14,Night,8083
2010-10-15,Day,0532
2010-10-15,Night,6147
2010-10-16,Day,7044
2010-10-16,Night,2454
2010-10-18,Day,4415
2010-10-18,Night,2584
2010-10-19,Day,1228
2010-10-19,Night,1384
2010-10-20,Day,5816
2010-10-20,Night,1015
2010-10-21,Day,1928
2010-10-21,Night,0245
2010-10-22,Day,3477
2010-10-22,Night,2918
2010-10-23,Day,7363
2010-10-23,Night,1958
2010-10-25,Day,9647
2010-10-25,Night,4700
2010-10-26,Day,8942
2010-10-26,Night,2742
2010-10-27,Day,9240
2010-10-27,Night,0576
2010-10-28,Day,1966
2010-10-28,Night,1113
2010-10-29,Day,1729
2010-10-29,Night,4549
2010-10-30,Day,1676
2010-10-30,Night,3605
2010-11-01,Day,4495
2010-11-01,Night,3430
2010-11-02,Day,4251
2010-11-02,Night,0980
2010-11-03,Day,7142
2010-11-03,Night,7087
2010-11-04,Day,0012
2010-11-04,Night,3768
2010-11-05,Day,0495
2010-11-05,Night,8789
2010-11-06,Day,9267
2010-11-06,Night,4313
2010-11-08,Day,1655
2010-11-08,Night,1999
2010-11-09,Day,7577
2010-11-09,Night,0364
2010-11-10,Day,7663
2010-11-10,Night,6867
2010-11-11,Day,4941
2010-11-11,Night,9575
2010-11-12,Day,7849
2010-11-12,Night,0288
2010-11-13,Day,0972
2010-11-13,Night,0013
2010-11-15,Day,3944
2010-11-15,Night,2744
2010-11-16,Day,3664
2010-11-16,Night,9720
2010-11-17,Day,7735
2010-11-17,Night,8113
2010-11-18,Day,7031
2010-11-18,Night,8243
2010-11-19,Day,3742
2010-11-19,Night,0571
2010-11-20,Day,0433
2010-11-20,Night,4285
2010-11-22,Day,5924
2010-11-22,Night,2257
2010-11-23,Day,3620
2010-11-23,Night,0823
2010-11-24,Day,2576
2010-11-24,Night,5237
2010-11-25,Day,9756
2010-11-25,Night,9131
2010-11-26,Day,7106
2010-11-26,Night,9059
2010-11-27,Day,9981
2010-11-27,Night,7983
2010-11-29,Day,9419
2010-11-29,Night,1011
2010-11-30,Day,4178
2010-11-30,Night,3770
2010-12-01,Day,7405
2010-12-01,Night,6686
2010-12-02,Day,4065
2010-12-02,Night,2315
2010-12-03,Day,1957
2010-12-03,Night,9675
2010-12-04,Day,2164
2010-12-04,Night,2244
2010-12-06,Day,7033
2010-12-06,Night,4593
2010-12-07,Day,6098
2010-12-07,Night,9316
2010-12-08,Day,1785
2010-12-08,Night,6988
2010-12-09,Day,1278
2010-12-09,Night,8097
2010-12-10,Day,7605
2010-12-10,Night,5875
2010-12-11,Day,1416
2010-12-11,Night,2551
2010-12-13,Day,0856
2010-12-13,Night,0089
2010-12-14,Day,6569
2010-12-14,Night,8179
2010-12-15,Day,8004
2010-12-15,Night,6074
2010-12-16,Day,3794
2010-12-16,Night,2706
2010-12-17,Day,3682
2010-12-17,Night,9685
2010-12-18,Day,2176
2010-12-18,Night,0103
2010-12-20,Day,8686
2010-12-20,Night,6912
2010-12-21,Day,8852
2010-12-21,Night,3985
2010-12-22,Day,5049
2010-12-22,Night,8451
2010-12-23,Day,2590
2010-12-23,Night,8949
2010-12-24,Day,9319
2010-12-24,Night,8176
2010-12-27,Day,9218
2010-12-27,Night,9990
2010-12-28,Day,0545
2010-12-28,Night,0145
2010-12-29,Day,8454
2010-12-29,Night,3730
2010-12-30,Day,3767
2010-12-30,Night,8219
2010-12-31,Day,5471
2010-12-31,Night,5119
2011-01-01,Day,7899
2011-01-01,Night,6749
2011-01-03,Day,8364
2011-01-03,Night,3053
2011-01-04,Day,8392
2011-01-04,Night,9995
2011-01-05,Day,2508
2011-01-05,Night,2724
2011-01-06,Day,1021
2011-01-06,Night,8187
2011-01-07,Day,5685
2011-01-07,Night,9044
2011-01-08,Day,5870
2011-01-08,Night,1642
2011-01-10,Day,6784
2011-01-10,Night,6017
2011-01-11,Day,1207
2011-01-11,Night,4668
2011-01-12,Day,0620
2011-01-12,Night,1361
2011-01-13,Day,6453
2011-01-13,Night,1529
2011-01-14,Day,5357
2011-01-14,Night,4005
2011-01-15,Day,3022
2011-01-15,Night,8173
2011-01-17,Day,3495
2011-01-17,Night,2931
2011-01-18,Day,2208
2011-01-18,Night,2444
2011-01-19,Day,3711
2011-01-19,Night,1742
2011-01-20,Day,0679
2011-01-20,Night,0752
2011-01-21,Day,6061
2011-01-21,Night,4031
2011-01-22,Day,3058
2011-01-22,Night,2015
2011-01-24,Day,0099
2011-01-24,Night,4476
2011-01-25,Day,1954
2011-01-25,Night,2685
2011-01-26,Day,8644
2011-01-26,Night,9034
2011-01-27,Day,3376
2011-01-27,Night,3742
2011-01-28,Day,8771
2011-01-28,Night,6219
2011-01-29,Day,4074
2011-01-29,Night,3764
2011-01-31,Day,9695
2011-01-31,Night,3227
2011-02-01,Day,7733
2011-02-01,Night,7971
2011-02-02,Day,4133
2011-02-02,Night,7842
2011-02-03,Day,7952
2011-02-03,Night,6437
2011-02-04,Day,4317
2011-02-04,Night,0280
2011-02-05,Day,2169
2011-02-05,Night,4313
2011-02-07,Day,6629
2011-02-07,Night,7939
2011-02-08,Day,6474
2011-02-08,Night,3500
2011-02-09,Day,0161
2011-02-09,Night,3562
2011-02-10,Day,5749
2011-02-10,Night,3880
2011-02-11,Day,7099
2011-02-11,Night,1699
2011-02-12,Day,0410
2011-02-12,Night,0508
2011-02-14,Day,4482
2011-02-14,Night,2059
2011-02-15,Day,5928
2011-02-15,Night,5261
2011-02-16,Day,1028
2011-02-16,Night,8204
2011-02-17,Day,9031
2011-02-17,Night,4454
2011-02-18,Day,9751
2011-02-18,Night,0594
2011-02-19,Day,6667
2011-02-19,Night,5622
2011-02-21,Day,3704
2011-02-21,Night,9255
2011-02-22,Day,3739
2011-02-22,Night,1223
2011-02-23,Day,4080
2011-02-23,Night,3258
2011-02-24,Day,7270
2011-02-24,Night,4362
2011-02-25,Day,8443
2011-02-25,Night,4912
2011-02-26,Day,4664
2011-02-26,Night,0413
2011-02-28,Day,9084
2011-02-28,Night,2641
2011-03-01,Day,6092
2011-03-01,Night,9927
2011-03-02,Day,0990
2011-03-02,Night,1772
2011-03-03,Day,5232
2011-03-03,Night,1399
2011-03-04,Day,4897
2011-03-04,Night,4628
2011-03-05,Day,0882
2011-03-05,Night,8570
2011-03-07,Day,2046
2011-03-07,Night,1991
2011-03-08,Day,6186
2011-03-08,Night,8468
2011-03-09,Day,7000
2011-03-09,Night,9402
2011-03-10,Day,5569
2011-03-10,Night,0761
2011-03-11,Day,9019
2011-03-11,Night,5538
2011-03-12,Day,5303
2011-03-12,Night,1386
2011-03-14,Day,8841
2011-03-14,Night,8590
2011-03-15,Day,6127
2011-03-15,Night,7134
2011-03-16,Day,9787
2011-03-16,Night,5497
2011-03-17,Day,7906
2011-03-17,Night,7912
2011-03-18,Day,3461
2011-03-18,Night,0532
2011-03-19,Day,3679
2011-03-19,Night,5990
2011-03-21,Day,8543
2011-03-21,Night,1368
2011-03-22,Day,5746
2011-03-22,Night,5114
2011-03-23,Day,9171
2011-03-23,Night,4891
2011-03-24,Day,5669
2011-03-24,Night,9358
2011-03-25,Day,9501
2011-03-25,Night,1252
2011-03-26,Day,8686
2011-03-26,Night,9835
2011-03-28,Day,8621
2011-03-28,Night,2844
2011-03-29,Day,9686
2011-03-29,Night,8272
2011-03-30,Day,8687
2011-03-30,Night,4001
2011-03-31,Day,1530
2011-03-31,Night,5270
2011-04-01,Day,6254
2011-04-01,Night,5077
2011-04-02,Day,3992
2011-04-02,Night,7536
2011-04-04,Day,3971
2011-04-04,Night,5176
2011-04-05,Day,5297
2011-04-05,Night,9332
2011-04-06,Day,7478
2011-04-06,Night,3389
2011-04-07,Day,9079
2011-04-07,Night,2235
2011-04-08,Day,1047
2011-04-08,Night,6413
2011-04-09,Day,8556
2011-04-09,Night,3785
2011-04-11,Day,9861
2011-04-11,Night,4002
2011-04-12,Day,9343
2011-04-12,Night,2045
2011-04-13,Day,5461
2011-04-13,Night,5841
2011-04-14,Day,3795
2011-04-14,Night,4757
2011-04-15,Day,5728
2011-04-15,Night,5566
2011-04-16,Day,4182
2011-04-16,Night,3377
2011-04-18,Day,6719
2011-04-18,Night,7760
2011-04-19,Day,5927
2011-04-19,Night,9765
2011-04-20,Day,6343
2011-04-20,Night,8827
2011-04-21,Day,4637
2011-04-21,Night,3940
2011-04-22,Day,0961
2011-04-22,Night,3730
2011-04-23,Day,6890
2011-04-23,Night,8166
2011-04-25,Day,8296
2011-04-25,Night,8225
2011-04-26,Day,7653
2011-04-26,Night,2842
2011-04-27,Day,5430
2011-04-27,Night,3173
2011-04-28,Day,9997
2011-04-28,Night,5955
2011-04-29,Day,8217
2011-04-29,Night,4304
2011-04-30,Day,7207
2011-04-30,Night,8604
2011-05-02,Day,0375
2011-05-02,Night,3239
2011-05-03,Day,7034
2011-05-03,Night,3752
2011-05-04,Day,8598
2011-05-04,Night,6583
2011-05-05,Day,8035
2011-05-05,Night,3252
2011-05-06,Day,0528
2011-05-06,Night,0171
2011-05-07,Day,8261
2011-05-07,Night,3291
2011-05-09,Day,7602
2011-05-09,Night,6556
2011-05-10,Day,6213
2011-05-10,Night,1304
2011-05-11,Day,6537
2011-05-11,Night,3420
2011-05-12,Day,0884
2011-05-12,Night,0088
2011-05-13,Day,8082
2011-05-13,Night,2627
2011-05-14,Day,9294
2011-05-14,Night,0304
2011-05-16,Day,8258
2011-05-16,Night,7966
2011-05-17,Day,4579
2011-05-17,Night,0907
2011-05-18,Day,1897
2011-05-18,Night,7518
2011-05-19,Day,1231
2011-05-19,Night,5953
2011-05-20,Day,1369
2011-05-20,Night,5088
2011-05-21,Day,6676
2011-05-21,Night,9716
2011-05-23,Day,9087
2011-05-23,Night,4460
2011-05-24,Day,0773
2011-05-24,Night,2124
2011-05-25,Day,1196
2011-05-25,Night,5778
2011-05-26,Day,0240
2011-05-26,Night,7706
2011-05-27,Day,4671
2011-05-27,Night,0116
2011-05-28,Day,5671
2011-05-28,Night,7904
2011-05-30,Day,2472
2011-05-30,Night,2811
2011-05-31,Day,4984
2011-05-31,Night,4090
2011-06-01,Day,7166
2011-06-01,Night,6234
2011-06-02,Day,5199
2011-06-02,Night,7586
2011-06-03,Day,4674
2011-06-03,Night,1188
2011-06-04,Day,3776
2011-06-04,Night,4646
2011-06-06,Day,6515
2011-06-06,Night,3987
2011-06-07,Day,4546
2011-06-07,Night,3652
2011-06-08,Day,3648
2011-06-08,Night,9929
2011-06-09,Day,9278
2011-06-09,Night,5970
2011-06-10,Day,1915
2011-06-10,Night,8291
2011-06-11,Day,8577
2011-06-11,Night,7372
2011-06-13,Day,3944
2011-06-13,Night,5845
2011-06-14,Day,6636
2011-06-14,Night,1089
2011-06-15,Day,4335
2011-06-15,Night,1158
2011-06-16,Day,1640
2011-06-16,Night,7759
2011-06-17,Day,4401
2011-06-17,Night,2913
2011-06-18,Day,4642
2011-06-18,Night,1430
2011-06-20,Day,9290
2011-06-20,Night,7671
2011-06-21,Day,2883
2011-06-21,Night,5564
2011-06-22,Day,7895
2011-06-22,Night,0300
2011-06-23,Day,7796
2011-06-23,Night,2298
2011-06-24,Day,8823
2011-06-24,Night,8829
2011-06-25,Day,1311
2011-06-25,Night,2224
2011-06-27,Day,5182
2011-06-27,Night,5796
2011-06-28,Day,9415
2011-06-28,Night,7748
2011-06-29,Day,6735
2011-06-29,Night,1148
2011-06-30,Day,2808
2011-06-30,Night,3253
2011-07-01,Day,7406
2011-07-01,Night,7107
2011-07-02,Day,5972
2011-07-02,Night,6032
2011-07-04,Day,5764
2011-07-04,Night,0420
2011-07-05,Day,8277
2011-07-05,Night,2815
2011-07-06,Day,3792
2011-07-06,Night,3170
2011-07-07,Day,7285
2011-07-07,Night,6244
2011-07-08,Day,0179
2011-07-08,Night,5292
2011-07-09,Day,7822
2011-07-09,Night,9147
2011-07-11,Day,9851
2011-07-11,Night,3025
2011-07-12,Day,3795
2011-07-12,Night,2219
2011-07-13,Day,9500
2011-07-13,Night,8834
2011-07-14,Day,1576
2011-07-14,Night,1444
2011-07-15,Day,3763
2011-07-15,Night,5428
2011-07-16,Day,8020
2011-07-16,Night,3195
2011-07-18,Day,6564
2011-07-18,Night,5961
2011-07-19,Day,1262
2011-07-19,Night,0374
2011-07-20,Day,4514
2011-07-20,Night,9596
2011-07-21,Day,3544
2011-07-21,Night,7700
2011-07-22,Day,5823
2011-07-22,Night,6942
2011-07-23,Day,1733
2011-07-23,Night,4161
2011-07-25,Day,1027
2011-07-25,Night,2150
2011-07-26,Day,9643
2011-07-26,Night,7738
2011-07-27,Day,8733
2011-07-27,Night,4342
2011-07-28,Day,7779
2011-07-28,Night,4360
2011-07-29,Day,2123
2011-07-29,Night,7248
2011-07-30,Day,3761
2011-07-30,Night,9001
2011-08-01,Day,6341
2011-08-01,Night,6621
2011-08-02,Day,5370
2011-08-02,Night,7541
2011-08-03,Day,6715
2011-08-03,Night,4422
2011-08-04,Day,5054
2011-08-04,Night,8875
2011-08-05,Day,8362
2011-08-05,Night,4014
2011-08-06,Day,4376
2011-08-06,Night,5946
2011-08-08,Day,0510
2011-08-08,Night,6274
2011-08-09,Day,0733
2011-08-09,Night,8441
2011-08-10,Day,5422
2011-08-10,Night,0004
2011-08-11,Day,2401
2011-08-11,Night,8905
2011-08-12,Day,9939
2011-08-12,Night,3565
2011-08-13,Day,0560
2011-08-13,Night,2436
2011-08-15,Day,4838
2011-08-15,Night,3760
2011-08-16,Day,6803
2011-08-16,Night,7774
2011-08-17,Day,8338
2011-08-17,Night,0680
2011-08-18,Day,2911
2011-08-18,Night,0604
2011-08-19,Day,9449
2011-08-19,Night,3630
2011-08-20,Day,2903
2011-08-20,Night,2348
2011-08-22,Day,2731
2011-08-22,Night,9916
2011-08-23,Day,4586
2011-08-23,Night,5155
2011-08-24,Day,4943
2011-08-24,Night,9179
2011-08-25,Day,0408
2011-08-25,Night,4119
2011-08-26,Day,6344
2011-08-26,Night,4285
2011-08-27,Day,6730
2011-08-27,Night,4520
2011-08-29,Day,0604
2011-08-29,Night,6013
2011-08-30,Day,3630
2011-08-30,Night,9520
2011-08-31,Day,3234
2011-08-31,Night,8092
2011-09-01,Day,3059
2011-09-01,Night,7837
2011-09-02,Day,5534
2011-09-02,Night,0073
2011-09-03,Day,6210
2011-09-03,Night,6757
2011-09-05,Day,3769
2011-09-05,Night,4771
2011-09-06,Day,9103
2011-09-06,Night,4303
2011-09-07,Day,6995
2011-09-07,Night,1980
2011-09-08,Day,0837
2011-09-08,Night,3853
2011-09-09,Day,1845
2011-09-09,Night,1390
2011-09-10,Day,7050
2011-09-10,Night,2566
2011-09-12,Day,4008
2011-09-12,Night,1036
2011-09-13,Day,0618
2011-09-13,Night,6128
2011-09-14,Day,5747
2011-09-14,Night,6135
2011-09-15,Day,5526
2011-09-15,Night,8401
2011-09-16,Day,1808
2011-09-16,Night,5934
2011-09-17,Day,8691
2011-09-17,Night,7271
2011-09-19,Day,5397
2011-09-19,Night,5398
2011-09-20,Day,7455
2011-09-20,Night,6442
2011-09-21,Day,6720
2011-09-21,Night,6740
2011-09-22,Day,5521
2011-09-22,Night,7668
2011-09-23,Day,4822
2011-09-23,Night,9536
2011-09-24,Day,0895
2011-09-24,Night,0490
2011-09-26,Day,6159
2011-09-26,Night,1279
2011-09-27,Day,4498
2011-09-27,Night,5007
2011-09-28,Day,2882
2011-09-28,Night,2316
2011-09-29,Day,8316
2011-09-29,Night,2580
2011-09-30,Day,4129
2011-09-30,Night,7463
2011-10-01,Day,5450
2011-10-01,Night,6932
2011-10-03,Day,6263
2011-10-03,Night,9741
2011-10-04,Day,8811
2011-10-04,Night,3817
2011-10-05,Day,3371
2011-10-05,Night,6697
2011-10-06,Day,2936
2011-10-06,Night,8566
2011-10-07,Day,2650
2011-10-07,Night,7933
2011-10-08,Day,0463
2011-10-08,Night,2774
2011-10-10,Day,2025
2011-10-10,Night,1504
2011-10-11,Day,2645
2011-10-11,Night,8230
2011-10-12,Day,0863
2011-10-12,Night,0440
2011-10-13,Day,0064
2011-10-13,Night,6421
2011-10-14,Day,5395
2011-10-14,Night,8987
2011-10-15,Day,0896
2011-10-15,Night,3726
2011-10-17,Day,3618
2011-10-17,Night,2277
2011-10-18,Day,1924
2011-10-18,Night,8445
2011-10-19,Day,7968
2011-10-19,Night,5545
2011-10-20,Day,8815
2011-10-20,Night,3568
2011-10-21,Day,8635
2011-10-21,Night,9660
2011-10-22,Day,9321
2011-10-22,Night,6003
2011-10-24,Day,6523
2011-10-24,Night,8088
2011-10-25,Day,3045
2011-10-25,Night,1516
2011-10-26,Day,5321
2011-10-26,Night,1687
2011-10-27,Day,5073
2011-10-27,Night,6646
2011-10-28,Day,2410
2011-10-28,Night,9690
2011-10-29,Day,5380
2011-10-29,Night,4314
2011-10-31,Day,8012
2011-10-31,Night,0541
2011-11-01,Day,7660
2011-11-01,Night,7977
2011-11-02,Day,3643
2011-11-02,Night,7700
2011-11-03,Day,4225
2011-11-03,Night,7102
2011-11-04,Day,6586
2011-11-04,Night,7594
2011-11-05,Day,4544
2011-11-05,Night,5759
2011-11-07,Day,6099
2011-11-07,Night,6123
2011-11-08,Day,8911
2011-11-08,Night,6550
2011-11-09,Day,7849
2011-11-09,Night,7296
2011-11-10,Day,7418
2011-11-10,Night,4296
2011-11-11,Day,4359
2011-11-11,Night,7134
2011-11-12,Day,0027
2011-11-12,Night,0988
2011-11-14,Day,0268
2011-11-14,Night,5965
2011-11-15,Day,8340
2011-11-15,Night,9495
2011-11-16,Day,0912
2011-11-16,Night,2652
2011-11-17,Day,1577
2011-11-17,Night,6817
2011-11-18,Day,8443
2011-11-18,Night,9849
2011-11-19,Day,0099
2011-11-19,Night,8752
2011-11-21,Day,2774
2011-11-21,Night,9428
2011-11-22,Day,7263
2011-11-22,Night,6245
2011-11-23,Day,1793
2011-11-23,Night,9949
2011-11-24,Day,2090
2011-11-24,Night,1983
2011-11-25,Day,3702
2011-11-25,Night,6248
2011-11-26,Day,3816
2011-11-26,Night,4253
2011-11-28,Day,0719
2011-11-28,Night,4987
2011-11-29,Day,5222
2011-11-29,Night,3139
2011-11-30,Day,2235
2011-11-30,Night,8009
2011-12-01,Day,3430
2011-12-01,Night,7026
2011-12-02,Day,7765
2011-12-02,Night,2591
2011-12-03,Day,1898
2011-12-03,Night,4796
2011-12-05,Day,0349
2011-12-05,Night,4128
2011-12-06,Day,1933
2011-12-06,Night,4025
2011-12-07,Day,2870
2011-12-07,Night,3177
2011-12-08,Day,9533
2011-12-08,Night,2097
2011-12-09,Day,7269
2011-12-09,Night,0315
2011-12-10,Day,0586
2011-12-10,Night,0316
2011-12-12,Day,8774
2011-12-12,Night,6821
2011-12-13,Day,5636
2011-12-13,Night,0058
2011-12-14,Day,9699
2011-12-14,Night,5221
2011-12-15,Day,3894
2011-12-15,Night,1218
2011-12-16,Day,2168
2011-12-16,Night,1831
2011-12-17,Day,8431
2011-12-17,Night,0432
2011-12-19,Day,0000
2011-12-19,Night,1056
2011-12-20,Day,5370
2011-12-20,Night,4036
2011-12-21,Day,5956
2011-12-21,Night,3612
2011-12-22,Day,5725
2011-12-22,Night,9516
2011-12-23,Day,6601
2011-12-23,Night,2048
2011-12-24,Day,7482
2011-12-24,Night,3164
2011-12-26,Day,2906
2011-12-26,Night,4384
2011-12-27,Day,8350
2011-12-27,Night,0788
2011-12-28,Day,5251
2011-12-28,Night,4956
2011-12-29,Day,5554
2011-12-29,Night,5033
2011-12-30,Day,0326
2011-12-30,Night,4134
2011-12-31,Day,5225
2011-12-31,Night,6096
2012-01-02,Day,9971
2012-01-02,Night,0347
2012-01-03,Day,0234
2012-01-03,Night,6948
2012-01-04,Day,6220
2012-01-04,Night,1257
2012-01-05,Day,2019
2012-01-05,Night,8638
2012-01-06,Day,1331
2012-01-06,Night,4666
2012-01-07,Day,4589
2012-01-07,Night,2433
2012-01-09,Day,4405
2012-01-09,Night,0069
2012-01-10,Day,8393
2012-01-10,Night,8564
2012-01-11,Day,9861
2012-01-11,Night,3784
2012-01-12,Day,0153
2012-01-12,Night,5003
2012-01-13,Day,1910
2012-01-13,Night,7852
2012-01-14,Day,6751
2012-01-14,Night,7898
2012-01-16,Day,6244
2012-01-16,Night,2632
2012-01-17,Day,8228
2012-01-17,Night,3719
2012-01-18,Day,3612
2012-01-18,Night,1688
2012-01-19,Day,8297
2012-01-19,Night,7237
2012-01-20,Day,6230
2012-01-20,Night,4015
2012-01-21,Day,6425
2012-01-21,Night,8385
2012-01-23,Day,9540
2012-01-23,Night,8278
2012-01-24,Day,6579
2012-01-24,Night,4959
2012-01-25,Day,3799
2012-01-25,Night,5686
2012-01-26,Day,0483
2012-01-26,Night,9851
2012-01-27,Day,7297
2012-01-27,Night,2242
2012-01-28,Day,2239
2012-01-28,Night,6827
2012-01-30,Day,4893
2012-01-30,Night,9190
2012-01-31,Day,3782
2012-01-31,Night,9969
2012-02-01,Day,0961
2012-02-01,Night,5263
2012-02-02,Day,6398
2012-02-02,Night,2365
2012-02-03,Day,8081
2012-02-03,Night,7492
2012-02-04,Day,8396
2012-02-04,Night,6119
2012-02-06,Day,7846
2012-02-06,Night,3723
2012-02-07,Day,6151
2012-02-07,Night,5413
2012-02-08,Day,0450
2012-02-08,Night,6635
2012-02-09,Day,0067
2012-02-09,Night,5332
2012-02-10,Day,1354
2012-02-10,Night,7971
2012-02-11,Day,6289
2012-02-11,Night,8395
2012-02-13,Day,2262
2012-02-13,Night,7717
2012-02-14,Day,8724
2012-02-14,Night,3635
2012-02-15,Day,6027
2012-02-15,Night,5820
2012-02-16,Day,3610
2012-02-16,Night,9506
2012-02-17,Day,4612
2012-02-17,Night,6348
2012-02-18,Day,5379
2012-02-18,Night,6204
2012-02-20,Day,7652
2012-02-20,Night,4778
2012-02-21,Day,0578
2012-02-21,Night,8543
2012-02-22,Day,5987
2012-02-22,Night,4908
2012-02-23,Day,2404
2012-02-23,Night,8513
2012-02-24,Day,8802
2012-02-24,Night,6377
2012-02-25,Day,5399
2012-02-25,Night,7966
2012-02-27,Day,0433
2012-02-27,Night,9787
2012-02-28,Day,8836
2012-02-28,Night,4957
2012-02-29,Day,3046
2012-02-29,Night,6287
2012-03-01,Day,7405
2012-03-01,Night,9740
2012-03-02,Day,6289
2012-03-02,Night,1103
2012-03-03,Day,5783
2012-03-03,Night,0803
2012-03-05,Day,6075
2012-03-05,Night,9406
2012-03-06,Day,7173
2012-03-06,Night,9089
2012-03-07,Day,6004
2012-03-07,Night,0648
2012-03-08,Day,6295
2012-03-08,Night,7336
2012-03-09,Day,7813
2012-03-09,Night,3237
2012-03-10,Day,2131
2012-03-10,Night,1700
2012-03-12,Day,8014
2012-03-12,Night,7190
2012-03-13,Day,9623
2012-03-13,Night,7979
2012-03-14,Day,0556
2012-03-14,Night,0992
2012-03-15,Day,3555
2012-03-15,Night,5990
2012-03-16,Day,6644
2012-03-16,Night,5702
2012-03-17,Day,9067
2012-03-17,Night,0575
2012-03-19,Day,4606
2012-03-19,Night,8321
2012-03-20,Day,9332
2012-03-20,Night,4645
2012-03-21,Day,8601
2012-03-21,Night,1740
2012-03-22,Day,2362
2012-03-22,Night,0754
2012-03-23,Day,1537
2012-03-23,Night,4110
2012-03-24,Day,7878
2012-03-24,Night,7274
2012-03-26,Day,4751
2012-03-26,Night,3883
2012-03-27,Day,0481
2012-03-27,Night,6707
2012-03-28,Day,2903
2012-03-28,Night,9576
2012-03-29,Day,4902
2012-03-29,Night,2616
2012-03-30,Day,0444
2012-03-30,Night,9070
2012-03-31,Day,1527
2012-03-31,Night,2639
2012-04-02,Day,7063
2012-04-02,Night,1256
2012-04-03,Day,8830
2012-04-03,Night,1765
2012-04-04,Day,6310
2012-04-04,Night,3626
2012-04-05,Day,0736
2012-04-05,Night,2579
2012-04-06,Day,4902
2012-04-06,Night,0509
2012-04-07,Day,8852
2012-04-07,Night,6751
2012-04-09,Day,8740
2012-04-09,Night,1630
2012-04-10,Day,8152
2012-04-10,Night,1322
2012-04-11,Day,5831
2012-04-11,Night,8050
2012-04-12,Day,7728
2012-04-12,Night,1483
2012-04-13,Day,1965
2012-04-13,Night,4197
2012-04-14,Day,9504
2012-04-14,Night,4373
2012-04-16,Day,2204
2012-04-16,Night,1919
2012-04-17,Day,8027
2012-04-17,Night,3894
2012-04-18,Day,3947
2012-04-18,Night,0070
2012-04-19,Day,1529
2012-04-19,Night,8861
2012-04-20,Day,2670
2012-04-20,Night,3580
2012-04-21,Day,4239
2012-04-21,Night,7725
2012-04-23,Day,9525
2012-04-23,Night,1812
2012-04-24,Day,2808
2012-04-24,Night,5249
2012-04-25,Day,0197
2012-04-25,Night,1824
2012-04-26,Day,7939
2012-04-26,Night,4988
2012-04-27,Day,3618
2012-04-27,Night,4063
2012-04-28,Day,6008
2012-04-28,Night,4692
2012-04-30,Day,1740
2012-04-30,Night,5096
2012-05-01,Day,9075
2012-05-01,Night,4177
2012-05-02,Day,9148
2012-05-02,Night,5891
2012-05-03,Day,2871
2012-05-03,Night,3053
2012-05-04,Day,0267
2012-05-04,Night,8077
2012-05-05,Day,6269
2012-05-05,Night,8610
2012-05-07,Day,2680
2012-05-07,Night,1093
2012-05-08,Day,9501
2012-05-08,Night,6614
2012-05-09,Day,1694
2012-05-09,Night,6129
2012-05-10,Day,0714
2012-05-10,Night,6877
2012-05-11,Day,1283
2012-05-11,Night,6058
2012-05-12,Day,0570
2012-05-12,Night,5037
2012-05-14,Day,3769
2012-05-14,Night,2231
2012-05-15,Day,1615
2012-05-15,Night,0842
2012-05-16,Day,4612
2012-05-16,Night,5320
2012-05-17,Day,2555
2012-05-17,Night,6887
2012-05-18,Day,2480
2012-05-18,Night,4856
2012-05-19,Day,2203
2012-05-19,Night,0105
2012-05-21,Day,4460
2012-05-21,Night,4227
2012-05-22,Day,1795
2012-05-22,Night,6127
2012-05-23,Day,6389
2012-05-23,Night,5770
2012-05-24,Day,3471
2012-05-24,Night,0539
2012-05-25,Day,7811
2012-05-25,Night,0289
2012-05-26,Day,5023
2012-05-26,Night,8692
2012-05-28,Day,9843
2012-05-28,Night,5437
2012-05-29,Day,5641
2012-05-29,Night,5786
2012-05-30,Day,3602
2012-05-30,Night,3595
2012-05-31,Day,1323
2012-05-31,Night,2014
2012-06-01,Day,3500
2012-06-01,Night,2954
2012-06-02,Day,6507
2012-06-02,Night,8521
2012-06-04,Day,1324
2012-06-04,Night,8608
2012-06-05,Day,8441
2012-06-05,Night,4521
2012-06-06,Day,4582
2012-06-06,Night,1831
2012-06-07,Day,0657
2012-06-07,Night,8478
2012-06-08,Day,6847
2012-06-08,Night,1675
2012-06-09,Day,3848
2012-06-09,Night,7502
2012-06-11,Day,4910
2012-06-11,Night,0607
2012-06-12,Day,1206
2012-06-12,Night,1342
2012-06-13,Day,3431
2012-06-13,Night,9321
2012-06-14,Day,7305
2012-06-14,Night,1009
2012-06-15,Day,2764
2012-06-15,Night,0846
2012-06-16,Day,4955
2012-06-16,Night,2461
2012-06-18,Day,2000
2012-06-18,Night,3080
2012-06-19,Day,5657
2012-06-19,Night,3029
2012-06-20,Day,3447
2012-06-20,Night,5801
2012-06-21,Day,1819
2012-06-21,Night,0529
2012-06-22,Day,6581
2012-06-22,Night,7482
2012-06-23,Day,8591
2012-06-23,Night,0412
2012-06-25,Day,4867
2012-06-25,Night,6971
2012-06-26,Day,4357
2012-06-26,Night,1137
2012-06-27,Day,8318
2012-06-27,Night,5810
2012-06-28,Day,8416
2012-06-28,Night,8387
2012-06-29,Day,6074
2012-06-29,Night,4170
2012-06-30,Day,9345
2012-06-30,Night,5651
2012-07-02,Day,6710
2012-07-02,Night,7738
2012-07-03,Day,7753
2012-07-03,Night,8026
2012-07-04,Day,8415
2012-07-04,Night,6230
2012-07-05,Day,6487
2012-07-05,Night,4188
2012-07-06,Day,9496
2012-07-06,Night,1370
2012-07-07,Day,8426
2012-07-07,Night,6171
2012-07-09,Day,5206
2012-07-09,Night,2508
2012-07-10,Day,4415
2012-07-10,Night,0759
2012-07-11,Day,0741
2012-07-11,Night,0169
2012-07-12,Day,0570
2012-07-12,Night,3175
2012-07-13,Day,0227
2012-07-13,Night,5930
2012-07-14,Day,1265
2012-07-14,Night,2067
2012-07-16,Day,7592
2012-07-16,Night,4427
2012-07-17,Day,7089
2012-07-17,Night,8525
2012-07-18,Day,1989
2012-07-18,Night,1346
2012-07-19,Day,0212
2012-07-19,Night,2797
2012-07-20,Day,2043
2012-07-20,Night,9105
2012-07-21,Day,6914
2012-07-21,Night,7384
2012-07-23,Day,0641
2012-07-23,Night,7333
2012-07-24,Day,0499
2012-07-24,Night,4230
2012-07-25,Day,1575
2012-07-25,Night,6110
2012-07-26,Day,7723
2012-07-26,Night,7682
2012-07-27,Day,8379
2012-07-27,Night,8977
2012-07-28,Day,9009
2012-07-28,Night,1638
2012-07-30,Day,2670
2012-07-30,Night,1430
2012-07-31,Day,1030
2012-07-31,Night,4902
2012-08-01,Day,2581
2012-08-01,Night,3580
2012-08-02,Day,4229
2012-08-02,Night,3859
2012-08-03,Day,4511
2012-08-03,Night,2084
2012-08-04,Day,6305
2012-08-04,Night,4311
2012-08-06,Day,5598
2012-08-06,Night,3498
2012-08-07,Day,8687
2012-08-07,Night,7374
2012-08-08,Day,1132
2012-08-08,Night,7065
2012-08-09,Day,3971
2012-08-09,Night,4807
2012-08-10,Day,7132
2012-08-10,Night,8872
2012-08-11,Day,5936
2012-08-11,Night,3155
2012-08-13,Day,8299
2012-08-13,Night,3267
2012-08-14,Day,4594
2012-08-14,Night,1560
2012-08-15,Day,4035
2012-08-15,Night,8088
2012-08-16,Day,5298
2012-08-16,Night,0759
2012-08-17,Day,4397
2012-08-17,Night,7036
2012-08-18,Day,0099
2012-08-18,Night,7064
2012-08-20,Day,7909
2012-08-20,Night,1367
2012-08-21,Day,8067
2012-08-21,Night,6490
2012-08-22,Day,2434
2012-08-22,Night,6241
2012-08-23,Day,2586
2012-08-23,Night,1627
2012-08-24,Day,5403
2012-08-24,Night,9659
2012-08-25,Day,7570
2012-08-25,Night,9435
2012-08-27,Day,0765
2012-08-27,Night,5648
2012-08-28,Day,9947
2012-08-28,Night,6965
2012-08-29,Day,3512
2012-08-29,Night,2227
2012-08-30,Day,3675
2012-08-30,Night,4680
2012-08-31,Day,2317
2012-08-31,Night,6118
2012-09-01,Day,1958
2012-09-01,Night,9766
2012-09-03,Day,8567
2012-09-03,Night,0405
2012-09-04,Day,7449
2012-09-04,Night,3008
2012-09-05,Day,4635
2012-09-05,Night,8759
2012-09-06,Day,7868
2012-09-06,Night,1359
2012-09-07,Day,5083
2012-09-07,Night,8046
2012-09-08,Day,8817
2012-09-08,Night,6785
2012-09-10,Day,8737
2012-09-10,Night,0813
2012-09-11,Day,2822
2012-09-11,Night,1254
2012-09-12,Day,6073
2012-09-12,Night,3847
2012-09-13,Day,8529
2012-09-13,Night,1402
2012-09-14,Day,7636
2012-09-14,Night,8285
2012-09-15,Day,8248
2012-09-15,Night,5651
2012-09-17,Day,0345
2012-09-17,Night,8630
2012-09-18,Day,0963
2012-09-18,Night,0957
2012-09-19,Day,7328
2012-09-19,Night,1374
2012-09-20,Day,1742
2012-09-20,Night,8986
2012-09-21,Day,8654
2012-09-21,Night,9069
2012-09-22,Day,4061
2012-09-22,Night,5174
2012-09-24,Day,7742
2012-09-24,Night,7963
2012-09-25,Day,8453
2012-09-25,Night,0779
2012-09-26,Day,6635
2012-09-26,Night,5503
2012-09-27,Day,1533
2012-09-27,Night,1428
2012-09-28,Day,9422
2012-09-28,Night,2971
2012-09-29,Day,6772
2012-09-29,Night,7537
2012-10-01,Day,8229
2012-10-01,Night,0338
2012-10-02,Day,5456
2012-10-02,Night,3144
2012-10-03,Day,2902
2012-10-03,Night,7974
2012-10-04,Day,0172
2012-10-04,Night,4452
2012-10-05,Day,0934
2012-10-05,Night,0052
2012-10-06,Day,8474
2012-10-06,Night,0521
2012-10-08,Day,1558
2012-10-08,Night,8520
2012-10-09,Day,9254
2012-10-09,Night,7290
2012-10-10,Day,4668
2012-10-10,Night,4594
2012-10-11,Day,6101
2012-10-11,Night,9983
2012-10-12,Day,8482
2012-10-12,Night,6263
2012-10-13,Day,7757
2012-10-13,Night,1983
2012-10-15,Day,0763
2012-10-15,Night,4113
2012-10-16,Day,8929
2012-10-16,Night,2374
2012-10-17,Day,9306
2012-10-17,Night,2888
2012-10-18,Day,7062
2012-10-18,Night,3480
2012-10-19,Day,4450
2012-10-19,Night,6097
2012-10-20,Day,7863
2012-10-20,Night,1726
2012-10-22,Day,0552
2012-10-22,Night,8194
2012-10-23,Day,4449
2012-10-23,Night,0266
2012-10-24,Day,1500
2012-10-24,Night,3274
2012-10-25,Day,6843
2012-10-25,Night,1009
2012-10-26,Day,6911
2012-10-26,Night,4492
2012-10-27,Day,8002
2012-10-27,Night,6079
2012-10-29,Day,2475
2012-10-29,Night,6618
2012-10-30,Day,5997
2012-10-30,Night,2365
2012-10-31,Day,5649
2012-10-31,Night,1685
2012-11-01,Day,2064
2012-11-01,Night,3720
2012-11-02,Day,0633
2012-11-02,Night,5109
2012-11-03,Day,1468
2012-11-03,Night,3325
2012-11-05,Day,7317
2012-11-05,Night,1246
2012-11-06,Day,7724
2012-11-06,Night,3115
2012-11-07,Day,8064
2012-11-07,Night,6676
2012-11-08,Day,4102
2012-11-08,Night,0800
2012-11-09,Day,9892
2012-11-09,Night,0921
2012-11-10,Day,6101
2012-11-10,Night,6072
2012-11-12,Day,6652
2012-11-12,Night,8011
2012-11-13,Day,3670
2012-11-13,Night,7973
2012-11-14,Day,7748
2012-11-14,Night,1089
2012-11-15,Day,1496
2012-11-15,Night,9473
2012-11-16,Day,6549
2012-11-16,Night,5416
2012-11-17,Day,4611
2012-11-17,Night,2938
2012-11-19,Day,3582
2012-11-19,Night,4278
2012-11-20,Day,4113
2012-11-20,Night,6556
2012-11-21,Day,4118
2012-11-21,Night,7136
2012-11-22,Day,5784
2012-11-22,Night,6968
2012-11-23,Day,3080
2012-11-23,Night,2511
2012-11-24,Day,8409
2012-11-24,Night,9010
2012-11-26,Day,7423
2012-11-26,Night,4928
2012-11-27,Day,0748
2012-11-27,Night,0664
2012-11-28,Day,1370
2012-11-28,Night,1240
2012-11-29,Day,2627
2012-11-29,Night,3161
2012-11-30,Day,6651
2012-11-30,Night,7321
2012-12-01,Day,7505
2012-12-01,Night,2582
2012-12-03,Day,8121
2012-12-03,Night,2146
2012-12-04,Day,5167
2012-12-04,Night,0008
2012-12-05,Day,2513
2012-12-05,Night,7667
2012-12-06,Day,0261
2012-12-06,Night,3432
2012-12-07,Day,8331
2012-12-07,Night,9148
2012-12-08,Day,5064
2012-12-08,Night,4751
2012-12-10,Day,6458
2012-12-10,Night,6266
2012-12-11,Day,1213
2012-12-11,Night,5306
2012-12-12,Day,8954
2012-12-12,Night,0380
2012-12-13,Day,6828
2012-12-13,Night,0828
2012-12-14,Day,8700
2012-12-14,Night,8060
2012-12-15,Day,1767
2012-12-15,Night,4380
2012-12-17,Day,9506
2012-12-17,Night,2881
2012-12-18,Day,4223
2012-12-18,Night,6660
2012-12-19,Day,8515
2012-12-19,Night,2746
2012-12-20,Day,6357
2012-12-20,Night,5560
2012-12-21,Day,3058
2012-12-21,Night,6248
2012-12-22,Day,3231
2012-12-22,Night,0120
2012-12-24,Day,4367
2012-12-24,Night,3536
2012-12-26,Day,3247
2012-12-26,Night,2406
2012-12-27,Day,5793
2012-12-27,Night,3774
2012-12-28,Day,1846
2012-12-28,Night,5397
2012-12-29,Day,8727
2012-12-29,Night,9778
2012-12-31,Day,7897
2012-12-31,Night,7370
2013-01-01,Day,2457
2013-01-01,Night,3285
2013-01-02,Day,6006
2013-01-02,Night,5248
2013-01-03,Day,4843
2013-01-03,Night,4993
2013-01-04,Day,7569
2013-01-04,Night,3936
2013-01-05,Day,9160
2013-01-05,Night,1454
2013-01-07,Day,3445
2013-01-07,Night,6130
2013-01-08,Day,6594
2013-01-08,Night,0067
2013-01-09,Day,7343
2013-01-09,Night,8467
2013-01-10,Day,4398
2013-01-10,Night,7818
2013-01-11,Day,7817
2013-01-11,Night,6137
2013-01-12,Day,1490
2013-01-12,Night,3070
2013-01-14,Day,5024
2013-01-14,Night,9565
2013-01-15,Day,5230
2013-01-15,Night,2846
2013-01-16,Day,2436
2013-01-16,Night,5993
2013-01-17,Day,8969
2013-01-17,Night,7976
2013-01-18,Day,9514
2013-01-18,Night,4832
2013-01-19,Day,8490
2013-01-19,Night,8123
2013-01-21,Day,6036
2013-01-21,Night,2715
2013-01-22,Day,0056
2013-01-22,Night,8688
2013-01-23,Day,4148
2013-01-23,Night,8020
2013-01-24,Day,4576
2013-01-24,Night,1243
2013-01-25,Day,9797
2013-01-25,Night,0197
2013-01-26,Day,3689
2013-01-26,Night,9064
2013-01-28,Day,1479
2013-01-28,Night,9371
2013-01-29,Day,4667
2013-01-29,Night,3269
2013-01-30,Day,1007
2013-01-30,Night,5884
2013-01-31,Day,4272
2013-01-31,Night,6243
2013-02-01,Day,0583
2013-02-01,Night,7387
2013-02-02,Day,4125
2013-02-02,Night,9269
2013-02-04,Day,4313
2013-02-04,Night,5915
2013-02-05,Day,3770
2013-02-05,Night,3952
2013-02-06,Day,1996
2013-02-06,Night,7752
2013-02-07,Day,9109
2013-02-07,Night,0436
2013-02-08,Day,5721
2013-02-08,Night,6988
2013-02-09,Day,7149
2013-02-09,Night,0729
2013-02-11,Day,5732
2013-02-11,Night,5640
2013-02-12,Day,3743
2013-02-12,Night,5534
2013-02-13,Day,1224
2013-02-13,Night,6550
2013-02-14,Day,4176
2013-02-14,Night,3377
2013-02-15,Day,4649
2013-02-15,Night,4673
2013-02-16,Day,5835
2013-02-16,Night,6240
2013-02-18,Day,8887
2013-02-18,Night,4987
2013-02-19,Day,2809
2013-02-19,Night,0397
2013-02-20,Day,1255
2013-02-20,Night,0970
2013-02-21,Day,2498
2013-02-21,Night,9233
2013-02-22,Day,7877
2013-02-22,Night,5989
2013-02-23,Day,1509
2013-02-23,Night,3296
2013-02-25,Day,0562
2013-02-25,Night,5649
2013-02-26,Day,6703
2013-02-26,Night,8577
2013-02-27,Day,1079
2013-02-27,Night,5992
2013-02-28,Day,1836
2013-02-28,Night,8788
2013-03-01,Day,9482
2013-03-01,Night,1484
2013-03-02,Day,5784
2013-03-02,Night,6151
2013-03-04,Day,1650
2013-03-04,Night,1014
2013-03-05,Day,6145
2013-03-05,Night,8053
2013-03-06,Day,0304
2013-03-06,Night,6424
2013-03-07,Day,5839
2013-03-07,Night,4994
2013-03-08,Day,2070
2013-03-08,Night,4371
2013-03-09,Day,1032
2013-03-09,Night,0868
2013-03-11,Day,1269
2013-03-11,Night,4746
2013-03-12,Day,6323
2013-03-12,Night,2332
2013-03-13,Day,5042
2013-03-13,Night,3980
2013-03-14,Day,7508
2013-03-14,Night,8376
2013-03-15,Day,6511
2013-03-15,Night,9990
2013-03-16,Day,7176
2013-03-16,Night,2181
2013-03-18,Day,4924
2013-03-18,Night,5037
2013-03-19,Day,4028
2013-03-19,Night,1809
2013-03-20,Day,8902
2013-03-20,Night,9845
2013-03-21,Day,7619
2013-03-21,Night,1127
2013-03-22,Day,4133
2013-03-22,Night,8073
2013-03-23,Day,6950
2013-03-23,Night,4198
2013-03-25,Day,7775
2013-03-25,Night,5685
2013-03-26,Day,1436
2013-03-26,Night,0137
2013-03-27,Day,6233
2013-03-27,Night,8658
2013-03-28,Day,6971
2013-03-28,Night,6192
2013-03-29,Day,7479
2013-03-29,Night,8293
2013-03-30,Day,2447
2013-03-30,Night,2905
2013-04-01,Day,3851
2013-04-01,Night,4972
2013-04-02,Day,7757
2013-04-02,Night,7445
2013-04-03,Day,4999
2013-04-03,Night,6540
2013-04-04,Day,2994
2013-04-04,Night,5277
2013-04-05,Day,4999
2013-04-05,Night,5999
2013-04-06,Day,5137
2013-04-06,Night,9098
2013-04-08,Day,4613
2013-04-08,Night,1876
2013-04-09,Day,4517
2013-04-09,Night,1614
2013-04-10,Day,8037
2013-04-10,Night,2187
2013-04-11,Day,5204
2013-04-11,Night,5458
2013-04-12,Day,9452
2013-04-12,Night,0712
2013-04-13,Day,8797
2013-04-13,Night,6159
2013-04-15,Day,4000
2013-04-15,Night,1568
2013-04-16,Day,2425
2013-04-16,Night,4896
2013-04-17,Day,0181
2013-04-17,Night,2000
2013-04-18,Day,6405
2013-04-18,Night,3531
2013-04-19,Day,1171
2013-04-19,Night,4720
2013-04-20,Day,8831
2013-04-20,Night,9349
2013-04-22,Day,2960
2013-04-22,Night,9870
2013-04-23,Day,7396
2013-04-23,Night,0090
2013-04-24,Day,8590
2013-04-24,Night,4908
2013-04-25,Day,5296
2013-04-25,Night,3747
2013-04-26,Day,2348
2013-04-26,Night,6054
2013-04-27,Day,0071
2013-04-27,Night,1204
2013-04-29,Day,5461
2013-04-29,Night,2693
2013-04-30,Day,8808
2013-04-30,Night,4326
2013-05-01,Day,5780
2013-05-01,Night,3577
2013-05-02,Day,7396
2013-05-02,Night,0396
2013-05-03,Day,2352
2013-05-03,Night,0217
2013-05-04,Day,4137
2013-05-04,Night,3392
2013-05-06,Day,1165
2013-05-06,Night,4988
2013-05-07,Day,2866
2013-05-07,Night,2050
2013-05-08,Day,4413
2013-05-08,Night,0679
2013-05-09,Day,0070
2013-05-09,Night,9213
2013-05-10,Day,9904
2013-05-10,Night,7206
2013-05-11,Day,1455
2013-05-11,Night,4579
2013-05-13,Day,0734
2013-05-13,Night,3927
2013-05-14,Day,3948
2013-05-14,Night,6732
2013-05-15,Day,6631
2013-05-15,Night,1574
2013-05-16,Day,3048
2013-05-16,Night,8384
2013-05-17,Day,7607
2013-05-17,Night,4977
2013-05-18,Day,8019
2013-05-18,Night,6475
2013-05-20,Day,2704
2013-05-20,Night,3779
2013-05-21,Day,6299
2013-05-21,Night,2637
2013-05-22,Day,3521
2013-05-22,Night,9986
2013-05-23,Day,0959
2013-05-23,Night,2372
2013-05-24,Day,8582
2013-05-24,Night,7249
2013-05-25,Day,6219
2013-05-25,Night,2468
2013-05-27,Day,2535
2013-05-27,Night,1113
2013-05-28,Day,3522
2013-05-28,Night,0699
2013-05-29,Day,7894
2013-05-29,Night,1017
2013-05-30,Day,0678
2013-05-30,Night,5172
2013-05-31,Day,2974
2013-05-31,Night,6013
2013-06-01,Day,3335
2013-06-01,Night,4266
2013-06-03,Day,9801
2013-06-03,Night,4099
2013-06-04,Day,2976
2013-06-04,Night,8351
2013-06-05,Day,4750
2013-06-05,Night,8531
2013-06-06,Day,3653
2013-06-06,Night,4251
2013-06-07,Day,7004
2013-06-07,Night,6110
2013-06-08,Day,1278
2013-06-08,Night,3703
2013-06-10,Day,4664
2013-06-10,Night,4093
2013-06-11,Day,4973
2013-06-11,Night,8316
2013-06-12,Day,7183
2013-06-12,Night,6505
2013-06-13,Day,6406
2013-06-13,Night,6498
2013-06-14,Day,8942
2013-06-14,Night,0297
2013-06-15,Day,6602
2013-06-15,Night,2715
2013-06-17,Day,8174
2013-06-17,Night,6501
2013-06-18,Day,4738
2013-06-18,Night,7921
2013-06-19,Day,4031
2013-06-19,Night,3439
2013-06-20,Day,2573
2013-06-20,Night,9804
2013-06-21,Day,3880
2013-06-21,Night,7780
2013-06-22,Day,2191
2013-06-22,Night,1069
2013-06-24,Day,1211
2013-06-24,Night,7515
2013-06-25,Day,5414
2013-06-25,Night,0283
2013-06-26,Day,7747
2013-06-26,Night,2361
2013-06-27,Day,0422
2013-06-27,Night,1921
2013-06-28,Day,8663
2013-06-28,Night,6743
2013-06-29,Day,3216
2013-06-29,Night,3399
2013-07-01,Day,9882
2013-07-01,Night,5440
2013-07-02,Day,7217
2013-07-02,Night,1761
2013-07-03,Day,3612
2013-07-03,Night,7808
2013-07-04,Day,8071
2013-07-04,Night,9102
2013-07-05,Day,4564
2013-07-05,Night,3528
2013-07-06,Day,5195
2013-07-06,Night,6896
2013-07-08,Day,0042
2013-07-08,Night,9259
2013-07-09,Day,0661
2013-07-09,Night,5554
2013-07-10,Day,8138
2013-07-10,Night,8771
2013-07-11,Day,0126
2013-07-11,Night,5630
2013-07-12,Day,7415
2013-07-12,Night,1361
2013-07-13,Day,6860
2013-07-13,Night,7495
2013-07-15,Day,3950
2013-07-15,Night,1750
2013-07-16,Day,9882
2013-07-16,Night,3428
2013-07-17,Day,2128
2013-07-17,Night,3170
2013-07-18,Day,6987
2013-07-18,Night,3403
2013-07-19,Day,5412
2013-07-19,Night,7248
2013-07-20,Day,1256
2013-07-20,Night,7372
2013-07-22,Day,3788
2013-07-22,Night,4674
2013-07-23,Day,7256
2013-07-23,Night,9258
2013-07-24,Day,3343
2013-07-24,Night,2388
2013-07-25,Day,0904
2013-07-25,Night,0037
2013-07-26,Day,6740
2013-07-26,Night,9412
2013-07-27,Day,2192
2013-07-27,Night,3609
2013-07-29,Day,3407
2013-07-29,Night,2985
2013-07-30,Day,8995
2013-07-30,Night,9178
2013-07-31,Day,9776
2013-07-31,Night,5306
2013-08-01,Day,3421
2013-08-01,Night,7431
2013-08-02,Day,7521
2013-08-02,Night,7963
2013-08-03,Day,5083
2013-08-03,Night,1401
2013-08-05,Day,6693
2013-08-05,Night,5725
2013-08-06,Day,3480
2013-08-06,Night,7155
2013-08-07,Day,1050
2013-08-07,Night,4228
2013-08-08,Day,6171
2013-08-08,Night,0909
2013-08-09,Day,3934
2013-08-09,Night,3019
2013-08-10,Day,9305
2013-08-10,Night,1289
2013-08-12,Day,6043
2013-08-12,Night,3046
2013-08-13,Day,9109
2013-08-13,Night,3958
2013-08-14,Day,4330
2013-08-14,Night,8773
2013-08-15,Day,8087
2013-08-15,Night,3363
2013-08-16,Day,8710
2013-08-16,Night,0276
2013-08-17,Day,6557
2013-08-17,Night,2258
2013-08-19,Day,7935
2013-08-19,Night,3090
2013-08-20,Day,2924
2013-08-20,Night,2863
2013-08-21,Day,4381
2013-08-21,Night,0553
2013-08-22,Day,8314
2013-08-22,Night,9351
2013-08-23,Day,5917
2013-08-23,Night,7747
2013-08-24,Day,5602
2013-08-24,Night,3698
2013-08-26,Day,2240
2013-08-26,Night,5518
2013-08-27,Day,2006
2013-08-27,Night,1290
2013-08-28,Day,7039
2013-08-28,Night,5821
2013-08-29,Day,6821
2013-08-29,Night,5969
2013-08-30,Day,1732
2013-08-30,Night,9806
2013-08-31,Day,4005
2013-08-31,Night,6265
2013-09-02,Day,9106
2013-09-02,Night,1096
2013-09-03,Day,3115
2013-09-03,Night,6070
2013-09-04,Day,9064
2013-09-04,Night,9742
2013-09-05,Day,5251
2013-09-05,Night,7258
2013-09-06,Day,0372
2013-09-06,Night,3407
2013-09-07,Day,4510
2013-09-07,Night,3521
2013-09-09,Day,6904
2013-09-09,Night,9620
2013-09-10,Day,5546
2013-09-10,Night,8908
2013-09-11,Day,6328
2013-09-11,Night,5036
2013-09-12,Day,8827
2013-09-12,Night,4838
2013-09-13,Day,9204
2013-09-13,Night,0916
2013-09-14,Day,8003
2013-09-14,Night,1919
2013-09-16,Day,5253
2013-09-16,Night,5485
2013-09-17,Day,6446
2013-09-17,Night,4300
2013-09-18,Day,6782
2013-09-18,Night,1283
2013-09-19,Day,3625
2013-09-19,Night,6508
2013-09-20,Day,5283
2013-09-20,Night,7178
2013-09-21,Day,8596
2013-09-21,Night,5009
2013-09-23,Day,5823
2013-09-23,Night,8834
2013-09-24,Day,9375
2013-09-24,Night,4303
2013-09-25,Day,4650
2013-09-25,Night,8214
2013-09-26,Day,8271
2013-09-26,Night,8252
2013-09-27,Day,7719
2013-09-27,Night,0084
2013-09-28,Day,3269
2013-09-28,Night,7444
2013-09-30,Day,4977
2013-09-30,Night,1238
2013-10-01,Day,4370
2013-10-01,Night,0203
2013-10-02,Day,0065
2013-10-02,Night,8029
2013-10-03,Day,7629
2013-10-03,Night,4692
2013-10-04,Day,5769
2013-10-04,Night,6872
2013-10-05,Day,4198
2013-10-05,Night,4880
2013-10-07,Day,1087
2013-10-07,Night,1384
2013-10-08,Day,2502
2013-10-08,Night,1911
2013-10-09,Day,1558
2013-10-09,Night,5295
2013-10-10,Day,8334
2013-10-10,Night,5159
2013-10-11,Day,2618
2013-10-11,Night,0350
2013-10-12,Day,6594
2013-10-12,Night,6508
2013-10-14,Day,4222
2013-10-14,Night,5964
2013-10-15,Day,6874
2013-10-15,Night,4861
2013-10-16,Day,2237
2013-10-16,Night,0724
2013-10-17,Day,6970
2013-10-17,Night,2260
2013-10-18,Day,9850
2013-10-18,Night,7411
2013-10-19,Day,9762
2013-10-19,Night,6695
2013-10-21,Day,2225
2013-10-21,Night,1317
2013-10-22,Day,3778
2013-10-22,Night,0920
2013-10-23,Day,3451
2013-10-23,Night,8437
2013-10-24,Day,5601
2013-10-24,Night,7334
2013-10-25,Day,3459
2013-10-25,Night,4736
2013-10-26,Day,2593
2013-10-26,Night,8683
2013-10-28,Day,1489
2013-10-28,Night,3896
2013-10-29,Day,3493
2013-10-29,Night,8114
2013-10-30,Day,1574
2013-10-30,Night,8625
2013-10-31,Day,1826
2013-10-31,Night,6773
2013-11-01,Day,5745
2013-11-01,Night,3391
2013-11-02,Day,3930
2013-11-02,Night,6299
2013-11-04,Day,8660
2013-11-04,Night,7850
2013-11-05,Day,7719
2013-11-05,Night,0803
2013-11-06,Day,0122
2013-11-06,Night,0237
2013-11-07,Day,1542
2013-11-07,Night,0027
2013-11-08,Day,1559
2013-11-08,Night,8987
2013-11-09,Day,4982
2013-11-09,Night,7303
2013-11-11,Day,2750
2013-11-11,Night,8759
2013-11-12,Day,2245
2013-11-12,Night,1579
2013-11-13,Day,7214
2013-11-13,Night,8444
2013-11-14,Day,4827
2013-11-14,Night,6566
2013-11-15,Day,9202
2013-11-15,Night,6149
2013-11-16,Day,2607
2013-11-16,Night,3084
2013-11-18,Day,9086
2013-11-18,Night,2740
2013-11-19,Day,7365
2013-11-19,Night,6625
2013-11-20,Day,8053
2013-11-20,Night,1299
2013-11-21,Day,8127
2013-11-21,Night,9144
2013-11-22,Day,7030
2013-11-22,Night,8762
2013-11-23,Day,6953
2013-11-23,Night,6124
2013-11-25,Day,5449
2013-11-25,Night,5732
2013-11-26,Day,2415
2013-11-26,Night,3437
2013-11-27,Day,9516
2013-11-27,Night,4145
2013-11-28,Day,9761
2013-11-28,Night,4863
2013-11-29,Day,1123
2013-11-29,Night,4568
2013-11-30,Day,5512
2013-11-30,Night,4835
2013-12-02,Day,4036
2013-12-02,Night,4586
2013-12-03,Day,5002
2013-12-03,Night,0190
2013-12-04,Day,5161
2013-12-04,Night,9258
2013-12-05,Day,4095
2013-12-05,Night,3605
2013-12-06,Day,7307
2013-12-06,Night,8782
2013-12-07,Day,6120
2013-12-07,Night,6341
2013-12-09,Day,8349
2013-12-09,Night,2613
2013-12-10,Day,7552
2013-12-10,Night,0317
2013-12-11,Day,4809
2013-12-11,Night,7240
2013-12-12,Day,8215
2013-12-12,Night,5463
2013-12-13,Day,3281
2013-12-13,Night,7453
2013-12-14,Day,4593
2013-12-14,Night,7327
2013-12-16,Day,4306
2013-12-16,Night,8011
2013-12-17,Day,0906
2013-12-17,Night,5611
2013-12-18,Day,0650
2013-12-18,Night,9768
2013-12-19,Day,3961
2013-12-19,Night,1946
2013-12-20,Day,4513
2013-12-20,Night,1725
2013-12-21,Day,7086
2013-12-21,Night,6076
2013-12-23,Day,8547
2013-12-23,Night,4449
2013-12-24,Day,7581
2013-12-24,Night,1208
2013-12-26,Day,1839
2013-12-26,Night,9193
2013-12-27,Day,2951
2013-12-27,Night,9621
2013-12-28,Day,4158
2013-12-28,Night,2571
2013-12-30,Day,5273
2013-12-30,Night,7413
2013-12-31,Day,8447
2013-12-31,Night,6793
2014-01-01,Day,9537
2014-01-01,Night,7902
2014-01-02,Day,0798
2014-01-02,Night,9142
2014-01-03,Day,3018
2014-01-03,Night,3606
2014-01-04,Day,0983
2014-01-04,Night,0170
2014-01-06,Day,9819
2014-01-06,Night,1178
2014-01-07,Day,7188
2014-01-07,Night,9790
2014-01-08,Day,8544
2014-01-08,Night,0498
2014-01-09,Day,1675
2014-01-09,Night,0065
2014-01-10,Day,6616
2014-01-10,Night,6551
2014-01-11,Day,6227
2014-01-11,Night,3877
2014-01-13,Day,9954
2014-01-13,Night,0641
2014-01-14,Day,2981
2014-01-14,Night,7224
2014-01-15,Day,9055
2014-01-15,Night,6429
2014-01-16,Day,2701
2014-01-16,Night,6421
2014-01-17,Day,9322
2014-01-17,Night,1445
2014-01-18,Day,2617
2014-01-18,Night,4992
2014-01-20,Day,1614
2014-01-20,Night,7115
2014-01-21,Day,4309
2014-01-21,Night,5795
2014-01-22,Day,0506
2014-01-22,Night,5829
2014-01-23,Day,4414
2014-01-23,Night,4325
2014-01-24,Day,6256
2014-01-24,Night,9972
2014-01-25,Day,8769
2014-01-25,Night,2934
2014-01-27,Day,6071
2014-01-27,Night,1257
2014-01-28,Day,3278
2014-01-28,Night,0736
2014-01-29,Day,7605
2014-01-29,Night,5592
2014-01-30,Day,2697
2014-01-30,Night,1952
2014-01-31,Day,0009
2014-01-31,Night,3919
2014-02-01,Day,5193
2014-02-01,Night,9761
2014-02-03,Day,2786
2014-02-03,Night,4159
2014-02-04,Day,3307
2014-02-04,Night,5781
2014-02-05,Day,5677
2014-02-05,Night,6556
2014-02-06,Day,5122
2014-02-06,Night,8704
2014-02-07,Day,9233
2014-02-07,Night,1953
2014-02-08,Day,7685
2014-02-08,Night,3267
2014-02-10,Day,8778
2014-02-10,Night,3501
2014-02-11,Day,4000
2014-02-11,Night,9152
2014-02-12,Day,2637
2014-02-12,Night,9840
2014-02-13,Day,2323
2014-02-13,Night,2315
2014-02-14,Day,0232
2014-02-14,Night,7941
2014-02-15,Day,8050
2014-02-15,Night,3393
2014-02-17,Day,0033
2014-02-17,Night,4492
2014-02-18,Day,4512
2014-02-18,Night,2707
2014-02-19,Day,4384
2014-02-19,Night,6636
2014-02-20,Day,0433
2014-02-20,Night,8624
2014-02-21,Day,3950
2014-02-21,Night,7099
2014-02-22,Day,6611
2014-02-22,Night,1805
2014-02-24,Day,8413
2014-02-24,Night,7382
2014-02-25,Day,1039
2014-02-25,Night,6738
2014-02-26,Day,6322
2014-02-26,Night,0436
2014-02-27,Day,9755
2014-02-27,Night,6938
2014-02-28,Day,8566
2014-02-28,Night,0279
2014-03-01,Day,8907
2014-03-01,Night,1204
2014-03-03,Day,7670
2014-03-03,Night,9618
2014-03-04,Day,9205
2014-03-04,Night,2263
2014-03-05,Day,5450
2014-03-05,Night,1029
2014-03-06,Day,9153
2014-03-06,Night,4404
2014-03-07,Day,8943
2014-03-07,Night,3853
2014-03-08,Day,9127
2014-03-08,Night,2132
2014-03-10,Day,6937
2014-03-10,Night,8728
2014-03-11,Day,3670
2014-03-11,Night,4944
2014-03-12,Day,4360
2014-03-12,Night,0692
2014-03-13,Day,0874
2014-03-13,Night,3084
2014-03-14,Day,6749
2014-03-14,Night,3591
2014-03-15,Day,8172
2014-03-15,Night,3347
2014-03-17,Day,7033
2014-03-17,Night,9042
2014-03-18,Day,7899
2014-03-18,Night,4345
2014-03-19,Day,6510
2014-03-19,Night,8575
2014-03-20,Day,6093
2014-03-20,Night,2462
2014-03-21,Day,4511
2014-03-21,Night,1822
2014-03-22,Day,1085
2014-03-22,Night,8659
2014-03-24,Day,2854
2014-03-24,Night,6008
2014-03-25,Day,5642
2014-03-25,Night,6174
2014-03-26,Day,6665
2014-03-26,Night,7268
2014-03-27,Day,0079
2014-03-27,Night,1454
2014-03-28,Day,3086
2014-03-28,Night,5578
2014-03-29,Day,5525
2014-03-29,Night,0059
2014-03-31,Day,6046
2014-03-31,Night,4027
2014-04-01,Day,3510
2014-04-01,Night,1983
2014-04-02,Day,3164
2014-04-02,Night,7175
2014-04-03,Day,3509
2014-04-03,Night,9480
2014-04-04,Day,3041
2014-04-04,Night,4723
2014-04-05,Day,7685
2014-04-05,Night,4334
2014-04-07,Day,6543
2014-04-07,Night,9272
2014-04-08,Day,1768
2014-04-08,Night,4029
2014-04-09,Day,2978
2014-04-09,Night,2952
2014-04-10,Day,1168
2014-04-10,Night,3555
2014-04-11,Day,6822
2014-04-11,Night,2749
2014-04-12,Day,3771
2014-04-12,Night,9272
2014-04-14,Day,4379
2014-04-14,Night,8699
2014-04-15,Day,7486
2014-04-15,Night,6605
2014-04-16,Day,4095
2014-04-16,Night,9258
2014-04-17,Day,2014
2014-04-17,Night,1760
2014-04-18,Day,2293
2014-04-18,Night,8831
2014-04-19,Day,0011
2014-04-19,Night,3550
2014-04-21,Day,8174
2014-04-21,Night,4008
2014-04-22,Day,8811
2014-04-22,Night,8206
2014-04-23,Day,6722
2014-04-23,Night,6449
2014-04-24,Day,4462
2014-04-24,Night,9567
2014-04-25,Day,2688
2014-04-25,Night,3934
2014-04-26,Day,6710
2014-04-26,Night,1405
2014-04-28,Day,0314
2014-04-28,Night,9823
2014-04-29,Day,0885
2014-04-29,Night,3396
2014-04-30,Day,1994
2014-04-30,Night,4164
2014-05-01,Day,0346
2014-05-01,Night,8666
2014-05-02,Day,0863
2014-05-02,Night,0517
2014-05-03,Day,3269
2014-05-03,Night,5236
2014-05-05,Day,4746
2014-05-05,Night,0903
2014-05-06,Day,6663
2014-05-06,Night,9157
2014-05-07,Day,9755
2014-05-07,Night,7903
2014-05-08,Day,2664
2014-05-08,Night,1417
2014-05-09,Day,1209
2014-05-09,Night,6694
2014-05-10,Day,8912
2014-05-10,Night,0912
2014-05-12,Day,8329
2014-05-12,Night,3757
2014-05-13,Day,7080
2014-05-13,Night,1190
2014-05-14,Day,7679
2014-05-14,Night,5112
2014-05-15,Day,7055
2014-05-15,Night,7486
2014-05-16,Day,9561
2014-05-16,Night,1376
2014-05-17,Day,8351
2014-05-17,Night,4340
2014-05-19,Day,1331
2014-05-19,Night,1963
2014-05-20,Day,4970
2014-05-20,Night,6462
2014-05-21,Day,8816
2014-05-21,Night,0705
2014-05-22,Day,6198
2014-05-22,Night,6050
2014-05-23,Day,5200
2014-05-23,Night,4332
2014-05-24,Day,3973
2014-05-24,Night,9987
2014-05-26,Day,6027
2014-05-26,Night,1139
2014-05-27,Day,7778
2014-05-27,Night,5753
2014-05-28,Day,7525
2014-05-28,Night,6722
2014-05-29,Day,4752
2014-05-29,Night,7910
2014-05-30,Day,3078
2014-05-30,Night,3886
2014-05-31,Day,5943
2014-05-31,Night,7523
2014-06-02,Day,9548
2014-06-02,Night,0153
2014-06-03,Day,7074
2014-06-03,Night,4518
2014-06-04,Day,7109
2014-06-04,Night,6728
2014-06-05,Day,1703
2014-06-05,Night,6180
2014-06-06,Day,4024
2014-06-06,Night,1817
2014-06-07,Day,7797
2014-06-07,Night,0272
2014-06-09,Day,5205
2014-06-09,Night,7364
2014-06-10,Day,1099
2014-06-10,Night,7415
2014-06-11,Day,8355
2014-06-11,Night,9768
2014-06-12,Day,9325
2014-06-12,Night,1203
2014-06-13,Day,5646
2014-06-13,Night,4749
2014-06-14,Day,6361
2014-06-14,Night,5676
2014-06-16,Day,1116
2014-06-16,Night,6828
2014-06-17,Day,1774
2014-06-17,Night,1145
2014-06-18,Day,3074
2014-06-18,Night,1269
2014-06-19,Day,0202
2014-06-19,Night,6365
2014-06-20,Day,9823
2014-06-20,Night,5758
2014-06-21,Day,7484
2014-06-21,Night,9899
2014-06-23,Day,1878
2014-06-23,Night,1636
2014-06-24,Day,7991
2014-06-24,Night,2912
2014-06-25,Day,3168
2014-06-25,Night,7572
2014-06-26,Day,7937
2014-06-26,Night,6826
2014-06-27,Day,3720
2014-06-27,Night,2839
2014-06-28,Day,9242
2014-06-28,Night,3698
2014-06-30,Day,8667
2014-06-30,Night,2970
2014-07-01,Day,4255
2014-07-01,Night,7455
2014-07-02,Day,5517
2014-07-02,Night,3151
2014-07-03,Day,9888
2014-07-03,Night,9439
2014-07-04,Day,7532
2014-07-04,Night,4952
2014-07-05,Day,4160
2014-07-05,Night,5975
2014-07-07,Day,9230
2014-07-07,Night,6640
2014-07-08,Day,1199
2014-07-08,Night,5684
2014-07-09,Day,7307
2014-07-09,Night,2062
2014-07-10,Day,3420
2014-07-10,Night,3677
2014-07-11,Day,1995
2014-07-11,Night,2518
2014-07-12,Day,7672
2014-07-12,Night,8358
2014-07-14,Day,5914
2014-07-14,Night,3180
2014-07-15,Day,3012
2014-07-15,Night,4507
2014-07-16,Day,6168
2014-07-16,Night,3432
2014-07-17,Day,4271
2014-07-17,Night,3182
2014-07-18,Day,8242
2014-07-18,Night,7064
2014-07-19,Day,4110
2014-07-19,Night,3446
2014-07-21,Day,0652
2014-07-21,Night,9345
2014-07-22,Day,4255
2014-07-22,Night,7291
2014-07-23,Day,2656
2014-07-23,Night,3211
2014-07-24,Day,9253
2014-07-24,Night,6384
2014-07-25,Day,4703
2014-07-25,Night,1095
2014-07-26,Day,2112
2014-07-26,Night,2052
2014-07-28,Day,0551
2014-07-28,Night,0035
2014-07-29,Day,3879
2014-07-29,Night,1359
2014-07-30,Day,2175
2014-07-30,Night,1568
2014-07-31,Day,7484
2014-07-31,Night,8266
2014-08-01,Day,4591
2014-08-01,Night,6473
2014-08-02,Day,9601
2014-08-02,Night,9051
2014-08-04,Day,7394
2014-08-04,Night,5218
2014-08-05,Day,9965
2014-08-05,Night,4117
2014-08-06,Day,7622
2014-08-06,Night,4538
2014-08-07,Day,8994
2014-08-07,Night,2774
2014-08-08,Day,4665
2014-08-08,Night,0462
2014-08-09,Day,2305
2014-08-09,Night,3663
2014-08-11,Day,8021
2014-08-11,Night,9202
2014-08-12,Day,3019
2014-08-12,Night,1635
2014-08-13,Day,4807
2014-08-13,Night,7351
2014-08-14,Day,1210
2014-08-14,Night,3623
2014-08-15,Day,7827
2014-08-15,Night,1940
2014-08-16,Day,2056
2014-08-16,Night,3803
2014-08-18,Day,2929
2014-08-18,Night,5144
2014-08-19,Day,6993
2014-08-19,Night,7298
2014-08-20,Day,6278
2014-08-20,Night,7585
2014-08-21,Day,4729
2014-08-21,Night,8966
2014-08-22,Day,2886
2014-08-22,Night,1435
2014-08-23,Day,2652
2014-08-23,Night,5154
2014-08-25,Day,9048
2014-08-25,Night,3879
2014-08-26,Day,9005
2014-08-26,Night,4948
2014-08-27,Day,2798
2014-08-27,Night,8348
2014-08-28,Day,2470
2014-08-28,Night,4016
2014-08-29,Day,0688
2014-08-29,Night,5550
2014-08-30,Day,1910
2014-08-30,Night,4539
2014-09-01,Day,4626
2014-09-01,Night,5631
2014-09-02,Day,6641
2014-09-02,Night,2229
2014-09-03,Day,9009
2014-09-03,Night,1745
2014-09-04,Day,2330
2014-09-04,Night,5732
2014-09-05,Day,6494
2014-09-05,Night,8813
2014-09-06,Day,1971
2014-09-06,Night,2516
2014-09-08,Day,1848
2014-09-08,Night,8510
2014-09-09,Day,2112
2014-09-09,Night,6358
2014-09-10,Day,0767
2014-09-10,Night,9121
2014-09-11,Day,0336
2014-09-11,Night,8500
2014-09-12,Day,5237
2014-09-12,Night,1831
2014-09-13,Day,1840
2014-09-13,Night,6486
2014-09-15,Day,4563
2014-09-15,Night,7168
2014-09-16,Day,0092
2014-09-16,Night,6854
2014-09-17,Day,3836
2014-09-17,Night,1441
2014-09-18,Day,3408
2014-09-18,Night,5451
2014-09-19,Day,5785
2014-09-19,Night,2974
2014-09-20,Day,3816
2014-09-20,Night,0512
2014-09-22,Day,4146
2014-09-22,Night,2685
2014-09-23,Day,6774
2014-09-23,Night,9972
2014-09-24,Day,2442
2014-09-24,Night,8308
2014-09-25,Day,2433
2014-09-25,Night,3866
2014-09-26,Day,7969
2014-09-26,Night,7318
2014-09-27,Day,1600
2014-09-27,Night,0015
2014-09-29,Day,7047
2014-09-29,Night,0400
2014-09-30,Day,3929
2014-09-30,Night,3995
2014-10-01,Day,1706
2014-10-01,Night,0030
2014-10-02,Day,0210
2014-10-02,Night,9307
2014-10-03,Day,4692
2014-10-03,Night,7855
2014-10-04,Day,7899
2014-10-04,Night,5235
2014-10-06,Day,1136
2014-10-06,Night,1172
2014-10-07,Day,1290
2014-10-07,Night,9102
2014-10-08,Day,5552
2014-10-08,Night,7218
2014-10-09,Day,6139
2014-10-09,Night,4947
2014-10-10,Day,5072
2014-10-10,Night,0839
2014-10-11,Day,1456
2014-10-11,Night,4773
2014-10-13,Day,0753
2014-10-13,Night,3061
2014-10-14,Day,3977
2014-10-14,Night,0125
2014-10-15,Day,9981
2014-10-15,Night,5314
2014-10-16,Day,7993
2014-10-16,Night,8430
2014-10-17,Day,7021
2014-10-17,Night,4153
2014-10-18,Day,3455
2014-10-18,Night,6309
2014-10-20,Day,4374
2014-10-20,Night,9217
2014-10-21,Day,3204
2014-10-21,Night,4772
2014-10-22,Day,8254
2014-10-22,Night,6859
2014-10-23,Day,3531
2014-10-23,Night,2634
2014-10-24,Day,9108
2014-10-24,Night,9652
2014-10-25,Day,2312
2014-10-25,Night,9505
2014-10-27,Day,5258
2014-10-27,Night,8300
2014-10-28,Day,1600
2014-10-28,Night,5431
2014-10-29,Day,0392
2014-10-29,Night,4669
2014-10-30,Day,4033
2014-10-30,Night,1947
2014-10-31,Day,9052
2014-10-31,Night,0663
2014-11-01,Day,8482
2014-11-01,Night,1194
2014-11-03,Day,0069
2014-11-03,Night,2303
2014-11-04,Day,3815
2014-11-04,Night,2292
2014-11-05,Day,5213
2014-11-05,Night,6096
2014-11-06,Day,1331
2014-11-06,Night,3806
2014-11-07,Day,6948
2014-11-07,Night,5320
2014-11-08,Day,8535
2014-11-08,Night,8839
2014-11-10,Day,0448
2014-11-10,Night,7288
2014-11-11,Day,0797
2014-11-11,Night,6156
2014-11-12,Day,1610
2014-11-12,Night,2736
2014-11-13,Day,7714
2014-11-13,Night,1912
2014-11-14,Day,7651
2014-11-14,Night,4833
2014-11-15,Day,9977
2014-11-15,Night,3298
2014-11-17,Day,0533
2014-11-17,Night,7995
2014-11-18,Day,2398
2014-11-18,Night,4672
2014-11-19,Day,9952
2014-11-19,Night,0717
2014-11-20,Day,7820
2014-11-20,Night,0242
2014-11-21,Day,3859
2014-11-21,Night,8521
2014-11-22,Day,8963
2014-11-22,Night,8282
2014-11-24,Day,7967
2014-11-24,Night,8597
2014-11-25,Day,6510
2014-11-25,Night,4933
2014-11-26,Day,8927
2014-11-26,Night,6255
2014-11-27,Day,0277
2014-11-27,Night,5429
2014-11-28,Day,0217
2014-11-28,Night,4177
2014-11-29,Day,0339
2014-11-29,Night,1616
2014-12-01,Day,8715
2014-12-01,Night,1583
2014-12-02,Day,6794
2014-12-02,Night,8145
2014-12-03,Day,9333
2014-12-03,Night,8784
2014-12-04,Day,6468
2014-12-04,Night,7015
2014-12-05,Day,9791
2014-12-05,Night,5240
2014-12-06,Day,9294
2014-12-06,Night,2103
2014-12-08,Day,8874
2014-12-08,Night,3637
2014-12-09,Day,3864
2014-12-09,Night,8826
2014-12-10,Day,1141
2014-12-10,Night,3048
2014-12-11,Day,0811
2014-12-11,Night,9715
2014-12-12,Day,5589
2014-12-12,Night,3152
2014-12-13,Day,4032
2014-12-13,Night,4298
2014-12-15,Day,2049
2014-12-15,Night,5125
2014-12-16,Day,3002
2014-12-16,Night,5495
2014-12-17,Day,4997
2014-12-17,Night,0008
2014-12-18,Day,8726
2014-12-18,Night,5595
2014-12-19,Day,1993
2014-12-19,Night,8691
2014-12-20,Day,9893
2014-12-20,Night,4959
2014-12-22,Day,1953
2014-12-22,Night,0901
2014-12-23,Day,1275
2014-12-23,Night,8383
2014-12-24,Day,8410
2014-12-24,Night,2642
2014-12-26,Day,4258
2014-12-26,Night,9398
2014-12-27,Day,2554
2014-12-27,Night,1430
2014-12-29,Day,2988
2014-12-29,Night,8122
2014-12-30,Day,1925
2014-12-30,Night,3766
2014-12-31,Day,8813
2014-12-31,Night,0565
2015-01-01,Day,2696
2015-01-01,Night,6137
2015-01-02,Day,2132
2015-01-02,Night,7766
2015-01-03,Day,8120
2015-01-03,Night,6836
2015-01-05,Day,1388
2015-01-05,Night,0718
2015-01-06,Day,2720
2015-01-06,Night,1985
2015-01-07,Day,2612
2015-01-07,Night,9550
2015-01-08,Day,6384
2015-01-08,Night,3739
2015-01-09,Day,7245
2015-01-09,Night,2885
2015-01-10,Day,8978
2015-01-10,Night,6349
2015-01-12,Day,3801
2015-01-12,Night,9961
2015-01-13,Day,9143
2015-01-13,Night,1106
2015-01-14,Day,4502
2015-01-14,Night,0249
2015-01-15,Day,5907
2015-01-15,Night,1690
2015-01-16,Day,0628
2015-01-16,Night,1722
2015-01-17,Day,6452
2015-01-17,Night,1282
2015-01-19,Day,7560
2015-01-19,Night,0686
2015-01-20,Day,4480
2015-01-20,Night,6643
2015-01-21,Day,6357
2015-01-21,Night,9132
2015-01-22,Day,7339
2015-01-22,Night,4010
2015-01-23,Day,2536
2015-01-23,Night,0185
2015-01-24,Day,7141
2015-01-24,Night,7891
2015-01-26,Day,4274
2015-01-26,Night,0090
2015-01-27,Day,4612
2015-01-27,Night,0844
2015-01-28,Day,8725
2015-01-28,Night,5958
2015-01-29,Day,4419
2015-01-29,Night,6265
2015-01-30,Day,4457
2015-01-30,Night,8578
2015-01-31,Day,0052
2015-01-31,Night,7664
2015-02-02,Day,6923
2015-02-02,Night,5505
2015-02-03,Day,6724
2015-02-03,Night,7803
2015-02-04,Day,0186
2015-02-04,Night,0458
2015-02-05,Day,9052
2015-02-05,Night,3150
2015-02-06,Day,7090
2015-02-06,Night,8354
2015-02-07,Day,0476
2015-02-07,Night,0307
2015-02-09,Day,8331
2015-02-09,Night,1459
2015-02-10,Day,2810
2015-02-10,Night,5945
2015-02-11,Day,9315
2015-02-11,Night,4451
2015-02-12,Day,2690
2015-02-12,Night,5653
2015-02-13,Day,4515
2015-02-13,Night,6835
2015-02-14,Day,2142
2015-02-14,Night,2145
2015-02-16,Day,8070
2015-02-16,Night,8601
2015-02-17,Day,1363
2015-02-17,Night,8079
2015-02-18,Day,9602
2015-02-18,Night,9701
2015-02-19,Day,2035
2015-02-19,Night,5314
2015-02-20,Day,5183
2015-02-20,Night,2294
2015-02-21,Day,6511
2015-02-21,Night,1377
2015-02-23,Day,5413
2015-02-23,Night,6811
2015-02-24,Day,3203
2015-02-24,Night,3241
2015-02-25,Day,6091
2015-02-25,Night,4684
2015-02-26,Day,4382
2015-02-26,Night,3330
2015-02-27,Day,2528
2015-02-27,Night,2829
2015-02-28,Day,4015
2015-02-28,Night,6494
2015-03-02,Day,3564
2015-03-02,Night,1701
2015-03-03,Day,3243
2015-03-03,Night,1978
2015-03-04,Day,0457
2015-03-04,Night,7857
2015-03-05,Day,3115
2015-03-05,Night,1815
2015-03-06,Day,3566
2015-03-06,Night,0376
2015-03-07,Day,3334
2015-03-07,Night,1119
2015-03-09,Day,9517
2015-03-09,Night,9295
2015-03-10,Day,2074
2015-03-10,Night,9867
2015-03-11,Day,5100
2015-03-11,Night,6406
2015-03-12,Day,0371
2015-03-12,Night,5603
2015-03-13,Day,2848
2015-03-13,Night,4758
2015-03-14,Day,2427
2015-03-14,Night,3016
2015-03-16,Day,9878
2015-03-16,Night,1881
2015-03-17,Day,7886
2015-03-17,Night,6741
2015-03-18,Day,5166
2015-03-18,Night,7661
2015-03-19,Day,4488
2015-03-19,Night,8345
2015-03-20,Day,5308
2015-03-20,Night,0747
2015-03-21,Day,9008
2015-03-21,Night,4652
2015-03-23,Day,0835
2015-03-23,Night,5324
2015-03-24,Day,8797
2015-03-24,Night,9399
2015-03-25,Day,5078
2015-03-25,Night,7711
2015-03-26,Day,4697
2015-03-26,Night,7619
2015-03-27,Day,0576
2015-03-27,Night,0982
2015-03-28,Day,4781
2015-03-28,Night,7345
2015-03-30,Day,2060
2015-03-30,Night,1923
2015-03-31,Day,6749
2015-03-31,Night,6644
2015-04-01,Day,3032
2015-04-01,Night,6090
2015-04-02,Day,9891
2015-04-02,Night,2416
2015-04-03,Day,5529
2015-04-03,Night,4753
2015-04-04,Day,5692
2015-04-04,Night,6821
2015-04-06,Day,7685
2015-04-06,Night,5909
2015-04-07,Day,7544
2015-04-07,Night,0509
2015-04-08,Day,1655
2015-04-08,Night,7978
2015-04-09,Day,8496
2015-04-09,Night,5465
2015-04-10,Day,1398
2015-04-10,Night,5338
2015-04-11,Day,9409
2015-04-11,Night,4875
2015-04-13,Day,5251
2015-04-13,Night,2266
2015-04-14,Day,4213
2015-04-14,Night,8031
2015-04-15,Day,6314
2015-04-15,Night,5549
2015-04-16,Day,7656
2015-04-16,Night,6729
2015-04-17,Day,5309
2015-04-17,Night,9123
2015-04-18,Day,5453
2015-04-18,Night,6942
2015-04-20,Day,1355
2015-04-20,Night,3877
2015-04-21,Day,3011
2015-04-21,Night,8566
2015-04-22,Day,2352
2015-04-22,Night,9288
2015-04-23,Day,7949
2015-04-23,Night,8633
2015-04-24,Day,0264
2015-04-24,Night,6672
2015-04-25,Day,9463
2015-04-25,Night,5576
2015-04-27,Day,3604
2015-04-27,Night,3448
2015-04-28,Day,6418
2015-04-28,Night,6392
2015-04-29,Day,5981
2015-04-29,Night,3495
2015-04-30,Day,1426
2015-04-30,Night,4667
2015-05-01,Day,0832
2015-05-01,Night,6556
2015-05-02,Day,9140
2015-05-02,Night,5530
2015-05-04,Day,0398
2015-05-04,Night,4835
2015-05-05,Day,2872
2015-05-05,Night,2268
2015-05-06,Day,4193
2015-05-06,Night,2791
2015-05-07,Day,4481
2015-05-07,Night,6313
2015-05-08,Day,3742
2015-05-08,Night,9353
2015-05-09,Day,6703
2015-05-09,Night,6042
2015-05-11,Day,4382
2015-05-11,Night,6962
2015-05-12,Day,5526
2015-05-12,Night,4584
2015-05-13,Day,6237
2015-05-13,Night,6171
2015-05-14,Day,6114
2015-05-14,Night,6359
2015-05-15,Day,8407
2015-05-15,Night,9316
2015-05-16,Day,6632
2015-05-16,Night,7338
2015-05-18,Day,7202
2015-05-18,Night,3805
2015-05-19,Day,2174
2015-05-19,Night,8274
2015-05-20,Day,0503
2015-05-20,Night,3326
2015-05-21,Day,3435
2015-05-21,Night,1494
2015-05-22,Day,0188
2015-05-22,Night,9908
2015-05-23,Day,4084
2015-05-23,Night,4527
2015-05-25,Day,1093
2015-05-25,Night,0910
2015-05-26,Day,1591
2015-05-26,Night,9581
2015-05-27,Day,1195
2015-05-27,Night,8246
2015-05-28,Day,0197
2015-05-28,Night,5224
2015-05-29,Day,1836
2015-05-29,Night,4592
2015-05-30,Day,5142
2015-05-30,Night,3840
2015-06-01,Day,7197
2015-06-01,Night,2201
2015-06-02,Day,7636
2015-06-02,Night,4301
2015-06-03,Day,4718
2015-06-03,Night,9321
2015-06-04,Day,8509
2015-06-04,Night,7274
2015-06-05,Day,5409
2015-06-05,Night,6898
2015-06-06,Day,2803
2015-06-06,Night,5403
2015-06-08,Day,9092
2015-06-08,Night,4725
2015-06-09,Day,1221
2015-06-09,Night,7547
2015-06-10,Day,5539
2015-06-10,Night,9027
2015-06-11,Day,8296
2015-06-11,Night,0943
2015-06-12,Day,2969
2015-06-12,Night,7043
2015-06-13,Day,9199
2015-06-13,Night,6908
2015-06-15,Day,7798
2015-06-15,Night,4377
2015-06-16,Day,4407
2015-06-16,Night,5592
2015-06-17,Day,4888
2015-06-17,Night,3357
2015-06-18,Day,4665
2015-06-18,Night,9555
2015-06-19,Day,4787
2015-06-19,Night,6190
2015-06-20,Day,9578
2015-06-20,Night,8070
2015-06-22,Day,7978
2015-06-22,Night,6510
2015-06-23,Day,5796
2015-06-23,Night,1213
2015-06-24,Day,3402
2015-06-24,Night,1865
2015-06-25,Day,8951
2015-06-25,Night,8109
2015-06-26,Day,2793
2015-06-26,Night,1887
2015-06-27,Day,8108
2015-06-27,Night,4863
2015-06-29,Day,3860
2015-06-29,Night,4729
2015-06-30,Day,1729
2015-06-30,Night,3339
2015-07-01,Day,3743
2015-07-01,Night,3808
2015-07-02,Day,1331
2015-07-02,Night,9220
2015-07-03,Day,0657
2015-07-03,Night,1547
2015-07-04,Day,9800
2015-07-04,Night,1970
2015-07-06,Day,8568
2015-07-06,Night,5418
2015-07-07,Day,1085
2015-07-07,Night,1883
2015-07-08,Day,6730
2015-07-08,Night,4324
2015-07-09,Day,2737
2015-07-09,Night,1378
2015-07-10,Day,1476
2015-07-10,Night,6255
2015-07-11,Day,2214
2015-07-11,Night,0117
2015-07-13,Day,1422
2015-07-13,Night,7611
2015-07-14,Day,3874
2015-07-14,Night,7017
2015-07-15,Day,9104
2015-07-15,Night,9444
2015-07-16,Day,9189
2015-07-16,Night,9240
2015-07-17,Day,9955
2015-07-17,Night,2024
2015-07-18,Day,5865
2015-07-18,Night,7668
2015-07-20,Day,0109
2015-07-20,Night,4598
2015-07-21,Day,6532
2015-07-21,Night,0156
2015-07-22,Day,6905
2015-07-22,Night,0006
2015-07-23,Day,4712
2015-07-23,Night,6829
2015-07-24,Day,9442
2015-07-24,Night,4848
2015-07-25,Day,2295
2015-07-25,Night,5606
2015-07-27,Day,9989
2015-07-27,Night,7567
2015-07-28,Day,0650
2015-07-28,Night,4987
2015-07-29,Day,6440
2015-07-29,Night,6331
2015-07-30,Day,1465
2015-07-30,Night,9180
2015-07-31,Day,3879
2015-07-31,Night,5530
2015-08-01,Day,0413
2015-08-01,Night,2657
2015-08-03,Day,3318
2015-08-03,Night,2763
2015-08-04,Day,6119
2015-08-04,Night,7591
2015-08-05,Day,2414
2015-08-05,Night,2153
2015-08-06,Day,1198
2015-08-06,Night,8708
2015-08-07,Day,9288
2015-08-07,Night,6705
2015-08-08,Day,2374
2015-08-08,Night,0532
2015-08-10,Day,8337
2015-08-10,Night,4845
2015-08-11,Day,6587
2015-08-11,Night,1453
2015-08-12,Day,8992
2015-08-12,Night,7338
2015-08-13,Day,5785
2015-08-13,Night,3081
2015-08-14,Day,9105
2015-08-14,Night,0742
2015-08-15,Day,5300
2015-08-15,Night,8747
2015-08-17,Day,8984
2015-08-17,Night,4843
2015-08-18,Day,6316
2015-08-18,Night,2047
2015-08-19,Day,3680
2015-08-19,Night,1678
2015-08-20,Day,5567
2015-08-20,Night,6501
2015-08-21,Day,3576
2015-08-21,Night,7009
2015-08-22,Day,4419
2015-08-22,Night,2590
2015-08-24,Day,3935
2015-08-24,Night,0260
2015-08-25,Day,9348
2015-08-25,Night,1859
2015-08-26,Day,7198
2015-08-26,Night,1870
2015-08-27,Day,9336
2015-08-27,Night,0088
2015-08-28,Day,5897
2015-08-28,Night,7740
2015-08-29,Day,1395
2015-08-29,Night,7226
2015-08-31,Day,4261
2015-08-31,Night,8948
2015-09-01,Day,8822
2015-09-01,Night,1356
2015-09-02,Day,6476
2015-09-02,Night,6028
2015-09-03,Day,7348
2015-09-03,Night,8128
2015-09-04,Day,4450
2015-09-04,Night,5689
2015-09-05,Day,7595
2015-09-05,Night,7297
2015-09-07,Day,5469
2015-09-07,Night,8440
2015-09-08,Day,2899
2015-09-08,Night,1846
2015-09-09,Day,7796
2015-09-09,Night,9333
2015-09-10,Day,3653
2015-09-10,Night,0947
2015-09-11,Day,7695
2015-09-11,Night,8169
2015-09-12,Day,7614
2015-09-12,Night,6071
2015-09-14,Day,7266
2015-09-14,Night,0087
2015-09-15,Day,8922
2015-09-15,Night,2439
2015-09-16,Day,6525
2015-09-16,Night,6979
2015-09-17,Day,6258
2015-09-17,Night,6082
2015-09-18,Day,5604
2015-09-18,Night,5294
2015-09-19,Day,3844
2015-09-19,Night,3660
2015-09-21,Day,7640
2015-09-21,Night,5663
2015-09-22,Day,7037
2015-09-22,Night,7475
2015-09-23,Day,2620
2015-09-23,Night,3506
2015-09-24,Day,2221
2015-09-24,Night,6568
2015-09-25,Day,7727
2015-09-25,Night,2613
2015-09-26,Day,6131
2015-09-26,Night,7352
2015-09-28,Day,3271
2015-09-28,Night,9320
2015-09-29,Day,9927
2015-09-29,Night,5203
2015-09-30,Day,6889
2015-09-30,Night,3042
2015-10-01,Day,6294
2015-10-01,Night,7820
2015-10-02,Day,7135
2015-10-02,Night,2959
2015-10-03,Day,5387
2015-10-03,Night,8963
2015-10-05,Day,9199
2015-10-05,Night,1760
2015-10-06,Day,8304
2015-10-06,Night,9801
2015-10-07,Day,3138
2015-10-07,Night,3875
2015-10-08,Day,1824
2015-10-08,Night,3817
2015-10-09,Day,5892
2015-10-09,Night,1863
2015-10-10,Day,1275
2015-10-10,Night,3777
2015-10-12,Day,0333
2015-10-12,Night,6399
2015-10-13,Day,6395
2015-10-13,Night,7878
2015-10-14,Day,1661
2015-10-14,Night,1097
2015-10-15,Day,3172
2015-10-15,Night,7362
2015-10-16,Day,8622
2015-10-16,Night,9040
2015-10-17,Day,7450
2015-10-17,Night,2452
2015-10-19,Day,9791
2015-10-19,Night,6167
2015-10-20,Day,5461
2015-10-20,Night,7437
2015-10-21,Day,4028
2015-10-21,Night,2639
2015-10-22,Day,5053
2015-10-22,Night,0014
2015-10-23,Day,8384
2015-10-23,Night,5392
2015-10-24,Day,8977
2015-10-24,Night,4262
2015-10-26,Day,5076
2015-10-26,Night,8244
2015-10-27,Day,9180
2015-10-27,Night,2099
2015-10-28,Day,8449
2015-10-28,Night,5646
2015-10-29,Day,7021
2015-10-29,Night,8469
2015-10-30,Day,1550
2015-10-30,Night,3037
2015-10-31,Day,9592
2015-10-31,Night,8824
2015-11-02,Day,0342
2015-11-02,Night,3258
2015-11-03,Day,0575
2015-11-03,Night,5104
2015-11-04,Day,2884
2015-11-04,Night,7319
2015-11-05,Day,7643
2015-11-05,Night,9978
2015-11-06,Day,0725
2015-11-06,Night,1208
2015-11-07,Day,0060
2015-11-07,Night,5192
2015-11-09,Day,6393
2015-11-09,Night,6183
2015-11-10,Day,9399
2015-11-10,Night,9205
2015-11-11,Day,2828
2015-11-11,Night,8537
2015-11-12,Day,1202
2015-11-12,Night,9061
2015-11-13,Day,5242
2015-11-13,Night,5720
2015-11-14,Day,1216
2015-11-14,Night,6958
2015-11-16,Day,2583
2015-11-16,Night,8280
2015-11-17,Day,0876
2015-11-17,Night,3135
2015-11-18,Day,3214
2015-11-18,Night,0880
2015-11-19,Day,0544
2015-11-19,Night,4130
2015-11-20,Day,1681
2015-11-20,Night,3528
2015-11-21,Day,2758
2015-11-21,Night,6170
2015-11-23,Day,1394
2015-11-23,Night,4564
2015-11-24,Day,5594
2015-11-24,Night,7820
2015-11-25,Day,2731
2015-11-25,Night,9426
2015-11-26,Day,4712
2015-11-26,Night,9562
2015-11-27,Day,3831
2015-11-27,Night,2726
2015-11-28,Day,2324
2015-11-28,Night,0080
2015-11-30,Day,7125
2015-11-30,Night,6008
2015-12-01,Day,7127
2015-12-01,Night,1981
2015-12-02,Day,4739
2015-12-02,Night,4003
2015-12-03,Day,4749
2015-12-03,Night,0049
2015-12-04,Day,6009
2015-12-04,Night,5755
2015-12-05,Day,8843
2015-12-05,Night,1861
2015-12-07,Day,1005
2015-12-07,Night,9732
2015-12-08,Day,0476
2015-12-08,Night,7276
2015-12-09,Day,7990
2015-12-09,Night,0346
2015-12-10,Day,0677
2015-12-10,Night,1380
2015-12-11,Day,4255
2015-12-11,Night,3679
2015-12-12,Day,3196
2015-12-12,Night,3858
2015-12-14,Day,4316
2015-12-14,Night,9038
2015-12-15,Day,3375
2015-12-15,Night,9185
2015-12-16,Day,2459
2015-12-16,Night,2115
2015-12-17,Day,2567
2015-12-17,Night,3278
2015-12-18,Day,1300
2015-12-18,Night,8026
2015-12-19,Day,2284
2015-12-19,Night,5476
2015-12-21,Day,9203
2015-12-21,Night,8030
2015-12-22,Day,1617
2015-12-22,Night,3360
2015-12-23,Day,3710
2015-12-23,Night,5975
2015-12-24,Day,5103
2015-12-24,Night,4425
2015-12-26,Day,4972
2015-12-26,Night,3800
2015-12-28,Day,3502
2015-12-28,Night,1370
2015-12-29,Day,8579
2015-12-29,Night,2957
2015-12-30,Day,0618
2015-12-30,Night,5161
2015-12-31,Day,9185
2015-12-31,Night,6127
2016-01-01,Day,6187
2016-01-01,Night,8604
2016-01-02,Day,6846
2016-01-02,Night,1033
2016-01-04,Day,7722
2016-01-04,Night,5869
2016-01-05,Day,4889
2016-01-05,Night,0604
2016-01-06,Day,2366
2016-01-06,Night,8524
2016-01-07,Day,5278
2016-01-07,Night,9191
2016-01-08,Day,3584
2016-01-08,Night,4622
2016-01-09,Day,9197
2016-01-09,Night,0182
2016-01-11,Day,8632
2016-01-11,Night,4757
2016-01-12,Day,7670
2016-01-12,Night,7904
2016-01-13,Day,6652
2016-01-13,Night,0832
2016-01-14,Day,6781
2016-01-14,Night,5762
2016-01-15,Day,9961
2016-01-15,Night,2308
2016-01-16,Day,2197
2016-01-16,Night,5415
2016-01-18,Day,8409
2016-01-18,Night,5716
2016-01-19,Day,0413
2016-01-19,Night,3798
2016-01-20,Day,4551
2016-01-20,Night,4741
2016-01-21,Day,3832
2016-01-21,Night,1688
2016-01-22,Day,8944
2016-01-22,Night,3921
2016-01-23,Day,3932
2016-01-23,Night,2926
2016-01-25,Day,7015
2016-01-25,Night,0359
2016-01-26,Day,6007
2016-01-26,Night,2332
2016-01-27,Day,6658
2016-01-27,Night,0615
2016-01-28,Day,6140
2016-01-28,Night,5297
2016-01-29,Day,1277
2016-01-29,Night,1033
2016-01-30,Day,7840
2016-01-30,Night,0664
2016-02-01,Day,3399
2016-02-01,Night,8160
2016-02-02,Day,0439
2016-02-02,Night,1715
2016-02-03,Day,6064
2016-02-03,Night,0441
2016-02-04,Day,4507
2016-02-04,Night,8883
2016-02-05,Day,6020
2016-02-05,Night,1293
2016-02-06,Day,4792
2016-02-06,Night,4048
2016-02-08,Day,4286
2016-02-08,Night,3651
2016-02-09,Day,8346
2016-02-09,Night,1658
2016-02-10,Day,3310
2016-02-10,Night,1837
2016-02-11,Day,5235
2016-02-11,Night,8583
2016-02-12,Day,5687
2016-02-12,Night,6656
2016-02-13,Day,6201
2016-02-13,Night,5746
2016-02-15,Day,9322
2016-02-15,Night,5432
2016-02-16,Day,3213
2016-02-16,Night,2566
2016-02-17,Day,3641
2016-02-17,Night,1557
2016-02-18,Day,2953
2016-02-18,Night,3767
2016-02-19,Day,5461
2016-02-19,Night,3085
2016-02-20,Day,1490
2016-02-20,Night,8792
2016-02-22,Day,7170
2016-02-22,Night,2282
2016-02-23,Day,8582
2016-02-23,Night,9156
2016-02-24,Day,2062
2016-02-24,Night,2674
2016-02-25,Day,6479
2016-02-25,Night,6692
2016-02-26,Day,8696
2016-02-26,Night,9259
2016-02-27,Day,1684
2016-02-27,Night,5612
2016-02-29,Day,2245
2016-02-29,Night,3647
2016-03-01,Day,4635
2016-03-01,Night,6268
2016-03-02,Day,5170
2016-03-02,Night,4943
2016-03-03,Day,1397
2016-03-03,Night,2200
2016-03-04,Day,9750
2016-03-04,Night,5769
2016-03-05,Day,2414
2016-03-05,Night,1670
2016-03-07,Day,0807
2016-03-07,Night,2421
2016-03-08,Day,0930
2016-03-08,Night,9042
2016-03-09,Day,9856
2016-03-09,Night,1542
2016-03-10,Day,7133
2016-03-10,Night,8207
2016-03-11,Day,0373
2016-03-11,Night,8105
2016-03-12,Day,4692
2016-03-12,Night,2400
2016-03-14,Day,1971
2016-03-14,Night,6000
2016-03-15,Day,3074
2016-03-15,Night,6033
2016-03-16,Day,7677
2016-03-16,Night,4584
2016-03-17,Day,4943
2016-03-17,Night,0553
2016-03-18,Day,2780
2016-03-18,Night,2370
2016-03-19,Day,3684
2016-03-19,Night,5530
2016-03-21,Day,3462
2016-03-21,Night,8790
2016-03-22,Day,2051
2016-03-22,Night,5564
2016-03-23,Day,2406
2016-03-23,Night,7956
2016-03-24,Day,7686
2016-03-24,Night,6221
2016-03-25,Day,6089
2016-03-25,Night,2509
2016-03-26,Day,6984
2016-03-26,Night,6652
2016-03-28,Day,7427
2016-03-28,Night,4328
2016-03-29,Day,2593
2016-03-29,Night,0356
2016-03-30,Day,7055
2016-03-30,Night,5652
2016-03-31,Day,3674
2016-03-31,Night,6307
2016-04-01,Day,9474
2016-04-01,Night,0341
2016-04-02,Day,4247
2016-04-02,Night,1276
2016-04-04,Day,3846
2016-04-04,Night,3434
2016-04-05,Day,5640
2016-04-05,Night,9859
2016-04-06,Day,8158
2016-04-06,Night,7128
2016-04-07,Day,5558
2016-04-07,Night,4673
2016-04-08,Day,4525
2016-04-08,Night,3281
2016-04-09,Day,1361
2016-04-09,Night,3146
2016-04-11,Day,7395
2016-04-11,Night,0525
2016-04-12,Day,9831
2016-04-12,Night,9374
2016-04-13,Day,1678
2016-04-13,Night,3962
2016-04-14,Day,6170
2016-04-14,Night,4060
2016-04-15,Day,7664
2016-04-15,Night,5318
2016-04-16,Day,5692
2016-04-16,Night,3623
2016-04-18,Day,7167
2016-04-18,Night,1274
2016-04-19,Day,6227
2016-04-19,Night,5016
2016-04-20,Day,5587
2016-04-20,Night,7096
2016-04-21,Day,5697
2016-04-21,Night,9032
2016-04-22,Day,4266
2016-04-22,Night,1348
2016-04-23,Day,1076
2016-04-23,Night,4066
2016-04-25,Day,7680
2016-04-25,Night,0059
2016-04-26,Day,1392
2016-04-26,Night,5707
2016-04-27,Day,8707
2016-04-27,Night,3824
2016-04-28,Day,1993
2016-04-28,Night,2840
2016-04-29,Day,9661
2016-04-29,Night,5476
2016-04-30,Day,4373
2016-04-30,Night,7877
2016-05-02,Day,0376
2016-05-02,Night,3902
2016-05-03,Day,7898
2016-05-03,Night,7588
2016-05-04,Day,0814
2016-05-04,Night,1002
2016-05-05,Day,1277
2016-05-05,Night,5096
2016-05-06,Day,3346
2016-05-06,Night,1935
2016-05-07,Day,7679
2016-05-07,Night,8349
2016-05-09,Day,1284
2016-05-09,Night,9456
2016-05-10,Day,3583
2016-05-10,Night,5226
2016-05-11,Day,0764
2016-05-11,Night,6821
2016-05-12,Day,2973
2016-05-12,Night,4768
2016-05-13,Day,9606
2016-05-13,Night,0738
2016-05-14,Day,9186
2016-05-14,Night,2218
2016-05-16,Day,8030
2016-05-16,Night,8362
2016-05-17,Day,2071
2016-05-17,Night,6416
2016-05-18,Day,3471
2016-05-18,Night,7041
2016-05-19,Day,8609
2016-05-19,Night,2609
2016-05-20,Day,1466
2016-05-20,Night,2717
2016-05-21,Day,0052
2016-05-21,Night,8009
2016-05-23,Day,2723
2016-05-23,Night,7391
2016-05-24,Day,0838
2016-05-24,Night,4769
2016-05-25,Day,3254
2016-05-25,Night,4084
2016-05-26,Day,8750
2016-05-26,Night,8354
2016-05-27,Day,8603
2016-05-27,Night,5374
2016-05-28,Day,9108
2016-05-28,Night,6133
2016-05-30,Day,4600
2016-05-30,Night,1824
2016-05-31,Day,9342
2016-05-31,Night,3875
2016-06-01,Day,2445
2016-06-01,Night,0725
2016-06-02,Day,0998
2016-06-02,Night,4686
2016-06-03,Day,1915
2016-06-03,Night,0841
2016-06-04,Day,9398
2016-06-04,Night,9260
2016-06-06,Day,2043
2016-06-06,Night,9627
2016-06-07,Day,1391
2016-06-07,Night,0418
2016-06-08,Day,6691
2016-06-08,Night,7817
2016-06-09,Day,6432
2016-06-09,Night,5385
2016-06-10,Day,8663
2016-06-10,Night,3298
2016-06-11,Day,0706
2016-06-11,Night,8001
2016-06-13,Day,6373
2016-06-13,Night,6501
2016-06-14,Day,8782
2016-06-14,Night,7696
2016-06-15,Day,3484
2016-06-15,Night,8984
2016-06-16,Day,3632
2016-06-16,Night,8609
2016-06-17,Day,6757
2016-06-17,Night,4285
2016-06-18,Day,6768
2016-06-18,Night,4151
2016-06-20,Day,6818
2016-06-20,Night,3593
2016-06-21,Day,4195
2016-06-21,Night,6898
2016-06-22,Day,2831
2016-06-22,Night,2187
2016-06-23,Day,5754
2016-06-23,Night,8396
2016-06-24,Day,3356
2016-06-24,Night,6943
2016-06-25,Day,6406
2016-06-25,Night,8193
2016-06-27,Day,7444
2016-06-27,Night,0005
2016-06-28,Day,9454
2016-06-28,Night,9597
2016-06-29,Day,6236
2016-06-29,Night,1592
2016-06-30,Day,0180
2016-06-30,Night,9870
2016-07-01,Day,6980
2016-07-01,Night,1462
2016-07-02,Day,1740
2016-07-02,Night,1611
2016-07-04,Day,9379
2016-07-04,Night,5134
2016-07-05,Day,8931
2016-07-05,Night,2491
2016-07-06,Day,2097
2016-07-06,Night,2858
2016-07-07,Day,3325
2016-07-07,Night,3354
2016-07-08,Day,2911
2016-07-08,Night,5626
2016-07-09,Day,8180
2016-07-09,Night,0183
2016-07-11,Day,4647
2016-07-11,Night,8720
2016-07-12,Day,2819
2016-07-12,Night,7459
2016-07-13,Day,7379
2016-07-13,Night,2397
2016-07-14,Day,7734
2016-07-14,Night,0901
2016-07-15,Day,3484
2016-07-15,Night,3979
2016-07-16,Day,7728
2016-07-16,Night,3557
2016-07-18,Day,8546
2016-07-18,Night,1402
2016-07-19,Day,1160
2016-07-19,Night,0405
2016-07-20,Day,5322
2016-07-20,Night,5330
2016-07-21,Day,6072
2016-07-21,Night,9810
2016-07-22,Day,8837
2016-07-22,Night,0842
2016-07-23,Day,6374
2016-07-23,Night,3067
2016-07-25,Day,8525
2016-07-25,Night,6346
2016-07-26,Day,0486
2016-07-26,Night,8902
2016-07-27,Day,6010
2016-07-27,Night,1481
2016-07-28,Day,9111
2016-07-28,Night,6739
2016-07-29,Day,8360
2016-07-29,Night,8270
2016-07-30,Day,5141
2016-07-30,Night,4821
2016-08-01,Day,6331
2016-08-01,Night,0569
2016-08-02,Day,8606
2016-08-02,Night,2951
2016-08-03,Day,9928
2016-08-03,Night,7719
2016-08-04,Day,5956
2016-08-04,Night,7453
2016-08-05,Day,6426
2016-08-05,Night,9596
2016-08-06,Day,9578
2016-08-06,Night,3902
2016-08-08,Day,7311
2016-08-08,Night,0959
2016-08-09,Day,0611
2016-08-09,Night,9245
2016-08-10,Day,2422
2016-08-10,Night,8607
2016-08-11,Day,3962
2016-08-11,Night,1680
2016-08-12,Day,5142
2016-08-12,Night,5255
2016-08-13,Day,9818
2016-08-13,Night,8194
2016-08-15,Day,2886
2016-08-15,Night,9672
2016-08-16,Day,5131
2016-08-16,Night,6501
2016-08-17,Day,7026
2016-08-17,Night,6026
2016-08-18,Day,1956
2016-08-18,Night,8130
2016-08-19,Day,6780
2016-08-19,Night,0282
2016-08-20,Day,1700
2016-08-20,Night,3879
2016-08-22,Day,1162
2016-08-22,Night,5322
2016-08-23,Day,8404
2016-08-23,Night,3925
2016-08-24,Day,0688
2016-08-24,Night,9604
2016-08-25,Day,0161
2016-08-25,Night,3257
2016-08-26,Day,2364
2016-08-26,Night,3126
2016-08-27,Day,6205
2016-08-27,Night,7947
2016-08-29,Day,1028
2016-08-29,Night,6239
2016-08-30,Day,8779
2016-08-30,Night,0915
2016-08-31,Day,7040
2016-08-31,Night,3716
2016-09-01,Day,5613
2016-09-01,Night,7074
2016-09-02,Day,9216
2016-09-02,Night,6079
2016-09-03,Day,3453
2016-09-03,Night,9111
2016-09-05,Day,5645
2016-09-05,Night,7060
2016-09-06,Day,0000
2016-09-06,Night,3391
2016-09-07,Day,5662
2016-09-07,Night,9544
2016-09-08,Day,5019
2016-09-08,Night,3847
2016-09-09,Day,9467
2016-09-09,Night,4249
2016-09-10,Day,9028
2016-09-10,Night,1605
2016-09-12,Day,6323
2016-09-12,Night,8220
2016-09-13,Day,2084
2016-09-13,Night,3902
2016-09-14,Day,9111
2016-09-14,Night,2076
2016-09-15,Day,2279
2016-09-15,Night,7174
2016-09-16,Day,5245
2016-09-16,Night,5946
2016-09-17,Day,3300
2016-09-17,Night,1143
2016-09-19,Day,6199
2016-09-19,Night,3199
2016-09-20,Day,1955
2016-09-20,Night,9409
2016-09-21,Day,7902
2016-09-21,Night,9337
2016-09-22,Day,2742
2016-09-22,Night,8346
2016-09-23,Day,1073
2016-09-23,Night,9651
2016-09-24,Day,1805
2016-09-24,Night,6152
2016-09-26,Day,2987
2016-09-26,Night,5826
2016-09-27,Day,5471
2016-09-27,Night,9453
2016-09-28,Day,7916
2016-09-28,Night,8548
2016-09-29,Day,3033
2016-09-29,Night,1884
2016-09-30,Day,9104
2016-09-30,Night,8599
2016-10-01,Day,4056
2016-10-01,Night,0678
2016-10-03,Day,5179
2016-10-03,Night,6029
2016-10-04,Day,9076
2016-10-04,Night,1648
2016-10-05,Day,8268
2016-10-05,Night,1639
2016-10-06,Day,6966
2016-10-06,Night,3497
2016-10-07,Day,3253
2016-10-07,Night,8666
2016-10-08,Day,5360
2016-10-08,Night,0954
2016-10-10,Day,1682
2016-10-10,Night,6631
2016-10-11,Day,0866
2016-10-11,Night,3386
2016-10-12,Day,0090
2016-10-12,Night,8152
2016-10-13,Day,4833
2016-10-13,Night,2623
2016-10-14,Day,7355
2016-10-14,Night,6589
2016-10-15,Day,1819
2016-10-15,Night,4414
2016-10-17,Day,4547
2016-10-17,Night,7825
2016-10-18,Day,8985
2016-10-18,Night,9439
2016-10-19,Day,3392
2016-10-19,Night,7719
2016-10-20,Day,3374
2016-10-20,Night,7619
2016-10-21,Day,7685
2016-10-21,Night,7435
2016-10-22,Day,2481
2016-10-22,Night,9734
2016-10-24,Day,8345
2016-10-24,Night,0543
2016-10-25,Day,3682
2016-10-25,Night,9383
2016-10-26,Day,2952
2016-10-26,Night,2085
2016-10-27,Day,5598
2016-10-27,Night,4192
2016-10-28,Day,6791
2016-10-28,Night,5098
2016-10-29,Day,1415
2016-10-29,Night,0152
2016-10-31,Day,7765
2016-10-31,Night,5177
2016-11-01,Day,8873
2016-11-01,Night,2234
2016-11-02,Day,8545
2016-11-02,Night,3645
2016-11-03,Day,5082
2016-11-03,Night,1407
2016-11-04,Day,8804
2016-11-04,Night,7682
2016-11-05,Day,6756
2016-11-05,Night,3743
2016-11-07,Day,3347
2016-11-07,Night,4596
2016-11-08,Day,6151
2016-11-08,Night,1941
2016-11-09,Day,3703
2016-11-09,Night,4356
2016-11-10,Day,9244
2016-11-10,Night,0214
2016-11-11,Day,0292
2016-11-11,Night,6966
2016-11-12,Day,5453
2016-11-12,Night,9555
2016-11-14,Day,4069
2016-11-14,Night,8263
2016-11-15,Day,4634
2016-11-15,Night,2402
2016-11-16,Day,9220
2016-11-16,Night,9960
2016-11-17,Day,3954
2016-11-17,Night,5202
2016-11-18,Day,5248
2016-11-18,Night,2890
2016-11-19,Day,4789
2016-11-19,Night,7355
2016-11-21,Day,6413
2016-11-21,Night,8496
2016-11-22,Day,8777
2016-11-22,Night,6675
2016-11-23,Day,1836
2016-11-23,Night,7929
2016-11-24,Day,9456
2016-11-24,Night,8938
2016-11-25,Day,6243
2016-11-25,Night,3443
2016-11-26,Day,5264
2016-11-26,Night,6334
2016-11-28,Day,6632
2016-11-28,Night,0900
2016-11-29,Day,0109
2016-11-29,Night,0598
2016-11-30,Day,1475
2016-11-30,Night,6206
2016-12-01,Day,2853
2016-12-01,Night,8951
2016-12-02,Day,8102
2016-12-02,Night,6726
2016-12-03,Day,2940
2016-12-03,Night,9183
2016-12-05,Day,4554
2016-12-05,Night,6709
2016-12-06,Day,9600
2016-12-06,Night,7707
2016-12-07,Day,0550
2016-12-07,Night,2030
2016-12-08,Day,8379
2016-12-08,Night,2333
2016-12-09,Day,4307
2016-12-09,Night,8136
2016-12-10,Day,8392
2016-12-10,Night,0164
2016-12-12,Day,2921
2016-12-12,Night,0452
2016-12-13,Day,4289
2016-12-13,Night,0104
2016-12-14,Day,3745
2016-12-14,Night,2216
2016-12-15,Day,8763
2016-12-15,Night,1206
2016-12-16,Day,8035
2016-12-16,Night,9334
2016-12-17,Day,7603
2016-12-17,Night,7277
2016-12-19,Day,6098
2016-12-19,Night,2264
2016-12-20,Day,1955
2016-12-20,Night,7078
2016-12-21,Day,0462
2016-12-21,Night,9966
2016-12-22,Day,6177
2016-12-22,Night,2469
2016-12-23,Day,5131
2016-12-23,Night,5926
2016-12-24,Day,8193
2016-12-24,Night,5031
2016-12-26,Day,5748
2016-12-26,Night,0245
2016-12-27,Day,8001
2016-12-27,Night,3575
2016-12-28,Day,6583
2016-12-28,Night,0404
2016-12-29,Day,9934
2016-12-29,Night,9636
2016-12-30,Day,9939
2016-12-30,Night,9222
2016-12-31,Day,3171
2016-12-31,Night,0373
2017-01-02,Day,2507
2017-01-02,Night,2012
2017-01-03,Day,0742
2017-01-03,Night,6108
2017-01-04,Day,2530
2017-01-04,Night,2747
2017-01-05,Day,6522
2017-01-05,Night,7923
2017-01-06,Day,8057
2017-01-06,Night,2213
2017-01-07,Day,8966
2017-01-07,Night,2992
2017-01-09,Day,5884
2017-01-09,Night,5501
2017-01-10,Day,8619
2017-01-10,Night,8809
2017-01-11,Day,7595
2017-01-11,Night,7483
2017-01-12,Day,9917
2017-01-12,Night,4988
2017-01-13,Day,9854
2017-01-13,Night,9695
2017-01-14,Day,6774
2017-01-14,Night,4123
2017-01-16,Day,5645
2017-01-16,Night,0570
2017-01-17,Day,2665
2017-01-17,Night,1482
2017-01-18,Day,3858
2017-01-18,Night,3674
2017-01-19,Day,4273
2017-01-19,Night,8031
2017-01-20,Day,9894
2017-01-20,Night,3560
2017-01-21,Day,4399
2017-01-21,Night,2085
2017-01-23,Day,3884
2017-01-23,Night,5925
2017-01-24,Day,0908
2017-01-24,Night,9514
2017-01-25,Day,6042
2017-01-25,Night,1732
2017-01-26,Day,9451
2017-01-26,Night,7423
2017-01-27,Day,3268
2017-01-27,Night,1749
2017-01-28,Day,1974
2017-01-28,Night,1488
2017-01-30,Day,2478
2017-01-30,Night,6559
2017-01-31,Day,6837
2017-01-31,Night,4823
2017-02-01,Day,5678
2017-02-01,Night,9056
2017-02-02,Day,5038
2017-02-02,Night,6930
2017-02-03,Day,6870
2017-02-03,Night,8276
2017-02-04,Day,5105
2017-02-04,Night,9883
2017-02-06,Day,1722
2017-02-06,Night,2662
2017-02-07,Day,4993
2017-02-07,Night,1707
2017-02-08,Day,1713
2017-02-08,Night,4398
2017-02-09,Day,1782
2017-02-09,Night,8988
2017-02-10,Day,3126
2017-02-10,Night,5856
2017-02-11,Day,8295
2017-02-11,Night,0498
2017-02-13,Day,1492
2017-02-13,Night,5884
2017-02-14,Day,9209
2017-02-14,Night,2063
2017-02-15,Day,6730
2017-02-15,Night,2682
2017-02-16,Day,9627
2017-02-16,Night,9031
2017-02-17,Day,3743
2017-02-17,Night,8125
2017-02-18,Day,7653
2017-02-18,Night,8760
2017-02-20,Day,1147
2017-02-20,Night,6723
2017-02-21,Day,3295
2017-02-21,Night,2848
2017-02-22,Day,4661
2017-02-22,Night,7810
2017-02-23,Day,1397
2017-02-23,Night,1527
2017-02-24,Day,0586
2017-02-24,Night,2520
2017-02-25,Day,6064
2017-02-25,Night,4972
2017-02-27,Day,5337
2017-02-27,Night,5813
2017-02-28,Day,8644
2017-02-28,Night,3999
2017-03-01,Day,5359
2017-03-01,Night,2609
2017-03-02,Day,3611
2017-03-02,Night,9247
2017-03-03,Day,3683
2017-03-03,Night,0908
2017-03-04,Day,3436
2017-03-04,Night,7635
2017-03-06,Day,5547
2017-03-06,Night,3110
2017-03-07,Day,9975
2017-03-07,Night,3130
2017-03-08,Day,9866
2017-03-08,Night,1185
2017-03-09,Day,7476
2017-03-09,Night,0642
2017-03-10,Day,0487
2017-03-10,Night,7231
2017-03-11,Day,2968
2017-03-11,Night,6403
2017-03-13,Day,4547
2017-03-13,Night,8482
2017-03-14,Day,6850
2017-03-14,Night,4319
2017-03-15,Day,5562
2017-03-15,Night,5927
2017-03-16,Day,6992
2017-03-16,Night,4808
2017-03-17,Day,2155
2017-03-17,Night,6695
2017-03-18,Day,1521
2017-03-18,Night,5361
2017-03-20,Day,1566
2017-03-20,Night,1747
2017-03-21,Day,7460
2017-03-21,Night,2176
2017-03-22,Day,0089
2017-03-22,Night,9292
2017-03-23,Day,6603
2017-03-23,Night,9463
2017-03-24,Day,2145
2017-03-24,Night,2279
2017-03-25,Day,8597
2017-03-25,Night,5270
2017-03-27,Day,5268
2017-03-27,Night,5220
2017-03-28,Day,3333
2017-03-28,Night,6007
2017-03-29,Day,5736
2017-03-29,Night,7717
2017-03-30,Day,9376
2017-03-30,Night,7549
2017-03-31,Day,6548
2017-03-31,Night,3340
2017-04-01,Day,8357
2017-04-01,Night,4564
2017-04-03,Day,4390
2017-04-03,Night,0026
2017-04-04,Day,0370
2017-04-04,Night,2962
2017-04-05,Day,3113
2017-04-05,Night,8940
2017-04-06,Day,3842
2017-04-06,Night,0599
2017-04-07,Day,4175
2017-04-07,Night,8061
2017-04-08,Day,3981
2017-04-08,Night,1692
2017-04-10,Day,4186
2017-04-10,Night,8288
2017-04-11,Day,0113
2017-04-11,Night,1503
2017-04-12,Day,4485
2017-04-12,Night,0171
2017-04-13,Day,2920
2017-04-13,Night,7014
2017-04-14,Day,6049
2017-04-14,Night,4400
2017-04-15,Day,9505
2017-04-15,Night,6402
2017-04-17,Day,4910
2017-04-17,Night,1679
2017-04-18,Day,2744
2017-04-18,Night,6993
2017-04-19,Day,4950
2017-04-19,Night,2530
2017-04-20,Day,5483
2017-04-20,Night,9979
2017-04-21,Day,9551
2017-04-21,Night,8556
2017-04-22,Day,7369
2017-04-22,Night,2243
2017-04-24,Day,5450
2017-04-24,Night,8719
2017-04-25,Day,1964
2017-04-25,Night,5851
2017-04-26,Day,5117
2017-04-26,Night,6476
2017-04-27,Day,1990
2017-04-27,Night,2897
2017-04-28,Day,0553
2017-04-28,Night,9078
2017-04-29,Day,5427
2017-04-29,Night,3679
2017-05-01,Day,8336
2017-05-01,Night,9194
2017-05-02,Day,6961
2017-05-02,Night,3113
2017-05-03,Day,7837
2017-05-03,Night,9048
2017-05-04,Day,8463
2017-05-04,Night,1109
2017-05-05,Day,1275
2017-05-05,Night,1625
2017-05-06,Day,7864
2017-05-06,Night,9344
2017-05-08,Day,7320
2017-05-08,Night,9558
2017-05-09,Day,5916
2017-05-09,Night,7277
2017-05-10,Day,8208
2017-05-10,Night,3785
2017-05-11,Day,7716
2017-05-11,Night,9321
2017-05-12,Day,6487
2017-05-12,Night,3308
2017-05-13,Day,5520
2017-05-13,Night,5947
2017-05-15,Day,2023
2017-05-15,Night,9174
2017-05-16,Day,5114
2017-05-16,Night,0893
2017-05-17,Day,8991
2017-05-17,Night,7946
2017-05-18,Day,9334
2017-05-18,Night,7036
2017-05-19,Day,0804
2017-05-19,Night,5370
2017-05-20,Day,7936
2017-05-20,Night,2960
2017-05-22,Day,7573
2017-05-22,Night,7674
2017-05-23,Day,6339
2017-05-23,Night,7834
2017-05-24,Day,6674
2017-05-24,Night,6521
2017-05-25,Day,7003
2017-05-25,Night,0910
2017-05-26,Day,5153
2017-05-26,Night,5965
2017-05-27,Day,8610
2017-05-27,Night,5597
2017-05-29,Day,8338
2017-05-29,Night,4584
2017-05-30,Day,5670
2017-05-30,Night,2549
2017-05-31,Day,8045
2017-05-31,Night,6218
2017-06-01,Day,3758
2017-06-01,Night,8882
2017-06-02,Day,7729
2017-06-02,Night,2419
2017-06-03,Day,8850
2017-06-03,Night,2745
2017-06-05,Day,0498
2017-06-05,Night,4586
2017-06-06,Day,1676
2017-06-06,Night,5144
2017-06-07,Day,9977
2017-06-07,Night,8887
2017-06-08,Day,0485
2017-06-08,Night,3560
2017-06-09,Day,7742
2017-06-09,Night,5501
2017-06-10,Day,8923
2017-06-10,Night,3545
2017-06-12,Day,0761
2017-06-12,Night,4054
2017-06-13,Day,9957
2017-06-13,Night,7480
2017-06-14,Day,1557
2017-06-14,Night,9288
2017-06-15,Day,7200
2017-06-15,Night,4311
2017-06-16,Day,4122
2017-06-16,Night,5083
2017-06-17,Day,3385
2017-06-17,Night,1713
2017-06-19,Day,4035
2017-06-19,Night,8371
2017-06-20,Day,2429
2017-06-20,Night,6248
2017-06-21,Day,1627
2017-06-21,Night,2232
2017-06-22,Day,6920
2017-06-22,Night,2973
2017-06-23,Day,1332
2017-06-23,Night,2526
2017-06-24,Day,0180
2017-06-24,Night,0973
2017-06-26,Day,8904
2017-06-26,Night,9094
2017-06-27,Day,7506
2017-06-27,Night,3243
2017-06-28,Day,2821
2017-06-28,Night,5889
2017-06-29,Day,0479
2017-06-29,Night,7166
2017-06-30,Day,3075
2017-06-30,Night,6087
2017-07-01,Day,5302
2017-07-01,Night,2528
2017-07-03,Day,5597
2017-07-03,Night,7229
2017-07-04,Day,8380
2017-07-04,Night,0510
2017-07-05,Day,8429
2017-07-05,Night,4372
2017-07-06,Day,6210
2017-07-06,Night,2779
2017-07-07,Day,5527
2017-07-07,Night,0929
2017-07-08,Day,1363
2017-07-08,Night,3960
2017-07-10,Day,0174
2017-07-10,Night,1574
2017-07-11,Day,7929
2017-07-11,Night,7788
2017-07-12,Day,8288
2017-07-12,Night,8007
2017-07-13,Day,0290
2017-07-13,Night,8433
2017-07-14,Day,6150
2017-07-14,Night,6963
2017-07-15,Day,5037
2017-07-15,Night,9997
2017-07-17,Day,6230
2017-07-17,Night,8036
2017-07-18,Day,8372
2017-07-18,Night,9518
2017-07-19,Day,3301
2017-07-19,Night,2625
2017-07-20,Day,5950
2017-07-20,Night,2997
2017-07-21,Day,7295
2017-07-21,Night,6178
2017-07-22,Day,5343
2017-07-22,Night,1088
2017-07-24,Day,7975
2017-07-24,Night,9432
2017-07-25,Day,7429
2017-07-25,Night,6041
2017-07-26,Day,7910
2017-07-26,Night,3677
2017-07-27,Day,9527
2017-07-27,Night,4469
2017-07-28,Day,5096
2017-07-28,Night,2016
2017-07-29,Day,6454
2017-07-29,Night,8667
2017-07-31,Day,8927
2017-07-31,Night,2967
2017-08-01,Day,1778
2017-08-01,Night,6690
2017-08-02,Day,3304
2017-08-02,Night,8666
2017-08-03,Day,8628
2017-08-03,Night,6600
2017-08-04,Day,5017
2017-08-04,Night,2347
2017-08-05,Day,9150
2017-08-05,Night,9989
2017-08-07,Day,2279
2017-08-07,Night,9504
2017-08-08,Day,5832
2017-08-08,Night,5059
2017-08-09,Day,1848
2017-08-09,Night,5371
2017-08-10,Day,6361
2017-08-10,Night,3371
2017-08-11,Day,4666
2017-08-11,Night,0870
2017-08-12,Day,3099
2017-08-12,Night,3176
2017-08-14,Day,9840
2017-08-14,Night,6461
2017-08-15,Day,5398
2017-08-15,Night,0157
2017-08-16,Day,8077
2017-08-16,Night,0315
2017-08-17,Day,5227
2017-08-17,Night,4054
2017-08-18,Day,6481
2017-08-18,Night,1737
2017-08-19,Day,6451
2017-08-19,Night,8403
2017-08-21,Day,5726
2017-08-21,Night,7475
2017-08-22,Day,8765
2017-08-22,Night,4202
2017-08-23,Day,6214
2017-08-23,Night,2412
2017-08-24,Day,9741
2017-08-24,Night,9594
2017-08-25,Day,7710
2017-08-25,Night,8374
2017-08-26,Day,5022
2017-08-26,Night,1935
2017-08-28,Day,6253
2017-08-28,Night,8726
2017-08-29,Day,6983
2017-08-29,Night,6022
2017-08-30,Day,3015
2017-08-30,Night,1146
2017-08-31,Day,7442
2017-08-31,Night,2079
2017-09-01,Day,5909
2017-09-01,Night,5708
2017-09-02,Day,8185
2017-09-02,Night,9010
2017-09-04,Day,8901
2017-09-04,Night,5879
2017-09-05,Day,7691
2017-09-05,Night,6526
2017-09-06,Day,9662
2017-09-06,Night,0335
2017-09-07,Day,8823
2017-09-07,Night,1876
2017-09-08,Day,0203
2017-09-08,Night,9081
2017-09-09,Day,9133
2017-09-09,Night,2485
2017-09-11,Day,6163
2017-09-11,Night,2005
2017-09-12,Day,3000
2017-09-12,Night,1803
2017-09-13,Day,9915
2017-09-13,Night,2209
2017-09-14,Day,0004
2017-09-14,Night,2835
2017-09-15,Day,2036
2017-09-15,Night,9651
2017-09-16,Day,6622
2017-09-16,Night,7401
2017-09-18,Day,2559
2017-09-18,Night,1746
2017-09-19,Day,3728
2017-09-19,Night,1279
2017-09-20,Day,0720
2017-09-20,Night,5182
2017-09-21,Day,0757
2017-09-21,Night,2421
2017-09-22,Day,6288
2017-09-22,Night,4002
2017-09-23,Day,5668
2017-09-23,Night,0134
2017-09-25,Day,3514
2017-09-25,Night,1611
2017-09-26,Day,6337
2017-09-26,Night,0397
2017-09-27,Day,8563
2017-09-27,Night,0045
2017-09-28,Day,9952
2017-09-28,Night,3919
2017-09-29,Day,1433
2017-09-29,Night,5609
2017-09-30,Day,1377
2017-09-30,Night,4931
2017-10-02,Day,2274
2017-10-02,Night,3734
2017-10-03,Day,9486
2017-10-03,Night,8470
2017-10-04,Day,9701
2017-10-04,Night,0115
2017-10-05,Day,3687
2017-10-05,Night,0589
2017-10-06,Day,1665
2017-10-06,Night,1801
2017-10-07,Day,4216
2017-10-07,Night,1861
2017-10-09,Day,5894
2017-10-09,Night,8511
2017-10-10,Day,5835
2017-10-10,Night,8163
2017-10-11,Day,1745
2017-10-11,Night,5346
2017-10-12,Day,3667
2017-10-12,Night,0637
2017-10-13,Day,5600
2017-10-13,Night,7089
2017-10-14,Day,2855
2017-10-14,Night,8557
2017-10-16,Day,1540
2017-10-16,Night,7778
2017-10-17,Day,1510
2017-10-17,Night,4694
2017-10-18,Day,0976
2017-10-18,Night,6764
2017-10-19,Day,7687
2017-10-19,Night,3215
2017-10-20,Day,7799
2017-10-20,Night,9437
2017-10-21,Day,3893
2017-10-21,Night,3890
2017-10-23,Day,8090
2017-10-23,Night,2965
2017-10-24,Day,7541
2017-10-24,Night,2974
2017-10-25,Day,8945
2017-10-25,Night,4955
2017-10-26,Day,3740
2017-10-26,Night,2387
2017-10-27,Day,3968
2017-10-27,Night,5967
2017-10-28,Day,9736
2017-10-28,Night,1970
2017-10-30,Day,9850
2017-10-30,Night,0494
2017-10-31,Day,8629
2017-10-31,Night,5931
2017-11-01,Day,5238
2017-11-01,Night,1423
2017-11-02,Day,2717
2017-11-02,Night,3288
2017-11-03,Day,6073
2017-11-03,Night,6040
2017-11-04,Day,5746
2017-11-04,Night,3585
2017-11-06,Day,2827
2017-11-06,Night,7249
2017-11-07,Day,8920
2017-11-07,Night,2747
2017-11-08,Day,0782
2017-11-08,Night,2471
2017-11-09,Day,0743
2017-11-09,Night,9922
2017-11-10,Day,1357
2017-11-10,Night,6400
2017-11-11,Day,9337
2017-11-11,Night,6957
2017-11-13,Day,4659
2017-11-13,Night,8199
2017-11-14,Day,4602
2017-11-14,Night,4078
2017-11-15,Day,9632
2017-11-15,Night,8681
2017-11-16,Day,7627
2017-11-16,Night,0777
2017-11-17,Day,8164
2017-11-17,Night,6627
2017-11-18,Day,4658
2017-11-18,Night,9800
2017-11-20,Day,8021
2017-11-20,Night,4695
2017-11-21,Day,1570
2017-11-21,Night,8856
2017-11-22,Day,6525
2017-11-22,Night,6084
2017-11-23,Day,7846
2017-11-23,Night,8035
2017-11-24,Day,7396
2017-11-24,Night,9271
2017-11-25,Day,9166
2017-11-25,Night,6961
2017-11-27,Day,4171
2017-11-27,Night,7621
2017-11-28,Day,8801
2017-11-28,Night,4947
2017-11-29,Day,6467
2017-11-29,Night,5126
2017-11-30,Day,8919
2017-11-30,Night,5486
2017-12-01,Day,3524
2017-12-01,Night,4708
2017-12-02,Day,0012
2017-12-02,Night,0830
2017-12-04,Day,5377
2017-12-04,Night,0989
2017-12-05,Day,7547
2017-12-05,Night,4938
2017-12-06,Day,5387
2017-12-06,Night,4256
2017-12-07,Day,6305
2017-12-07,Night,7837
2017-12-08,Day,0419
2017-12-08,Night,6817
2017-12-09,Day,7857
2017-12-09,Night,4391
2017-12-11,Day,3443
2017-12-11,Night,8316
2017-12-12,Day,7329
2017-12-12,Night,7620
2017-12-13,Day,7844
2017-12-13,Night,4758
2017-12-14,Day,3171
2017-12-14,Night,7803
2017-12-15,Day,2062
2017-12-15,Night,3513
2017-12-16,Day,1302
2017-12-16,Night,7293
2017-12-18,Day,8397
2017-12-18,Night,4903
2017-12-19,Day,8872
2017-12-19,Night,0577
2017-12-20,Day,2238
2017-12-20,Night,6416
2017-12-21,Day,5757
2017-12-21,Night,9130
2017-12-22,Day,6258
2017-12-22,Night,7225
2017-12-23,Day,1800
2017-12-23,Night,9736
2017-12-26,Day,7922
2017-12-26,Night,1023
2017-12-27,Day,0467
2017-12-27,Night,3768
2017-12-28,Day,7917
2017-12-28,Night,1524
2017-12-29,Day,0084
2017-12-29,Night,2961
2017-12-30,Day,4248
2017-12-30,Night,8522
2018-01-01,Day,6374
2018-01-01,Night,9062
2018-01-02,Day,4964
2018-01-02,Night,3787
2018-01-03,Day,8792
2018-01-03,Night,8443
2018-01-04,Day,7820
2018-01-04,Night,7989
2018-01-05,Day,9377
2018-01-05,Night,2065
2018-01-06,Day,4993
2018-01-06,Night,5170
2018-01-08,Day,6947
2018-01-08,Night,6660
2018-01-09,Day,2189
2018-01-09,Night,5873
2018-01-10,Day,7109
2018-01-10,Night,2865
2018-01-11,Day,8490
2018-01-11,Night,7592
2018-01-12,Day,4814
2018-01-12,Night,9405
2018-01-13,Day,2979
2018-01-13,Night,8047
2018-01-15,Day,0067
2018-01-15,Night,4996
2018-01-16,Day,1620
2018-01-16,Night,2919
2018-01-17,Day,3979
2018-01-17,Night,7174
2018-01-18,Day,3251
2018-01-18,Night,1368
2018-01-19,Day,4784
2018-01-19,Night,3829
2018-01-20,Day,3798
2018-01-20,Night,2409
2018-01-22,Day,2381
2018-01-22,Night,6030
2018-01-23,Day,8250
2018-01-23,Night,2853
2018-01-24,Day,3914
2018-01-24,Night,3894
2018-01-25,Day,7787
2018-01-25,Night,9796
2018-01-26,Day,9573
2018-01-26,Night,9608
2018-01-27,Day,5232
2018-01-27,Night,1921
2018-01-29,Day,7590
2018-01-29,Night,3423
2018-01-30,Day,3290
2018-01-30,Night,6376
2018-01-31,Day,4935
2018-01-31,Night,8541
2018-02-01,Day,4756
2018-02-01,Night,9105
2018-02-02,Day,3333
2018-02-02,Night,6337
2018-02-03,Day,9632
2018-02-03,Night,2385
2018-02-05,Day,1233
2018-02-05,Night,7552
2018-02-06,Day,4449
2018-02-06,Night,3068
2018-02-07,Day,5183
2018-02-07,Night,4227
2018-02-08,Day,6379
2018-02-08,Night,8230
2018-02-09,Day,3395
2018-02-09,Night,7854
2018-02-10,Day,2773
2018-02-10,Night,7132
2018-02-12,Day,7707
2018-02-12,Night,5974
2018-02-13,Day,1872
2018-02-13,Night,4859
2018-02-14,Day,0126
2018-02-14,Night,5621
2018-02-15,Day,4084
2018-02-15,Night,6219
2018-02-16,Day,7515
2018-02-16,Night,9994
2018-02-17,Day,4239
2018-02-17,Night,5796
2018-02-19,Day,3233
2018-02-19,Night,3723
2018-02-20,Day,8739
2018-02-20,Night,8914
2018-02-21,Day,1315
2018-02-21,Night,6041
2018-02-22,Day,2215
2018-02-22,Night,8520
2018-02-23,Day,6803
2018-02-23,Night,3488
2018-02-24,Day,4657
2018-02-24,Night,1796
2018-02-26,Day,5483
2018-02-26,Night,4432
2018-02-27,Day,0568
2018-02-27,Night,1749
2018-02-28,Day,1211
2018-02-28,Night,3390
2018-03-01,Day,9304
2018-03-01,Night,9518
2018-03-02,Day,8862
2018-03-02,Night,7991
2018-03-03,Day,2085
2018-03-03,Night,7809
2018-03-05,Day,9572
2018-03-05,Night,0784
2018-03-06,Day,6440
2018-03-06,Night,2047
2018-03-07,Day,4532
2018-03-07,Night,0507
2018-03-08,Day,3905
2018-03-08,Night,6614
2018-03-09,Day,8772
2018-03-09,Night,0797
2018-03-10,Day,5860
2018-03-10,Night,2304
2018-03-12,Day,4406
2018-03-12,Night,3547
2018-03-13,Day,9340
2018-03-13,Night,7662
2018-03-14,Day,2657
2018-03-14,Night,6505
2018-03-15,Day,1253
2018-03-15,Night,4383
2018-03-16,Day,3523
2018-03-16,Night,9295
2018-03-17,Day,2121
2018-03-17,Night,5722
2018-03-19,Day,1922
2018-03-19,Night,6457
2018-03-20,Day,3914
2018-03-20,Night,7759
2018-03-21,Day,6759
2018-03-21,Night,7870
2018-03-22,Day,7420
2018-03-22,Night,6493
2018-03-23,Day,4711
2018-03-23,Night,2253
2018-03-24,Day,2129
2018-03-24,Night,4586
2018-03-26,Day,8489
2018-03-26,Night,7798
2018-03-27,Day,1838
2018-03-27,Night,0320
2018-03-28,Day,6188
2018-03-28,Night,4005
2018-03-29,Day,8397
2018-03-29,Night,8108
2018-03-30,Day,0157
2018-03-30,Night,5956
2018-03-31,Day,2769
2018-03-31,Night,1714
2018-04-02,Day,9303
2018-04-02,Night,8635
2018-04-03,Day,2929
2018-04-03,Night,9591
2018-04-04,Day,4629
2018-04-04,Night,3538
2018-04-05,Day,3966
2018-04-05,Night,9995
2018-04-06,Day,6815
2018-04-06,Night,0047
2018-04-07,Day,1150
2018-04-07,Night,9909
2018-04-09,Day,7818
2018-04-09,Night,7985
2018-04-10,Day,8209
2018-04-10,Night,4420
2018-04-11,Day,5624
2018-04-11,Night,7711
2018-04-12,Day,3442
2018-04-12,Night,2148
2018-04-13,Day,6751
2018-04-13,Night,3313
2018-04-14,Day,4758
2018-04-14,Night,1282
2018-04-16,Day,8519
2018-04-16,Night,5853
2018-04-17,Day,6214
2018-04-17,Night,8329
2018-04-18,Day,3691
2018-04-18,Night,4015
2018-04-19,Day,8642
2018-04-19,Night,8998
2018-04-20,Day,9300
2018-04-20,Night,9035
2018-04-21,Day,0836
2018-04-21,Night,5660
2018-04-23,Day,7855
2018-04-23,Night,8123
2018-04-24,Day,6215
2018-04-24,Night,9592
2018-04-25,Day,9251
2018-04-25,Night,0341
2018-04-26,Day,1829
2018-04-26,Night,0085
2018-04-27,Day,7776
2018-04-27,Night,7510
2018-04-28,Day,8417
2018-04-28,Night,6851
2018-04-30,Day,9784
2018-04-30,Night,1358
2018-05-01,Day,6192
2018-05-01,Night,7994
2018-05-02,Day,1078
2018-05-02,Night,2646
2018-05-03,Day,7214
2018-05-03,Night,2984
2018-05-04,Day,9277
2018-05-04,Night,6805
2018-05-05,Day,8236
2018-05-05,Night,5299
2018-05-07,Day,8640
2018-05-07,Night,9211
2018-05-08,Day,6904
2018-05-08,Night,0268
2018-05-09,Day,2258
2018-05-09,Night,3125
2018-05-10,Day,6801
2018-05-10,Night,9439
2018-05-11,Day,9655
2018-05-11,Night,5257
2018-05-12,Day,2371
2018-05-12,Night,2998
2018-05-14,Day,2427
2018-05-14,Night,5979
2018-05-15,Day,7351
2018-05-15,Night,2793
2018-05-16,Day,4856
2018-05-16,Night,5010
2018-05-17,Day,4997
2018-05-17,Night,9768
2018-05-18,Day,4751
2018-05-18,Night,7419
2018-05-19,Day,1788
2018-05-19,Night,3885
2018-05-21,Day,7542
2018-05-21,Night,5093
2018-05-22,Day,5928
2018-05-22,Night,0279
2018-05-23,Day,3284
2018-05-23,Night,7589
2018-05-24,Day,5190
2018-05-24,Night,7931
2018-05-25,Day,6538
2018-05-25,Night,7957
2018-05-26,Day,6572
2018-05-26,Night,0630
2018-05-28,Day,5478
2018-05-28,Night,3838
2018-05-29,Day,6609
2018-05-29,Night,0733
2018-05-30,Day,8955
2018-05-30,Night,1623
2018-05-31,Day,2268
2018-05-31,Night,6744
2018-06-01,Day,1508
2018-06-01,Night,4779
2018-06-02,Day,9860
2018-06-02,Night,7628
2018-06-04,Day,7576
2018-06-04,Night,6429
2018-06-05,Day,3841
2018-06-05,Night,5841
2018-06-06,Day,1883
2018-06-06,Night,2953
2018-06-07,Day,7833
2018-06-07,Night,3214
2018-06-08,Day,5343
2018-06-08,Night,5212
2018-06-09,Day,3094
2018-06-09,Night,5303
2018-06-11,Day,7335
2018-06-11,Night,0174
2018-06-12,Day,5286
2018-06-12,Night,4789
2018-06-13,Day,0936
2018-06-13,Night,6994
2018-06-14,Day,3208
2018-06-14,Night,4737
2018-06-15,Day,0891
2018-06-15,Night,2817
2018-06-16,Day,7308
2018-06-16,Night,9539
2018-06-18,Day,2666
2018-06-18,Night,4527
2018-06-19,Day,6981
2018-06-19,Night,6418
2018-06-20,Day,7420
2018-06-20,Night,2419
2018-06-21,Day,5700
2018-06-21,Night,1569
2018-06-22,Day,2031
2018-06-22,Night,2792
2018-06-23,Day,1160
2018-06-23,Night,0891
2018-06-25,Day,3384
2018-06-25,Night,3054
2018-06-26,Day,9554
2018-06-26,Night,5796
2018-06-27,Day,7248
2018-06-27,Night,9800
2018-06-28,Day,5327
2018-06-28,Night,9910
2018-06-29,Day,0109
2018-06-29,Night,3171
2018-06-30,Day,2940
2018-06-30,Night,3933
2018-07-02,Day,0134
2018-07-02,Night,7212
2018-07-03,Day,6186
2018-07-03,Night,2847
2018-07-04,Day,1862
2018-07-04,Night,2085
2018-07-05,Day,1597
2018-07-05,Night,7254
2018-07-06,Day,7528
2018-07-06,Night,7910
2018-07-07,Day,6854
2018-07-07,Night,4193
2018-07-09,Day,9310
2018-07-09,Night,3053
2018-07-10,Day,2170
2018-07-10,Night,4415
2018-07-11,Day,2600
2018-07-11,Night,4950
2018-07-12,Day,6169
2018-07-12,Night,6396
2018-07-13,Day,0530
2018-07-13,Night,2089
2018-07-14,Day,5841
2018-07-14,Night,9906
2018-07-16,Day,7109
2018-07-16,Night,9968
2018-07-17,Day,3577
2018-07-17,Night,8324
2018-07-18,Day,4884
2018-07-18,Night,7239
2018-07-19,Day,4500
2018-07-19,Night,4344
2018-07-20,Day,7642
2018-07-20,Night,4221
2018-07-21,Day,4529
2018-07-21,Night,9089
2018-07-23,Day,0616
2018-07-23,Night,5708
2018-07-24,Day,6905
2018-07-24,Night,6571
2018-07-25,Day,7762
2018-07-25,Night,1201
2018-07-26,Day,8448
2018-07-26,Night,2080
2018-07-27,Day,8680
2018-07-27,Night,7464
2018-07-28,Day,8789
2018-07-28,Night,3233
2018-07-30,Day,6289
2018-07-30,Night,7038
2018-07-31,Day,8407
2018-07-31,Night,9685
2018-08-01,Day,5744
2018-08-01,Night,7686
2018-08-02,Day,7625
2018-08-02,Night,5038
2018-08-03,Day,3864
2018-08-03,Night,8179
2018-08-04,Day,4409
2018-08-04,Night,9384
2018-08-06,Day,6408
2018-08-06,Night,5063
2018-08-07,Day,0899
2018-08-07,Night,6741
2018-08-08,Day,0261
2018-08-08,Night,8628
2018-08-09,Day,9789
2018-08-09,Night,4697
2018-08-10,Day,9413
2018-08-10,Night,6206
2018-08-11,Day,1450
2018-08-11,Night,0145
2018-08-13,Day,1402
2018-08-13,Night,6519
2018-08-14,Day,4249
2018-08-14,Night,5518
2018-08-15,Day,7132
2018-08-15,Night,4125
2018-08-16,Day,8101
2018-08-16,Night,9503
2018-08-17,Day,3410
2018-08-17,Night,6880
2018-08-18,Day,8877
2018-08-18,Night,1365
2018-08-20,Day,0777
2018-08-20,Night,7672
2018-08-21,Day,3792
2018-08-21,Night,5472
2018-08-22,Day,8822
2018-08-22,Night,3371
2018-08-23,Day,6910
2018-08-23,Night,7287
2018-08-24,Day,3538
2018-08-24,Night,1821
2018-08-25,Day,8253
2018-08-25,Night,1168
2018-08-27,Day,4432
2018-08-27,Night,4693
2018-08-28,Day,0184
2018-08-28,Night,5399
2018-08-29,Day,7885
2018-08-29,Night,7087
2018-08-30,Day,5819
2018-08-30,Night,1384
2018-08-31,Day,7205
2018-08-31,Night,7974
2018-09-01,Day,9900
2018-09-01,Night,4569
2018-09-03,Day,4698
2018-09-03,Night,4848
2018-09-04,Day,2250
2018-09-04,Night,6742
2018-09-05,Day,3835
2018-09-05,Night,8396
2018-09-06,Day,5214
2018-09-06,Night,4061
2018-09-07,Day,4172
2018-09-07,Night,3229
2018-09-08,Day,9783
2018-09-08,Night,0725
2018-09-10,Day,6393
2018-09-10,Night,4549
2018-09-11,Day,1547
2018-09-11,Night,3720
2018-09-12,Day,0351
2018-09-12,Night,1630
2018-09-13,Day,4418
2018-09-13,Night,0602
2018-09-14,Day,1133
2018-09-14,Night,8462
2018-09-15,Day,3927
2018-09-15,Night,1351
2018-09-17,Day,6399
2018-09-17,Night,4075
2018-09-18,Day,0655
2018-09-18,Night,0116
2018-09-19,Day,6199
2018-09-19,Night,9949
2018-09-20,Day,8974
2018-09-20,Night,6234
2018-09-21,Day,9090
2018-09-21,Night,5603
2018-09-22,Day,6629
2018-09-22,Night,8509
2018-09-24,Day,8922
2018-09-24,Night,0545
2018-09-25,Day,0960
2018-09-25,Night,7601
2018-09-26,Day,5381
2018-09-26,Night,5106
2018-09-27,Day,4011
2018-09-27,Night,9701
2018-09-28,Day,2376
2018-09-28,Night,4389
2018-09-29,Day,6434
2018-09-29,Night,1344
2018-10-01,Day,2824
2018-10-01,Night,5923
2018-10-02,Day,2274
2018-10-02,Night,4855
2018-10-03,Day,3174
2018-10-03,Night,2484
2018-10-04,Day,1184
2018-10-04,Night,5632
2018-10-05,Day,5998
2018-10-05,Night,2226
2018-10-06,Day,0645
2018-10-06,Night,1457
2018-10-08,Day,4058
2018-10-08,Night,3566
2018-10-09,Day,5724
2018-10-09,Night,5087
2018-10-10,Day,7772
2018-10-10,Night,1737
2018-10-11,Day,9541
2018-10-11,Night,9107
2018-10-12,Day,7936
2018-10-12,Night,0637
2018-10-13,Day,9154
2018-10-13,Night,7344
2018-10-15,Day,6438
2018-10-15,Night,8004
2018-10-16,Day,6940
2018-10-16,Night,6728
2018-10-17,Day,2911
2018-10-17,Night,1229
2018-10-18,Day,7247
2018-10-18,Night,6566
2018-10-19,Day,1982
2018-10-19,Night,4928
2018-10-20,Day,9668
2018-10-20,Night,4057
2018-10-22,Day,2033
2018-10-22,Night,5564
2018-10-23,Day,2905
2018-10-23,Night,0752
2018-10-24,Day,9234
2018-10-24,Night,5015
2018-10-25,Day,8750
2018-10-25,Night,7295
2018-10-26,Day,4571
2018-10-26,Night,4163
2018-10-27,Day,1550
2018-10-27,Night,7435
2018-10-29,Day,3653
2018-10-29,Night,5317
2018-10-30,Day,3057
2018-10-30,Night,0974
2018-10-31,Day,9316
2018-10-31,Night,1761
2018-11-01,Day,2134
2018-11-01,Night,4545
2018-11-02,Day,8761
2018-11-02,Night,1232
2018-11-03,Day,0829
2018-11-03,Night,9946
2018-11-05,Day,9731
2018-11-05,Night,7613
2018-11-06,Day,4918
2018-11-06,Night,6944
2018-11-07,Day,3390
2018-11-07,Night,0905
2018-11-08,Day,7744
2018-11-08,Night,2522
2018-11-09,Day,0613
2018-11-09,Night,9857
2018-11-10,Day,5662
2018-11-10,Night,1723
2018-11-12,Day,8186
2018-11-12,Night,7587
2018-11-13,Day,9162
2018-11-13,Night,2141
2018-11-14,Day,8166
2018-11-14,Night,5745
2018-11-15,Day,9246
2018-11-15,Night,3587
2018-11-16,Day,0103
2018-11-16,Night,3940
2018-11-17,Day,5980
2018-11-17,Night,9381
2018-11-19,Day,9600
2018-11-19,Night,7269
2018-11-20,Day,7606
2018-11-20,Night,2773
2018-11-21,Day,2789
2018-11-21,Night,9932
2018-11-22,Day,6860
2018-11-22,Night,0940
2018-11-23,Day,9034
2018-11-23,Night,8730
2018-11-24,Day,9377
2018-11-24,Night,4868
2018-11-26,Day,9229
2018-11-26,Night,2223
2018-11-27,Day,5530
2018-11-27,Night,4816
2018-11-28,Day,2042
2018-11-28,Night,7021
2018-11-29,Day,7518
2018-11-29,Night,4031
2018-11-30,Day,0378
2018-11-30,Night,3941
2018-12-01,Day,6352
2018-12-01,Night,0484
2018-12-03,Day,3268
2018-12-03,Night,8331
2018-12-04,Day,9740
2018-12-04,Night,0922
2018-12-05,Day,4780
2018-12-05,Night,8162
2018-12-06,Day,3210
2018-12-06,Night,6047
2018-12-07,Day,9998
2018-12-07,Night,1474
2018-12-08,Day,0354
2018-12-08,Night,2224
2018-12-10,Day,3515
2018-12-10,Night,9096
2018-12-11,Day,2561
2018-12-11,Night,0861
2018-12-12,Day,3110
2018-12-12,Night,7805
2018-12-13,Day,0155
2018-12-13,Night,2803
2018-12-14,Day,5618
2018-12-14,Night,0960
2018-12-15,Day,4043
2018-12-15,Night,4377
2018-12-17,Day,3966
2018-12-17,Night,1242
2018-12-18,Day,3563
2018-12-18,Night,5534
2018-12-19,Day,0797
2018-12-19,Night,0164
2018-12-20,Day,3571
2018-12-20,Night,9720
2018-12-21,Day,7864
2018-12-21,Night,4023
2018-12-22,Day,3436
2018-12-22,Night,1890
2018-12-24,Day,6909
2018-12-24,Night,1626
2018-12-26,Day,7953
2018-12-26,Night,0972
2018-12-27,Day,9687
2018-12-27,Night,4497
2018-12-28,Day,5892
2018-12-28,Night,4067
2018-12-29,Day,4067
2018-12-29,Night,9381
2018-12-31,Day,4071
2018-12-31,Night,7478
2019-01-01,Day,2136
2019-01-01,Night,3905
2019-01-02,Day,0681
2019-01-02,Night,5049
2019-01-03,Day,0809
2019-01-03,Night,3687
2019-01-04,Day,8697
2019-01-04,Night,0330
2019-01-05,Day,3806
2019-01-05,Night,1189
2019-01-07,Day,5880
2019-01-07,Night,8153
2019-01-08,Day,1864
2019-01-08,Night,4845
2019-01-09,Day,0527
2019-01-09,Night,0466
2019-01-10,Day,2838
2019-01-10,Night,6765
2019-01-11,Day,0350
2019-01-11,Night,0728
2019-01-12,Day,2628
2019-01-12,Night,3561
2019-01-14,Day,8074
2019-01-14,Night,3099
2019-01-15,Day,0461
2019-01-15,Night,4519
2019-01-16,Day,2818
2019-01-16,Night,3243
2019-01-17,Day,2064
2019-01-17,Night,8131
2019-01-18,Day,5639
2019-01-18,Night,4206
2019-01-19,Day,9877
2019-01-19,Night,2718
2019-01-21,Day,5686
2019-01-21,Night,4064
2019-01-22,Day,9857
2019-01-22,Night,6209
2019-01-23,Day,6243
2019-01-23,Night,6165
2019-01-24,Day,2436
2019-01-24,Night,3591
2019-01-25,Day,3919
2019-01-25,Night,1485
2019-01-26,Day,2512
2019-01-26,Night,2763
2019-01-28,Day,2166
2019-01-28,Night,2556
2019-01-29,Day,6803
2019-01-29,Night,0638
2019-01-30,Day,8889
2019-01-30,Night,1585
2019-01-31,Day,7362
2019-01-31,Night,2017
2019-02-01,Day,7695
2019-02-01,Night,9925
2019-02-02,Day,5601
2019-02-02,Night,5656
2019-02-04,Day,4267
2019-02-04,Night,7532
2019-02-05,Day,5939
2019-02-05,Night,9789
2019-02-06,Day,8722
2019-02-06,Night,6605
2019-02-07,Day,2244
2019-02-07,Night,7940
2019-02-08,Day,4835
2019-02-08,Night,3879
2019-02-09,Day,2939
2019-02-09,Night,8280
2019-02-11,Day,6504
2019-02-11,Night,6031
2019-02-12,Day,5606
2019-02-12,Night,2949
2019-02-13,Day,4891
2019-02-13,Night,3719
2019-02-14,Day,8164
2019-02-14,Night,8342
2019-02-15,Day,1660
2019-02-15,Night,8781
2019-02-16,Day,7485
2019-02-16,Night,4347
2019-02-18,Day,2890
2019-02-18,Night,4929
2019-02-19,Day,6876
2019-02-19,Night,6619
2019-02-20,Day,7610
2019-02-20,Night,4478
2019-02-21,Day,2186
2019-02-21,Night,7500
2019-02-22,Day,8465
2019-02-22,Night,4375
2019-02-23,Day,0875
2019-02-23,Night,3764
2019-02-25,Day,0099
2019-02-25,Night,6424
2019-02-26,Day,8120
2019-02-26,Night,9449
2019-02-27,Day,8460
2019-02-27,Night,1809
2019-02-28,Day,4068
2019-02-28,Night,7261
2019-03-01,Day,3541
2019-03-01,Night,8131
2019-03-02,Day,6551
2019-03-02,Night,6314
2019-03-04,Day,1265
2019-03-04,Night,9227
2019-03-05,Day,6287
2019-03-05,Night,4549
2019-03-06,Day,7014
2019-03-06,Night,1338
2019-03-07,Day,6740
2019-03-07,Night,2940
2019-03-08,Day,5361
2019-03-08,Night,8763
2019-03-09,Day,9090
2019-03-09,Night,9299
2019-03-11,Day,0055
2019-03-11,Night,2070
2019-03-12,Day,5046
2019-03-12,Night,3068
2019-03-13,Day,9441
2019-03-13,Night,9589
2019-03-14,Day,1741
2019-03-14,Night,7845
2019-03-15,Day,2439
2019-03-15,Night,9277
2019-03-16,Day,5163
2019-03-16,Night,5342
2019-03-18,Day,4589
2019-03-18,Night,9743
2019-03-19,Day,1008
2019-03-19,Night,8353
2019-03-20,Day,7002
2019-03-20,Night,1031
2019-03-21,Day,3481
2019-03-21,Night,7838
2019-03-22,Day,2273
2019-03-22,Night,2425
2019-03-23,Day,9441
2019-03-23,Night,8783
2019-03-25,Day,1632
2019-03-25,Night,0984
2019-03-26,Day,4622
2019-03-26,Night,8658
2019-03-27,Day,7006
2019-03-27,Night,9533
2019-03-28,Day,2926
2019-03-28,Night,3648
2019-03-29,Day,0380
2019-03-29,Night,3278
2019-03-30,Day,8882
2019-03-30,Night,3891
2019-04-01,Day,7971
2019-04-01,Night,1252
2019-04-02,Day,2669
2019-04-02,Night,9389
2019-04-03,Day,8801
2019-04-03,Night,8729
2019-04-04,Day,5618
2019-04-04,Night,6778
2019-04-05,Day,3767
2019-04-05,Night,4942
2019-04-06,Day,1377
2019-04-06,Night,2561
2019-04-08,Day,2448
2019-04-08,Night,4754
2019-04-09,Day,3656
2019-04-09,Night,0737
2019-04-10,Day,1031
2019-04-10,Night,0192
2019-04-11,Day,0299
2019-04-11,Night,3039
2019-04-12,Day,7355
2019-04-12,Night,0968
2019-04-13,Day,0473
2019-04-13,Night,7433
2019-04-15,Day,7322
2019-04-15,Night,9765
2019-04-16,Day,5363
2019-04-16,Night,5848
2019-04-17,Day,5358
2019-04-17,Night,1478
2019-04-18,Day,7077
2019-04-18,Night,9332
2019-04-19,Day,7603
2019-04-19,Night,6299
2019-04-20,Day,5241
2019-04-20,Night,6276
2019-04-22,Day,3265
2019-04-22,Night,4438
2019-04-23,Day,4002
2019-04-23,Night,4668
2019-04-24,Day,9805
2019-04-24,Night,5610
2019-04-25,Day,0797
2019-04-25,Night,1381
2019-04-26,Day,5375
2019-04-26,Night,5104
2019-04-27,Day,9062
2019-04-27,Night,1964
2019-04-29,Day,2724
2019-04-29,Night,5843
2019-04-30,Day,5325
2019-04-30,Night,7464
2019-05-01,Day,1995
2019-05-01,Night,3051
2019-05-02,Day,1515
2019-05-02,Night,9412
2019-05-03,Day,3361
2019-05-03,Night,7206
2019-05-04,Day,4259
2019-05-04,Night,6156
2019-05-06,Day,3078
2019-05-06,Night,0364
2019-05-07,Day,4570
2019-05-07,Night,9910
2019-05-08,Day,4637
2019-05-08,Night,9702
2019-05-09,Day,0555
2019-05-09,Night,5675
2019-05-10,Day,0602
2019-05-10,Night,9018
2019-05-11,Day,3959
2019-05-11,Night,2461
2019-05-13,Day,2862
2019-05-13,Night,7588
2019-05-14,Day,3485
2019-05-14,Night,4339
2019-05-15,Day,2812
2019-05-15,Night,1101
2019-05-16,Day,5982
2019-05-16,Night,2163
2019-05-17,Day,9113
2019-05-17,Night,5617
2019-05-18,Day,3514
2019-05-18,Night,9726
2019-05-20,Day,1662
2019-05-20,Night,7421
2019-05-21,Day,0228
2019-05-21,Night,2560
2019-05-22,Day,0635
2019-05-22,Night,5471
2019-05-23,Day,0026
2019-05-23,Night,2508
2019-05-24,Day,5610
2019-05-24,Night,8548
2019-05-25,Day,8332
2019-05-25,Night,3736
2019-05-27,Day,0415
2019-05-27,Night,7026
2019-05-28,Day,9554
2019-05-28,Night,4688
2019-05-29,Day,0908
2019-05-29,Night,8091
2019-05-30,Day,7893
2019-05-30,Night,8054
2019-05-31,Day,9876
2019-05-31,Night,3181
2019-06-01,Day,8157
2019-06-01,Night,7522
2019-06-03,Day,9756
2019-06-03,Night,2299
2019-06-04,Day,4274
2019-06-04,Night,5970
2019-06-05,Day,8714
2019-06-05,Night,9008
2019-06-06,Day,0884
2019-06-06,Night,8528
2019-06-07,Day,8926
2019-06-07,Night,7885
2019-06-08,Day,0093
2019-06-08,Night,3264
2019-06-10,Day,0761
2019-06-10,Night,4413
2019-06-11,Day,0202
2019-06-11,Night,0201
2019-06-12,Day,1679
2019-06-12,Night,0741
2019-06-13,Day,1577
2019-06-13,Night,1121
2019-06-14,Day,0080
2019-06-14,Night,5881
2019-06-15,Day,2145
2019-06-15,Night,5516
2019-06-17,Day,1867
2019-06-17,Night,8785
2019-06-18,Day,6907
2019-06-18,Night,3127
2019-06-19,Day,0430
2019-06-19,Night,3197
2019-06-20,Day,2538
2019-06-20,Night,8331
2019-06-21,Day,5460
2019-06-21,Night,7812
2019-06-22,Day,6350
2019-06-22,Night,2126
2019-06-24,Day,7301
2019-06-24,Night,6637
2019-06-25,Day,4026
2019-06-25,Night,5688
2019-06-26,Day,1691
2019-06-26,Night,5261
2019-06-27,Day,6709
2019-06-27,Night,9140
2019-06-28,Day,2974
2019-06-28,Night,5288
2019-06-29,Day,7708
2019-06-29,Night,1085
2019-07-01,Day,5338
2019-07-01,Night,7052
2019-07-02,Day,1315
2019-07-02,Night,7514
2019-07-03,Day,9453
2019-07-03,Night,2362
2019-07-04,Day,9676
2019-07-04,Night,5888
2019-07-05,Day,8278
2019-07-05,Night,7927
2019-07-06,Day,5470
2019-07-06,Night,5846
2019-07-08,Day,9948
2019-07-08,Night,4066
2019-07-09,Day,1657
2019-07-09,Night,4165
2019-07-10,Day,3179
2019-07-10,Night,8691
2019-07-11,Day,0267
2019-07-11,Night,0530
2019-07-12,Day,1715
2019-07-12,Night,2606
2019-07-13,Day,2246
2019-07-13,Night,5564
2019-07-15,Day,7267
2019-07-15,Night,3472
2019-07-16,Day,3560
2019-07-16,Night,4113
2019-07-17,Day,0890
2019-07-17,Night,5298
2019-07-18,Day,1507
2019-07-18,Night,0285
2019-07-19,Day,1258
2019-07-19,Night,6797
2019-07-20,Day,6230
2019-07-20,Night,9852
2019-07-22,Day,8473
2019-07-22,Night,8167
2019-07-23,Day,3616
2019-07-23,Night,0780
2019-07-24,Day,1657
2019-07-24,Night,1246
2019-07-25,Day,3430
2019-07-25,Night,5596
2019-07-26,Day,6800
2019-07-26,Night,5659
2019-07-27,Day,1978
2019-07-27,Night,3577
2019-07-29,Day,3244
2019-07-29,Night,2346
2019-07-30,Day,0079
2019-07-30,Night,0176
2019-07-31,Day,2395
2019-07-31,Night,3623
2019-08-01,Day,5151
2019-08-01,Night,5624
2019-08-02,Day,9926
2019-08-02,Night,9945
2019-08-03,Day,9804
2019-08-03,Night,0892
2019-08-05,Day,9468
2019-08-05,Night,7434
2019-08-06,Day,6583
2019-08-06,Night,0993
2019-08-07,Day,5501
2019-08-07,Night,2324
2019-08-08,Day,4324
2019-08-08,Night,9169
2019-08-09,Day,1869
2019-08-09,Night,7378
2019-08-10,Day,6420
2019-08-10,Night,5010
2019-08-12,Day,2513
2019-08-12,Night,8708
2019-08-13,Day,3458
2019-08-13,Night,6965
2019-08-14,Day,8146
2019-08-14,Night,5359
2019-08-15,Day,8581
2019-08-15,Night,5940
2019-08-16,Day,4696
2019-08-16,Night,7435
2019-08-17,Day,2878
2019-08-17,Night,8848
2019-08-19,Day,9572
2019-08-19,Night,5647
2019-08-20,Day,3248
2019-08-20,Night,6379
2019-08-21,Day,2054
2019-08-21,Night,3048
2019-08-22,Day,4878
2019-08-22,Night,4044
2019-08-23,Day,9966
2019-08-23,Night,7923
2019-08-24,Day,5055
2019-08-24,Night,6862
2019-08-26,Day,4087
2019-08-26,Night,6225
2019-08-27,Day,5798
2019-08-27,Night,0973
2019-08-28,Day,5327
2019-08-28,Night,4805
2019-08-29,Day,0496
2019-08-29,Night,6045
2019-08-30,Day,8748
2019-08-30,Night,1094
2019-08-31,Day,4589
2019-08-31,Night,3990
2019-09-02,Day,6973
2019-09-02,Night,2161
2019-09-03,Day,6252
2019-09-03,Night,0506
2019-09-04,Day,6324
2019-09-04,Night,9630
2019-09-05,Day,5658
2019-09-05,Night,6923
2019-09-06,Day,3163
2019-09-06,Night,3038
2019-09-07,Day,2301
2019-09-07,Night,5570
2019-09-09,Day,8603
2019-09-09,Night,7867
2019-09-10,Day,1396
2019-09-10,Night,6495
2019-09-11,Day,5349
2019-09-11,Night,2395
2019-09-12,Day,9594
2019-09-12,Night,0174
2019-09-13,Day,3502
2019-09-13,Night,4330
2019-09-14,Day,1621
2019-09-14,Night,4100
2019-09-16,Day,9320
2019-09-16,Night,5373
2019-09-17,Day,9952
2019-09-17,Night,0375
2019-09-18,Day,6451
2019-09-18,Night,5475
2019-09-19,Day,6521
2019-09-19,Night,1751
2019-09-20,Day,5069
2019-09-20,Night,6559
2019-09-21,Day,8859
2019-09-21,Night,7655
2019-09-23,Day,1197
2019-09-23,Night,2428
2019-09-24,Day,9032
2019-09-24,Night,4023
2019-09-25,Day,5411
2019-09-25,Night,1312
2019-09-26,Day,5192
2019-09-26,Night,9712
2019-09-27,Day,5052
2019-09-27,Night,8878
2019-09-28,Day,2222
2019-09-28,Night,4737
2019-09-30,Day,8742
2019-09-30,Night,2778
2019-10-01,Day,6981
2019-10-01,Night,7549
2019-10-02,Day,0994
2019-10-02,Night,3213
2019-10-03,Day,7688
2019-10-03,Night,3913
2019-10-04,Day,4430
2019-10-04,Night,6529
2019-10-05,Day,8164
2019-10-05,Night,6901
2019-10-07,Day,5460
2019-10-07,Night,4071
2019-10-08,Day,2793
2019-10-08,Night,0663
2019-10-09,Day,6269
2019-10-09,Night,7678
2019-10-10,Day,0474
2019-10-10,Night,2385
2019-10-11,Day,3769
2019-10-11,Night,2336
2019-10-12,Day,8237
2019-10-12,Night,4970
2019-10-14,Day,4825
2019-10-14,Night,0276
2019-10-15,Day,6505
2019-10-15,Night,6940
2019-10-16,Day,7353
2019-10-16,Night,9541
2019-10-17,Day,2158
2019-10-17,Night,7689
2019-10-18,Day,8476
2019-10-18,Night,8155
2019-10-19,Day,1273
2019-10-19,Night,1563
2019-10-21,Day,9899
2019-10-21,Night,9859
2019-10-22,Day,5294
2019-10-22,Night,0564
2019-10-23,Day,6000
2019-10-23,Night,3670
2019-10-24,Day,0181
2019-10-24,Night,7394
2019-10-25,Day,5934
2019-10-25,Night,5725
2019-10-26,Day,1911
2019-10-26,Night,3176
2019-10-28,Day,9845
2019-10-28,Night,8640
2019-10-29,Day,2305
2019-10-29,Night,5955
2019-10-30,Day,2674
2019-10-30,Night,8994
2019-10-31,Day,1045
2019-10-31,Night,3045
2019-11-01,Day,1912
2019-11-01,Night,3791
2019-11-02,Day,1558
2019-11-02,Night,7457
2019-11-04,Day,9977
2019-11-04,Night,3933
2019-11-05,Day,0713
2019-11-05,Night,6233
2019-11-06,Day,6417
2019-11-06,Night,7110
2019-11-07,Day,8459
2019-11-07,Night,4427
2019-11-08,Day,4752
2019-11-08,Night,4425
2019-11-09,Day,1178
2019-11-09,Night,2190
2019-11-11,Day,7984
2019-11-11,Night,5785
2019-11-12,Day,6710
2019-11-12,Night,0060
2019-11-13,Day,7905
2019-11-13,Night,4249
2019-11-14,Day,3381
2019-11-14,Night,4699
2019-11-15,Day,1145
2019-11-15,Night,0268
2019-11-16,Day,6197
2019-11-16,Night,4562
2019-11-18,Day,8262
2019-11-18,Night,0231
2019-11-19,Day,4841
2019-11-19,Night,0773
2019-11-20,Day,5296
2019-11-20,Night,3821
2019-11-21,Day,0453
2019-11-21,Night,4193
2019-11-22,Day,1422
2019-11-22,Night,2326
2019-11-23,Day,0867
2019-11-23,Night,7743
2019-11-25,Day,6826
2019-11-25,Night,8523
2019-11-26,Day,5963
2019-11-26,Night,5383
2019-11-27,Day,0349
2019-11-27,Night,1328
2019-11-28,Day,6061
2019-11-28,Night,3587
2019-11-29,Day,3293
2019-11-29,Night,3212
2019-11-30,Day,5472
2019-11-30,Night,8345
2019-12-02,Day,9190
2019-12-02,Night,5546
2019-12-03,Day,8908
2019-12-03,Night,9043
2019-12-04,Day,6879
2019-12-04,Night,5792
2019-12-05,Day,6755
2019-12-05,Night,0221
2019-12-06,Day,5703
2019-12-06,Night,3736
2019-12-07,Day,5111
2019-12-07,Night,7390
2019-12-09,Day,6008
2019-12-09,Night,7588
2019-12-10,Day,4826
2019-12-10,Night,8981
2019-12-11,Day,0990
2019-12-11,Night,0204
2019-12-12,Day,7252
2019-12-12,Night,5999
2019-12-13,Day,4086
2019-12-13,Night,1093
2019-12-14,Day,9777
2019-12-14,Night,7873
2019-12-16,Day,3560
2019-12-16,Night,5442
2019-12-17,Day,2243
2019-12-17,Night,1513
2019-12-18,Day,7008
2019-12-18,Night,2526
2019-12-19,Day,0927
2019-12-19,Night,8156
2019-12-20,Day,4498
2019-12-20,Night,9207
2019-12-21,Day,5556
2019-12-21,Night,2132
2019-12-23,Day,8109
2019-12-23,Night,4774
2019-12-24,Day,7487
2019-12-24,Night,3203
2019-12-26,Day,8376
2019-12-26,Night,3117
2019-12-27,Day,5891
2019-12-27,Night,1420
2019-12-28,Day,9981
2019-12-28,Night,8704
2019-12-30,Day,7728
2019-12-30,Night,4220
2019-12-31,Day,2694
2019-12-31,Night,8539
2020-01-01,Day,2915
2020-01-01,Night,3364
2020-01-02,Day,0108
2020-01-02,Night,0068
2020-01-03,Day,4120
2020-01-03,Night,0994
2020-01-04,Day,4783
2020-01-04,Night,2019
2020-01-06,Day,3798
2020-01-06,Night,1452
2020-01-07,Day,1870
2020-01-07,Night,3467
2020-01-08,Day,3860
2020-01-08,Night,5215
2020-01-09,Day,8986
2020-01-09,Night,5752
2020-01-10,Day,1051
2020-01-10,Night,5468
2020-01-11,Day,7568
2020-01-11,Night,2762
2020-01-13,Day,9732
2020-01-13,Night,2983
2020-01-14,Day,6280
2020-01-14,Night,2970
2020-01-15,Day,6777
2020-01-15,Night,2298
2020-01-16,Day,6757
2020-01-16,Night,4572
2020-01-17,Day,2850
2020-01-17,Night,1451
2020-01-18,Day,2173
2020-01-18,Night,9542
2020-01-20,Day,6757
2020-01-20,Night,7998
2020-01-21,Day,2107
2020-01-21,Night,8881
2020-01-22,Day,9221
2020-01-22,Night,2467
2020-01-23,Day,9829
2020-01-23,Night,4301
2020-01-24,Day,3456
2020-01-24,Night,8199
2020-01-25,Day,7174
2020-01-25,Night,3671
2020-01-27,Day,1216
2020-01-27,Night,1832
2020-01-28,Day,1764
2020-01-28,Night,3179
2020-01-29,Day,9589
2020-01-29,Night,9473
2020-01-30,Day,5618
2020-01-30,Night,8782
2020-01-31,Day,8227
2020-01-31,Night,0007
2020-02-01,Day,7905
2020-02-01,Night,6617
2020-02-03,Day,3304
2020-02-03,Night,2993
2020-02-04,Day,9689
2020-02-04,Night,6822
2020-02-05,Day,2530
2020-02-05,Night,3828
2020-02-06,Day,7920
2020-02-06,Night,0996
2020-02-07,Day,7680
2020-02-07,Night,7780
2020-02-08,Day,1117
2020-02-08,Night,5508
2020-02-10,Day,9117
2020-02-10,Night,6463
2020-02-11,Day,1352
2020-02-11,Night,8158
2020-02-12,Day,4377
2020-02-12,Night,4388
2020-02-13,Day,1339
2020-02-13,Night,8824
2020-02-14,Day,7146
2020-02-14,Night,0446
2020-02-15,Day,9408
2020-02-15,Night,4619
2020-02-17,Day,4329
2020-02-17,Night,6861
2020-02-18,Day,7384
2020-02-18,Night,1905
2020-02-19,Day,8975
2020-02-19,Night,7082
2020-02-20,Day,8914
2020-02-20,Night,5899
2020-02-21,Day,3030
2020-02-21,Night,9600
2020-02-22,Day,7878
2020-02-22,Night,3196
2020-02-24,Day,4532
2020-02-24,Night,5960
2020-02-25,Day,5435
2020-02-25,Night,0110
2020-02-26,Day,4883
2020-02-26,Night,5972
2020-02-27,Day,0205
2020-02-27,Night,5512
2020-02-28,Day,3379
2020-02-28,Night,9175
2020-02-29,Day,1427
2020-02-29,Night,8368
2020-03-02,Day,9152
2020-03-02,Night,6661
2020-03-03,Day,8997
2020-03-03,Night,0725
2020-03-04,Day,3677
2020-03-04,Night,2767
2020-03-05,Day,5840
2020-03-05,Night,6554
2020-03-06,Day,1992
2020-03-06,Night,3124
2020-03-07,Day,1293
2020-03-07,Night,4404
2020-03-09,Day,5239
2020-03-09,Night,2322
2020-03-10,Day,7984
2020-03-10,Night,7259
2020-03-11,Day,0195
2020-03-11,Night,9581
2020-03-12,Day,4818
2020-03-12,Night,6891
2020-03-13,Day,7527
2020-03-13,Night,0237
2020-03-14,Day,4648
2020-03-14,Night,8477
2020-03-16,Day,0738
2020-03-16,Night,2500
2020-03-17,Day,9487
2020-03-17,Night,2986
2020-03-18,Day,2690
2020-03-18,Night,8708
2020-03-19,Day,6485
2020-03-19,Night,8772
2020-03-20,Day,2599
2020-03-20,Night,2417
2020-03-21,Day,8182
2020-03-21,Night,6186
2020-03-23,Day,0315
2020-03-23,Night,9771
2020-03-24,Day,4991
2020-03-24,Night,3281
2020-03-25,Day,1382
2020-03-25,Night,8338
2020-03-26,Day,9222
2020-03-26,Night,4753
2020-03-27,Day,7252
2020-03-27,Night,6526
2020-03-28,Day,9664
2020-03-28,Night,0175
2020-03-30,Day,2872
2020-03-30,Night,0642
2020-03-31,Day,7659
2020-03-31,Night,8371
2020-04-01,Day,3668
2020-04-01,Night,5664
2020-04-02,Day,6609
2020-04-02,Night,3665
2020-04-03,Day,7542
2020-04-03,Night,5555
2020-04-04,Day,3466
2020-04-04,Night,5069
2020-04-06,Day,7422
2020-04-06,Night,5620
2020-04-07,Day,3568
2020-04-07,Night,5439
2020-04-08,Day,7184
2020-04-08,Night,4669
2020-04-09,Day,1025
2020-04-09,Night,8075
2020-04-10,Day,9402
2020-04-10,Night,3151
2020-04-11,Day,8727
2020-04-11,Night,0532
2020-04-13,Day,7023
2020-04-13,Night,0721
2020-04-14,Day,2171
2020-04-14,Night,2638
2020-04-15,Day,1232
2020-04-15,Night,8782
2020-04-16,Day,4206
2020-04-16,Night,6689
2020-04-17,Day,5968
2020-04-17,Night,7726
2020-04-18,Day,7521
2020-04-18,Night,5251
2020-04-20,Day,8970
2020-04-20,Night,5295
2020-04-21,Day,3083
2020-04-21,Night,9377
2020-04-22,Day,8975
2020-04-22,Night,2211
2020-04-23,Day,4845
2020-04-23,Night,2190
2020-04-24,Day,9850
2020-04-24,Night,8011
2020-04-25,Day,0098
2020-04-25,Night,5429
2020-04-27,Day,7567
2020-04-27,Night,2712
2020-04-28,Day,1657
2020-04-28,Night,0836
2020-04-29,Day,8805
2020-04-29,Night,9399
2020-04-30,Day,5156
2020-04-30,Night,2124
2020-05-01,Day,2356
2020-05-01,Night,2311
2020-05-02,Day,5471
2020-05-02,Night,8086
2020-05-04,Day,7097
2020-05-04,Night,3049
2020-05-05,Day,2191
2020-05-05,Night,2730
2020-05-06,Day,5906
2020-05-06,Night,5846
2020-05-07,Day,8579
2020-05-07,Night,2318
2020-05-08,Day,9055
2020-05-08,Night,8632
2020-05-09,Day,8400
2020-05-09,Night,6958
2020-05-11,Day,8282
2020-05-11,Night,0455
2020-05-12,Day,0148
2020-05-12,Night,1010
2020-05-13,Day,5673
2020-05-13,Night,8107
2020-05-14,Day,2739
2020-05-14,Night,5585
2020-05-15,Day,9384
2020-05-15,Night,7381
2020-05-16,Day,5965
2020-05-16,Night,7828
2020-05-18,Day,7264
2020-05-18,Night,4903
2020-05-19,Day,5936
2020-05-19,Night,0530
2020-05-20,Day,0581
2020-05-20,Night,3542
2020-05-21,Day,3509
2020-05-21,Night,0054
2020-05-22,Day,6419
2020-05-22,Night,3214
2020-05-23,Day,6766
2020-05-23,Night,1003
2020-05-25,Day,7532
2020-05-25,Night,5789
2020-05-26,Day,7808
2020-05-26,Night,7446
2020-05-27,Day,2361
2020-05-27,Night,0208
2020-05-28,Day,2808
2020-05-28,Night,3548
2020-05-29,Day,5607
2020-05-29,Night,6066
2020-05-30,Day,6471
2020-05-30,Night,9082
2020-06-01,Day,2712
2020-06-01,Night,7350
2020-06-02,Day,4852
2020-06-02,Night,1659
2020-06-03,Day,0919
2020-06-03,Night,6460
2020-06-04,Day,2001
2020-06-04,Night,2712
2020-06-05,Day,5357
2020-06-05,Night,1869
2020-06-06,Day,3020
2020-06-06,Night,9916
2020-06-08,Day,2514
2020-06-08,Night,4972
2020-06-09,Day,0041
2020-06-09,Night,5808
2020-06-10,Day,7845
2020-06-10,Night,7685
2020-06-11,Day,1391
2020-06-11,Night,8864
2020-06-12,Day,1997
2020-06-12,Night,5244
2020-06-13,Day,3641
2020-06-13,Night,8645
2020-06-15,Day,1301
2020-06-15,Night,0217
2020-06-16,Day,6273
2020-06-16,Night,1442
2020-06-17,Day,4064
2020-06-17,Night,8790
2020-06-18,Day,0821
2020-06-18,Night,6989
2020-06-19,Day,7267
2020-06-19,Night,4259
2020-06-20,Day,9729
2020-06-20,Night,6679
2020-06-22,Day,9038
2020-06-22,Night,1299
2020-06-23,Day,1448
2020-06-23,Night,0600
2020-06-24,Day,6059
2020-06-24,Night,7949
2020-06-25,Day,3665
2020-06-25,Night,9837
2020-06-26,Day,6836
2020-06-26,Night,7232
2020-06-27,Day,2793
2020-06-27,Night,9182
2020-06-29,Day,1550
2020-06-29,Night,4747
2020-06-30,Day,7158
2020-06-30,Night,9384
2020-07-01,Day,8674
2020-07-01,Night,4545
2020-07-02,Day,2426
2020-07-02,Night,7909
2020-07-03,Day,4194
2020-07-03,Night,5700
2020-07-04,Day,5856
2020-07-04,Night,8517
2020-07-06,Day,5038
2020-07-06,Night,1437
2020-07-07,Day,9429
2020-07-07,Night,4253
2020-07-08,Day,8481
2020-07-08,Night,2608
2020-07-09,Day,2792
2020-07-09,Night,1822
2020-07-10,Day,1926
2020-07-10,Night,5529
2020-07-11,Day,4606
2020-07-11,Night,2690
2020-07-13,Day,0172
2020-07-13,Night,0204
2020-07-14,Day,5583
2020-07-14,Night,6701
2020-07-15,Day,6646
2020-07-15,Night,7146
2020-07-16,Day,3871
2020-07-16,Night,0895
2020-07-17,Day,9421
2020-07-17,Night,1855
2020-07-18,Day,3420
2020-07-18,Night,9087
2020-07-20,Day,3334
2020-07-20,Night,7515
2020-07-21,Day,8393
2020-07-21,Night,1814
2020-07-22,Day,0162
2020-07-22,Night,4048
2020-07-23,Day,7593
2020-07-23,Night,6288
2020-07-24,Day,7257
2020-07-24,Night,9012
2020-07-25,Day,3331
2020-07-25,Night,7953
2020-07-27,Day,3314
2020-07-27,Night,9449
2020-07-28,Day,8337
2020-07-28,Night,7791
2020-07-29,Day,4241
2020-07-29,Night,1328
2020-07-30,Day,6815
2020-07-30,Night,6690
2020-07-31,Day,2575
2020-07-31,Night,2673
2020-08-01,Day,1978
2020-08-01,Night,4651
2020-08-03,Day,0243
2020-08-03,Night,9557
2020-08-04,Day,3361
2020-08-04,Night,8724
2020-08-05,Day,3240
2020-08-05,Night,2744
2020-08-06,Day,2888
2020-08-06,Night,1352
2020-08-07,Day,9288
2020-08-07,Night,4793
2020-08-08,Day,9202
2020-08-08,Night,7472
2020-08-10,Day,6430
2020-08-10,Night,0286
2020-08-11,Day,9230
2020-08-11,Night,4806
2020-08-12,Day,0011
2020-08-12,Night,7508
2020-08-13,Day,5401
2020-08-13,Night,0982
2020-08-14,Day,5464
2020-08-14,Night,2233
2020-08-15,Day,0407
2020-08-15,Night,6499
2020-08-17,Day,8010
2020-08-17,Night,1517
2020-08-18,Day,6602
2020-08-18,Night,7529
2020-08-19,Day,7151
2020-08-19,Night,7355
2020-08-20,Day,6081
2020-08-20,Night,9871
2020-08-21,Day,7199
2020-08-21,Night,9590
2020-08-22,Day,5866
2020-08-22,Night,9263
2020-08-24,Day,9085
2020-08-24,Night,8186
2020-08-25,Day,2023
2020-08-25,Night,6138
2020-08-26,Day,8397
2020-08-26,Night,9579
2020-08-27,Day,8679
2020-08-27,Night,5049
2020-08-28,Day,0441
2020-08-28,Night,8508
2020-08-29,Day,0335
2020-08-29,Night,9147
2020-08-31,Day,8706
2020-08-31,Night,5045
2020-09-01,Day,0728
2020-09-01,Night,3747
2020-09-02,Day,4666
2020-09-02,Night,5398
2020-09-03,Day,4725
2020-09-03,Night,1114
2020-09-04,Day,3113
2020-09-04,Night,0116
2020-09-05,Day,3041
2020-09-05,Night,4684
2020-09-07,Day,4983
2020-09-07,Night,3276
2020-09-08,Day,4673
2020-09-08,Night,2405
2020-09-09,Day,2540
2020-09-09,Night,6625
2020-09-10,Day,8824
2020-09-10,Night,2622
2020-09-11,Day,2542
2020-09-11,Night,3235
2020-09-12,Day,2136
2020-09-12,Night,7651
2020-09-14,Day,5581
2020-09-14,Night,1163
2020-09-15,Day,1089
2020-09-15,Night,1038
2020-09-16,Day,2536
2020-09-16,Night,9790
2020-09-17,Day,9066
2020-09-17,Night,2037
2020-09-18,Day,9429
2020-09-18,Night,6498
2020-09-19,Day,4692
2020-09-19,Night,5711
2020-09-21,Day,8149
2020-09-21,Night,5181
2020-09-22,Day,2882
2020-09-22,Night,8989
2020-09-23,Day,1621
2020-09-23,Night,9630
2020-09-24,Day,6471
2020-09-24,Night,2403
2020-09-25,Day,0133
2020-09-25,Night,3006
2020-09-26,Day,6661
2020-09-26,Night,3915
2020-09-28,Day,0285
2020-09-28,Night,6463
2020-09-29,Day,2475
2020-09-29,Night,8431
2020-09-30,Day,3156
2020-09-30,Night,7506
2020-10-01,Day,7981
2020-10-01,Night,6919
2020-10-02,Day,4015
2020-10-02,Night,9888
2020-10-03,Day,1129
2020-10-03,Night,8308
2020-10-05,Day,9843
2020-10-05,Night,1025
2020-10-06,Day,9944
2020-10-06,Night,1226
2020-10-07,Day,3544
2020-10-07,Night,2139
2020-10-08,Day,1225
2020-10-08,Night,8289
2020-10-09,Day,5712
2020-10-09,Night,3808
2020-10-10,Day,7170
2020-10-10,Night,8234
2020-10-12,Day,3662
2020-10-12,Night,5854
2020-10-13,Day,3956
2020-10-13,Night,0325
2020-10-14,Day,2105
2020-10-14,Night,9360
2020-10-15,Day,7812
2020-10-15,Night,8967
2020-10-16,Day,7344
2020-10-16,Night,0715
2020-10-17,Day,4272
2020-10-17,Night,8501
2020-10-19,Day,3319
2020-10-19,Night,0452
2020-10-20,Day,2153
2020-10-20,Night,5201
2020-10-21,Day,0516
2020-10-21,Night,4841
2020-10-22,Day,2429
2020-10-22,Night,0261
2020-10-23,Day,8124
2020-10-23,Night,2935
2020-10-24,Day,5800
2020-10-24,Night,7707
2020-10-26,Day,7793
2020-10-26,Night,5133
2020-10-27,Day,3539
2020-10-27,Night,4503
2020-10-28,Day,5037
2020-10-28,Night,0591
2020-10-29,Day,5161
2020-10-29,Night,9624
2020-10-30,Day,5028
2020-10-30,Night,5076
2020-10-31,Day,4380
2020-10-31,Night,1836
2020-11-02,Day,2760
2020-11-02,Night,5274
2020-11-03,Day,4308
2020-11-03,Night,9937
2020-11-04,Day,3748
2020-11-04,Night,1780
2020-11-05,Day,3169
2020-11-05,Night,8661
2020-11-06,Day,3020
2020-11-06,Night,8037
2020-11-07,Day,0020
2020-11-07,Night,6166
2020-11-09,Day,5190
2020-11-09,Night,8627
2020-11-10,Day,3996
2020-11-10,Night,4535
2020-11-11,Day,3197
2020-11-11,Night,3222
2020-11-12,Day,0527
2020-11-12,Night,6873
2020-11-13,Day,0246
2020-11-13,Night,5638
2020-11-14,Day,1242
2020-11-14,Night,9434
2020-11-16,Day,4592
2020-11-16,Night,0011
2020-11-17,Day,7168
2020-11-17,Night,3160
2020-11-18,Day,1966
2020-11-18,Night,9648
2020-11-19,Day,6228
2020-11-19,Night,8619
2020-11-20,Day,0131
2020-11-20,Night,9234
2020-11-21,Day,4907
2020-11-21,Night,7728
2020-11-23,Day,1753
2020-11-23,Night,3404
2020-11-24,Day,7498
2020-11-24,Night,6544
2020-11-25,Day,5062
2020-11-25,Night,6843
2020-11-26,Day,0216
2020-11-26,Night,5098
2020-11-27,Day,2749
2020-11-27,Night,2037
2020-11-28,Day,9449
2020-11-28,Night,1180
2020-11-30,Day,1542
2020-11-30,Night,4664
2020-12-01,Day,9667
2020-12-01,Night,7394
2020-12-02,Day,1032
2020-12-02,Night,5667
2020-12-03,Day,4442
2020-12-03,Night,0797
2020-12-04,Day,9004
2020-12-04,Night,3369
2020-12-05,Day,7700
2020-12-05,Night,0603
2020-12-07,Day,2077
2020-12-07,Night,2613
2020-12-08,Day,3182
2020-12-08,Night,7086
2020-12-09,Day,6882
2020-12-09,Night,2848
2020-12-10,Day,6789
2020-12-10,Night,6324
2020-12-11,Day,8032
2020-12-11,Night,8919
2020-12-12,Day,6904
2020-12-12,Night,6273
2020-12-14,Day,1523
2020-12-14,Night,9681
2020-12-15,Day,4706
2020-12-15,Night,0472
2020-12-16,Day,5470
2020-12-16,Night,5610
2020-12-17,Day,2920
2020-12-17,Night,6685
2020-12-18,Day,1987
2020-12-18,Night,2420
2020-12-19,Day,4701
2020-12-19,Night,8928
2020-12-21,Day,1730
2020-12-21,Night,9975
2020-12-22,Day,4578
2020-12-22,Night,8676
2020-12-23,Day,9534
2020-12-23,Night,2631
2020-12-24,Day,6695
2020-12-24,Night,6826
2020-12-26,Day,8865
2020-12-26,Night,9888
2020-12-28,Day,8910
2020-12-28,Night,5847
2020-12-29,Day,7039
2020-12-29,Night,2383
2020-12-30,Day,1720
2020-12-30,Night,5928
2020-12-31,Day,4821
2020-12-31,Night,0893
2021-01-01,Day,6897
2021-01-01,Night,3093
2021-01-02,Day,7602
2021-01-02,Night,7180
2021-01-04,Day,9794
2021-01-04,Night,8497
2021-01-05,Day,1855
2021-01-05,Night,5143
2021-01-06,Day,7899
2021-01-06,Night,8671
2021-01-07,Day,8480
2021-01-07,Night,9208
2021-01-08,Day,6613
2021-01-08,Night,6440
2021-01-09,Day,6632
2021-01-09,Night,1894
2021-01-11,Day,4344
2021-01-11,Night,4114
2021-01-12,Day,1319
2021-01-12,Night,8871
2021-01-13,Day,9334
2021-01-13,Night,5121
2021-01-14,Day,6864
2021-01-14,Night,0762
2021-01-15,Day,9982
2021-01-15,Night,4615
2021-01-16,Day,3660
2021-01-16,Night,8632
2021-01-18,Day,3661
2021-01-18,Night,1192
2021-01-19,Day,2948
2021-01-19,Night,9815
2021-01-20,Day,8642
2021-01-20,Night,5005
2021-01-21,Day,2595
2021-01-21,Night,8682
2021-01-22,Day,4319
2021-01-22,Night,4090
2021-01-23,Day,3497
2021-01-23,Night,5077
2021-01-25,Day,6421
2021-01-25,Night,8231
2021-01-26,Day,4863
2021-01-26,Night,7635
2021-01-27,Day,5865
2021-01-27,Night,8900
2021-01-28,Day,2068
2021-01-28,Night,9107
2021-01-29,Day,1576
2021-01-29,Night,2408
2021-01-30,Day,7831
2021-01-30,Night,5759
2021-02-01,Day,9264
2021-02-01,Night,6014
2021-02-02,Day,7799
2021-02-02,Night,6830
2021-02-03,Day,8568
2021-02-03,Night,2404
2021-02-04,Day,6858
2021-02-04,Night,0536
2021-02-05,Day,4609
2021-02-05,Night,9422
2021-02-06,Day,0414
2021-02-06,Night,4006
2021-02-08,Day,8608
2021-02-08,Night,3522
2021-02-09,Day,0792
2021-02-09,Night,8400
2021-02-10,Day,5329
2021-02-10,Night,3534
2021-02-11,Day,2494
2021-02-11,Night,5148
2021-02-12,Day,9448
2021-02-12,Night,8868
2021-02-13,Day,7574
2021-02-13,Night,7723
2021-02-15,Day,4674
2021-02-15,Night,2279
2021-02-16,Day,9723
2021-02-16,Night,1404
2021-02-17,Day,1617
2021-02-17,Night,5506
2021-02-18,Day,2625
2021-02-18,Night,0028
2021-02-19,Day,0249
2021-02-19,Night,3923
2021-02-20,Day,4390
2021-02-20,Night,2533
2021-02-22,Day,8232
2021-02-22,Night,0877
2021-02-23,Day,3716
2021-02-23,Night,2000
2021-02-24,Day,3323
2021-02-24,Night,2707
2021-02-25,Day,9482
2021-02-25,Night,9242
2021-02-26,Day,1864
2021-02-26,Night,4566
2021-02-27,Day,0706
2021-02-27,Night,8237
2021-03-01,Day,3663
2021-03-01,Night,9134
2021-03-02,Day,4275
2021-03-02,Night,5300
2021-03-03,Day,3816
2021-03-03,Night,2824
2021-03-04,Day,1352
2021-03-04,Night,2226
2021-03-05,Day,4598
2021-03-05,Night,0576
2021-03-06,Day,8053
2021-03-06,Night,8595
2021-03-08,Day,6852
2021-03-08,Night,9976
2021-03-09,Day,3189
2021-03-09,Night,9416
2021-03-10,Day,5054
2021-03-10,Night,5180
2021-03-11,Day,8318
2021-03-11,Night,5408
2021-03-12,Day,6828
2021-03-12,Night,6952
2021-03-13,Day,1045
2021-03-13,Night,3889
2021-03-15,Day,2324
2021-03-15,Night,6750
2021-03-16,Day,0966
2021-03-16,Night,8678
2021-03-17,Day,8553
2021-03-17,Night,8723
2021-03-18,Day,7578
2021-03-18,Night,8423
2021-03-19,Day,1068
2021-03-19,Night,7832
2021-03-20,Day,0406
2021-03-20,Night,2868
2021-03-22,Day,7734
2021-03-22,Night,0072
2021-03-23,Day,3515
2021-03-23,Night,8865
2021-03-24,Day,7064
2021-03-24,Night,2989
2021-03-25,Day,9753
2021-03-25,Night,8486
2021-03-26,Day,9844
2021-03-26,Night,7673
2021-03-27,Day,0951
2021-03-27,Night,9889
2021-03-29,Day,1784
2021-03-29,Night,2075
2021-03-30,Day,5016
2021-03-30,Night,5080
2021-03-31,Day,2986
2021-03-31,Night,6382
2021-04-01,Day,6469
2021-04-01,Night,1888
2021-04-02,Day,2555
2021-04-02,Night,9867
2021-04-03,Day,2663
2021-04-03,Night,0715
2021-04-05,Day,1483
2021-04-05,Night,7305
2021-04-06,Day,1352
2021-04-06,Night,3122
2021-04-07,Day,4509
2021-04-07,Night,7738
2021-04-08,Day,3790
2021-04-08,Night,4260
2021-04-09,Day,8530
2021-04-09,Night,2903
2021-04-10,Day,2260
2021-04-10,Night,3215
2021-04-12,Day,4790
2021-04-12,Night,4665
2021-04-13,Day,1772
2021-04-13,Night,5767
2021-04-14,Day,8562
2021-04-14,Night,0478
2021-04-15,Day,6953
2021-04-15,Night,9850
2021-04-16,Day,1089
2021-04-16,Night,4598
2021-04-17,Day,0906
2021-04-17,Night,7147
2021-04-19,Day,4642
2021-04-19,Night,7501
2021-04-20,Day,5478
2021-04-20,Night,6545
2021-04-21,Day,3664
2021-04-21,Night,8112
2021-04-22,Day,7314
2021-04-22,Night,2456
2021-04-23,Day,8895
2021-04-23,Night,9296
2021-04-24,Day,6361
2021-04-24,Night,7599
2021-04-26,Day,3218
2021-04-26,Night,4843
2021-04-27,Day,4138
2021-04-27,Night,9910
2021-04-28,Day,5915
2021-04-28,Night,4175
2021-04-29,Day,8818
2021-04-29,Night,8703
2021-04-30,Day,7391
2021-04-30,Night,4540
2021-05-01,Day,9360
2021-05-01,Night,6038
2021-05-03,Day,2630
2021-05-03,Night,4270
2021-05-04,Day,0091
2021-05-04,Night,8485
2021-05-05,Day,7849
2021-05-05,Night,2498
2021-05-06,Day,3933
2021-05-06,Night,5488
2021-05-07,Day,1980
2021-05-07,Night,5386
2021-05-08,Day,7744
2021-05-08,Night,0828
2021-05-10,Day,4735
2021-05-10,Night,8998
2021-05-11,Day,0301
2021-05-11,Night,5191
2021-05-12,Day,6286
2021-05-12,Night,5290
2021-05-13,Day,8064
2021-05-13,Night,3964
2021-05-14,Day,0157
2021-05-14,Night,0593
2021-05-15,Day,7333
2021-05-15,Night,0276
2021-05-17,Day,1109
2021-05-17,Night,6210
2021-05-18,Day,6764
2021-05-18,Night,5313
2021-05-19,Day,5815
2021-05-19,Night,7493
2021-05-20,Day,1197
2021-05-20,Night,6479
2021-05-21,Day,1990
2021-05-21,Night,0835
2021-05-22,Day,5540
2021-05-22,Night,5365
2021-05-24,Day,6181
2021-05-24,Night,6278
2021-05-25,Day,2085
2021-05-25,Night,0800
2021-05-26,Day,7609
2021-05-26,Night,3611
2021-05-27,Day,4638
2021-05-27,Night,7267
2021-05-28,Day,5990
2021-05-28,Night,1469
2021-05-29,Day,4378
2021-05-29,Night,6012
2021-05-31,Day,6189
2021-05-31,Night,9885
2021-06-01,Day,9797
2021-06-01,Night,3457
2021-06-02,Day,3899
2021-06-02,Night,3011
2021-06-03,Day,4774
2021-06-03,Night,0243
2021-06-04,Day,8664
2021-06-04,Night,2076
2021-06-05,Day,0809
2021-06-05,Night,6676
2021-06-07,Day,7462
2021-06-07,Night,3256
2021-06-08,Day,4298
2021-06-08,Night,0997
2021-06-09,Day,9013
2021-06-09,Night,0462
2021-06-10,Day,4254
2021-06-10,Night,4763
2021-06-11,Day,8919
2021-06-11,Night,4107
2021-06-12,Day,3847
2021-06-12,Night,8678
2021-06-14,Day,1783
2021-06-14,Night,3326
2021-06-15,Day,0835
2021-06-15,Night,3127
2021-06-16,Day,8333
2021-06-16,Night,8953
2021-06-17,Day,3833
2021-06-17,Night,3159
2021-06-18,Day,7168
2021-06-18,Night,3170
2021-06-19,Day,9292
2021-06-19,Night,8179
2021-06-21,Day,3884
2021-06-21,Night,6962
2021-06-22,Day,0798
2021-06-22,Night,5173
2021-06-23,Day,8840
2021-06-23,Night,5507
2021-06-24,Day,1775
2021-06-24,Night,6383
2021-06-25,Day,7187
2021-06-25,Night,9361
2021-06-26,Day,6931
2021-06-26,Night,5079
2021-06-28,Day,0618
2021-06-28,Night,0884
2021-06-29,Day,5432
2021-06-29,Night,2706
2021-06-30,Day,2490
2021-06-30,Night,6662
2021-07-01,Day,5309
2021-07-01,Night,3550
2021-07-02,Day,4668
2021-07-02,Night,0201
2021-07-03,Day,7967
2021-07-03,Night,5091
2021-07-05,Day,7583
2021-07-05,Night,9786
2021-07-06,Day,4330
2021-07-06,Night,3219
2021-07-07,Day,7128
2021-07-07,Night,0614
2021-07-08,Day,2503
2021-07-08,Night,3074
2021-07-09,Day,6169
2021-07-09,Night,6754
2021-07-10,Day,9608
2021-07-10,Night,5838
2021-07-12,Day,2621
2021-07-12,Night,2421
2021-07-13,Day,5102
2021-07-13,Night,0534
2021-07-14,Day,5925
2021-07-14,Night,3415
2021-07-15,Day,1155
2021-07-15,Night,0167
2021-07-16,Day,2647
2021-07-16,Night,6322
2021-07-17,Day,6294
2021-07-17,Night,9458
2021-07-19,Day,2416
2021-07-19,Night,9889
2021-07-20,Day,7720
2021-07-20,Night,2252
2021-07-21,Day,7367
2021-07-21,Night,1345
2021-07-22,Day,1988
2021-07-22,Night,2490
2021-07-23,Day,7196
2021-07-23,Night,5637
2021-07-24,Day,7088
2021-07-24,Night,3729
2021-07-26,Day,8391
2021-07-26,Night,0047
2021-07-27,Day,3238
2021-07-27,Night,4515
2021-07-28,Day,5380
2021-07-28,Night,8954
2021-07-29,Day,1374
2021-07-29,Night,0928
2021-07-30,Day,0685
2021-07-30,Night,9398
2021-07-31,Day,2826
2021-07-31,Night,1170
2021-08-02,Day,8391
2021-08-02,Night,8456
2021-08-03,Day,2124
2021-08-03,Night,2755
2021-08-04,Day,9562
2021-08-04,Night,8881
2021-08-05,Day,2982
2021-08-05,Night,5370
2021-08-06,Day,1426
2021-08-06,Night,4623
2021-08-07,Day,6068
2021-08-07,Night,8324
2021-08-09,Day,7648
2021-08-09,Night,7120
2021-08-10,Day,0048
2021-08-10,Night,1524
2021-08-11,Day,9144
2021-08-11,Night,2695
2021-08-12,Day,2425
2021-08-12,Night,7708
2021-08-13,Day,3745
2021-08-13,Night,0981
2021-08-14,Day,0799
2021-08-14,Night,3410
2021-08-16,Day,7600
2021-08-16,Night,2520
2021-08-17,Day,0128
2021-08-17,Night,7564
2021-08-18,Day,5135
2021-08-18,Night,5529
2021-08-19,Day,3994
2021-08-19,Night,3619
2021-08-20,Day,9808
2021-08-20,Night,9785
2021-08-21,Day,6205
2021-08-21,Night,8275
2021-08-23,Day,6742
2021-08-23,Night,9560
2021-08-24,Day,4513
2021-08-24,Night,9769
2021-08-25,Day,2018
2021-08-25,Night,1995
2021-08-26,Day,4571
2021-08-26,Night,3643
2021-08-27,Day,1733
2021-08-27,Night,3466
2021-08-28,Day,8902
2021-08-28,Night,6514
2021-08-30,Day,7110
2021-08-30,Night,0750
2021-08-31,Day,3808
2021-08-31,Night,7459
2021-09-01,Day,4258
2021-09-01,Night,5811
2021-09-02,Day,8174
2021-09-02,Night,8579
2021-09-03,Day,4060
2021-09-03,Night,5541
2021-09-04,Day,9812
2021-09-04,Night,8982
2021-09-06,Day,1621
2021-09-06,Night,3893
2021-09-07,Day,2015
2021-09-07,Night,2946
2021-09-08,Day,5673
2021-09-08,Night,6029
2021-09-09,Day,4234
2021-09-09,Night,8409
2021-09-10,Day,0533
2021-09-10,Night,2613
2021-09-11,Day,2751
2021-09-11,Night,6576
2021-09-13,Day,4229
2021-09-13,Night,0580
2021-09-14,Day,8586
2021-09-14,Night,5997
2021-09-15,Day,7555
2021-09-15,Night,8462
2021-09-16,Day,9196
2021-09-16,Night,1535
2021-09-17,Day,5732
2021-09-17,Night,1356
2021-09-18,Day,4723
2021-09-18,Night,3835
2021-09-20,Day,3916
2021-09-20,Night,2800
2021-09-21,Day,6185
2021-09-21,Night,4359
2021-09-22,Day,7088
2021-09-22,Night,6744
2021-09-23,Day,9772
2021-09-23,Night,5715
2021-09-24,Day,8716
2021-09-24,Night,9827
2021-09-25,Day,8112
2021-09-25,Night,4294
2021-09-27,Day,3723
2021-09-27,Night,6160
2021-09-28,Day,0946
2021-09-28,Night,9352
2021-09-29,Day,9998
2021-09-29,Night,8471
2021-09-30,Day,6909
2021-09-30,Night,1182
2021-10-01,Day,1646
2021-10-01,Night,4037
2021-10-02,Day,3981
2021-10-02,Night,6921
2021-10-04,Day,0662
2021-10-04,Night,7743
2021-10-05,Day,7206
2021-10-05,Night,2196
2021-10-06,Day,1702
2021-10-06,Night,7794
2021-10-07,Day,7220
2021-10-07,Night,9385
2021-10-08,Day,9123
2021-10-08,Night,2335
2021-10-09,Day,5629
2021-10-09,Night,8398
2021-10-11,Day,3473
2021-10-11,Night,6922
2021-10-12,Day,6618
2021-10-12,Night,8030
2021-10-13,Day,4514
2021-10-13,Night,2076
2021-10-14,Day,2042
2021-10-14,Night,5257
2021-10-15,Day,7916
2021-10-15,Night,5845
2021-10-16,Day,8424
2021-10-16,Night,9922
2021-10-18,Day,1302
2021-10-18,Night,8883
2021-10-19,Day,5606
2021-10-19,Night,1726
2021-10-20,Day,7594
2021-10-20,Night,8062
2021-10-21,Day,7627
2021-10-21,Night,2639
2021-10-22,Day,6359
2021-10-22,Night,2323
2021-10-23,Day,9849
2021-10-23,Night,9588
2021-10-25,Day,5061
2021-10-25,Night,7203
2021-10-26,Day,4608
2021-10-26,Night,2832
2021-10-27,Day,8981
2021-10-27,Night,9249
2021-10-28,Day,0905
2021-10-28,Night,2975
2021-10-29,Day,1764
2021-10-29,Night,0864
2021-10-30,Day,1892
2021-10-30,Night,8014
2021-11-01,Day,0763
2021-11-01,Night,5046
2021-11-02,Day,7777
2021-11-02,Night,1712
2021-11-03,Day,3613
2021-11-03,Night,2622
2021-11-04,Day,0897
2021-11-04,Night,2186
2021-11-05,Day,2066
2021-11-05,Night,8194
2021-11-06,Day,5949
2021-11-06,Night,9168
2021-11-08,Day,4334
2021-11-08,Night,5774
2021-11-09,Day,0531
2021-11-09,Night,5013
2021-11-10,Day,2735
2021-11-10,Night,5747
2021-11-11,Day,9181
2021-11-11,Night,4445
2021-11-12,Day,5728
2021-11-12,Night,4883
2021-11-13,Day,7336
2021-11-13,Night,4462
2021-11-15,Day,3205
2021-11-15,Night,5610
2021-11-16,Day,8310
2021-11-16,Night,8392
2021-11-17,Day,0280
2021-11-17,Night,6224
2021-11-18,Day,9269
2021-11-18,Night,1222
2021-11-19,Day,7062
2021-11-19,Night,7125
2021-11-20,Day,5982
2021-11-20,Night,4125
2021-11-22,Day,8366
2021-11-22,Night,9351
2021-11-23,Day,7854
2021-11-23,Night,3316
2021-11-24,Day,4342
2021-11-24,Night,0845
2021-11-25,Day,1305
2021-11-25,Night,2911
2021-11-26,Day,0388
2021-11-26,Night,7568
2021-11-27,Day,7392
2021-11-27,Night,4976
2021-11-29,Day,3367
2021-11-29,Night,7394
2021-11-30,Day,1060
2021-11-30,Night,4724
2021-12-01,Day,4150
2021-12-01,Night,5944
2021-12-02,Day,1527
2021-12-02,Night,8181
2021-12-03,Day,8651
2021-12-03,Night,4339
2021-12-04,Day,6661
2021-12-04,Night,1920
2021-12-06,Day,6704
2021-12-06,Night,1477
2021-12-07,Day,0441
2021-12-07,Night,7070
2021-12-08,Day,6624
2021-12-08,Night,5457
2021-12-09,Day,7582
2021-12-09,Night,8888
2021-12-10,Day,8839
2021-12-10,Night,5288
2021-12-11,Day,9235
2021-12-11,Night,4806
2021-12-13,Day,8824
2021-12-13,Night,8349
2021-12-14,Day,1999
2021-12-14,Night,4306
2021-12-15,Day,8094
2021-12-15,Night,2393
2021-12-16,Day,0564
2021-12-16,Night,5269
2021-12-17,Day,1239
2021-12-17,Night,4405
2021-12-18,Day,1228
2021-12-18,Night,2843
2021-12-20,Day,5283
2021-12-20,Night,9765
2021-12-21,Day,9461
2021-12-21,Night,7684
2021-12-22,Day,5818
2021-12-22,Night,9471
2021-12-23,Day,5089
2021-12-23,Night,8517
2021-12-24,Day,4881
2021-12-24,Night,2299
2021-12-27,Day,7638
2021-12-27,Night,6005
2021-12-28,Day,9574
2021-12-28,Night,0927
2021-12-29,Day,9772
2021-12-29,Night,0378
2021-12-30,Day,6223
2021-12-30,Night,7795
2021-12-31,Day,3976
2021-12-31,Night,6817
2022-01-01,Day,8715
2022-01-01,Night,8974
2022-01-03,Day,8841
2022-01-03,Night,3504
2022-01-04,Day,9751
2022-01-04,Night,9208
2022-01-05,Day,6686
2022-01-05,Night,4758
2022-01-06,Day,8573
2022-01-06,Night,2125
2022-01-07,Day,1361
2022-01-07,Night,0102
2022-01-08,Day,4904
2022-01-08,Night,1540
2022-01-10,Day,1794
2022-01-10,Night,6749
2022-01-11,Day,2179
2022-01-11,Night,8070
2022-01-12,Day,0075
2022-01-12,Night,9412
2022-01-13,Day,6839
2022-01-13,Night,7879
2022-01-14,Day,1415
2022-01-14,Night,4985
2022-01-15,Day,3667
2022-01-15,Night,9660
2022-01-17,Day,2445
2022-01-17,Night,4660
2022-01-18,Day,6885
2022-01-18,Night,8019
2022-01-19,Day,4332
2022-01-19,Night,3140
2022-01-20,Day,3002
2022-01-20,Night,7270
2022-01-21,Day,3893
2022-01-21,Night,8932
2022-01-22,Day,1322
2022-01-22,Night,5994
2022-01-24,Day,4966
2022-01-24,Night,3758
2022-01-25,Day,0870
2022-01-25,Night,7449
2022-01-26,Day,0396
2022-01-26,Night,8569
2022-01-27,Day,3634
2022-01-27,Night,0106
2022-01-28,Day,2503
2022-01-28,Night,6627
2022-01-29,Day,8369
2022-01-29,Night,8147
2022-01-31,Day,9887
2022-01-31,Night,9804
2022-02-01,Day,1079
2022-02-01,Night,8964
2022-02-02,Day,6782
2022-02-02,Night,2439
2022-02-03,Day,2600
2022-02-03,Night,8813
2022-02-04,Day,6426
2022-02-04,Night,9359
2022-02-05,Day,6419
2022-02-05,Night,5928
2022-02-07,Day,9058
2022-02-07,Night,1722
2022-02-08,Day,5214
2022-02-08,Night,2847
2022-02-09,Day,7383
2022-02-09,Night,0034
2022-02-10,Day,5236
2022-02-10,Night,8289
2022-02-11,Day,8473
2022-02-11,Night,0602
2022-02-12,Day,0962
2022-02-12,Night,3877
2022-02-14,Day,5742
2022-02-14,Night,4497
2022-02-15,Day,8177
2022-02-15,Night,1118
2022-02-16,Day,5418
2022-02-16,Night,3350
2022-02-17,Day,9501
2022-02-17,Night,4997
2022-02-18,Day,7034
2022-02-18,Night,4847
2022-02-19,Day,2515
2022-02-19,Night,8954
2022-02-21,Day,7900
2022-02-21,Night,6559
2022-02-22,Day,7308
2022-02-22,Night,5907
2022-02-23,Day,7368
2022-02-23,Night,0889
2022-02-24,Day,1126
2022-02-24,Night,8484
2022-02-25,Day,3685
2022-02-25,Night,1520
2022-02-26,Day,4269
2022-02-26,Night,3973
2022-02-28,Day,8098
2022-02-28,Night,8950
2022-03-01,Day,0377
2022-03-01,Night,7488
2022-03-02,Day,0716
2022-03-02,Night,2604
2022-03-03,Day,9260
2022-03-03,Night,1877
2022-03-04,Day,7640
2022-03-04,Night,4577
2022-03-05,Day,2180
2022-03-05,Night,8614
2022-03-07,Day,2455
2022-03-07,Night,3701
2022-03-08,Day,2360
2022-03-08,Night,6990
2022-03-09,Day,9492
2022-03-09,Night,1211
2022-03-10,Day,0119
2022-03-10,Night,7151
2022-03-11,Day,8015
2022-03-11,Night,0104
2022-03-12,Day,4152
2022-03-12,Night,8300
2022-03-14,Day,3762
2022-03-14,Night,5418
2022-03-15,Day,2935
2022-03-15,Night,8780
2022-03-16,Day,9183
2022-03-16,Night,8119
2022-03-17,Day,0833
2022-03-17,Night,6808
2022-03-18,Day,0071
2022-03-18,Night,8791
2022-03-19,Day,7192
2022-03-19,Night,2260
2022-03-21,Day,8813
2022-03-21,Night,3951
2022-03-22,Day,7522
2022-03-22,Night,9178
2022-03-23,Day,3399
2022-03-23,Night,9725
2022-03-24,Day,6959
2022-03-24,Night,8165
2022-03-25,Day,5036
2022-03-25,Night,9843
2022-03-26,Day,6425
2022-03-26,Night,3270
2022-03-28,Day,7107
2022-03-28,Night,8973
2022-03-29,Day,1810
2022-03-29,Night,8020
2022-03-30,Day,0606
2022-03-30,Night,0962
2022-03-31,Day,0252
2022-03-31,Night,0554
2022-04-01,Day,5452
2022-04-01,Night,9641
2022-04-02,Day,2922
2022-04-02,Night,5907
2022-04-04,Day,2044
2022-04-04,Night,8006
2022-04-05,Day,5118
2022-04-05,Night,5048
2022-04-06,Day,2903
2022-04-06,Night,3089
2022-04-07,Day,3051
2022-04-07,Night,1832
2022-04-08,Day,0882
2022-04-08,Night,8997
2022-04-09,Day,4957
2022-04-09,Night,6494
2022-04-11,Day,3864
2022-04-11,Night,9049
2022-04-12,Day,6810
2022-04-12,Night,5664
2022-04-13,Day,4859
2022-04-13,Night,5817
2022-04-14,Day,4687
2022-04-14,Night,7210
2022-04-15,Day,6461
2022-04-15,Night,4412
2022-04-16,Day,5904
2022-04-16,Night,7527
2022-04-18,Day,7014
2022-04-18,Night,2145
2022-04-19,Day,0783
2022-04-19,Night,2998
2022-04-20,Day,0985
2022-04-20,Night,0007
2022-04-21,Day,3632
2022-04-21,Night,6539
2022-04-22,Day,0177
2022-04-22,Night,0508
2022-04-23,Day,6412
2022-04-23,Night,1160
2022-04-25,Day,1306
2022-04-25,Night,8905
2022-04-26,Day,0207
2022-04-26,Night,0542
2022-04-27,Day,2832
2022-04-27,Night,5026
2022-04-28,Day,4399
2022-04-28,Night,4093
2022-04-29,Day,9278
2022-04-29,Night,0027
2022-04-30,Day,1713
2022-04-30,Night,5532
2022-05-02,Day,3783
2022-05-02,Night,0309
2022-05-03,Day,1356
2022-05-03,Night,5673
2022-05-04,Day,5491
2022-05-04,Night,7606
2022-05-05,Day,0044
2022-05-05,Night,1268
2022-05-06,Day,0578
2022-05-06,Night,1181
2022-05-07,Day,5842
2022-05-07,Night,7345
2022-05-09,Day,8807
2022-05-09,Night,4216
2022-05-10,Day,2200
2022-05-10,Night,9555
2022-05-11,Day,2203
2022-05-11,Night,9749
2022-05-12,Day,2847
2022-05-12,Night,0172
2022-05-13,Day,1897
2022-05-13,Night,8329
2022-05-14,Day,3892
2022-05-14,Night,8170
2022-05-16,Day,9970
2022-05-16,Night,9823
2022-05-17,Day,0227
2022-05-17,Night,3804
2022-05-18,Day,9382
2022-05-18,Night,0037
2022-05-19,Day,3922
2022-05-19,Night,6203
2022-05-20,Day,3869
2022-05-20,Night,1249
2022-05-21,Day,2546
2022-05-21,Night,8849
2022-05-23,Day,7590
2022-05-23,Night,0890
2022-05-24,Day,5304
2022-05-24,Night,9191
2022-05-25,Day,8376
2022-05-25,Night,9641
2022-05-26,Day,6586
2022-05-26,Night,7798
2022-05-27,Day,8932
2022-05-27,Night,7714
2022-05-28,Day,9176
2022-05-28,Night,6903
2022-05-30,Day,4326
2022-05-30,Night,1236
2022-05-31,Day,8721
2022-05-31,Night,4041
2022-06-01,Day,5499
2022-06-01,Night,1733
2022-06-02,Day,8591
2022-06-02,Night,7267
2022-06-03,Day,0909
2022-06-03,Night,6656
2022-06-04,Day,8014
2022-06-04,Night,4406
2022-06-06,Day,3079
2022-06-06,Night,6041
2022-06-07,Day,9333
2022-06-07,Night,1300
2022-06-08,Day,6332
2022-06-08,Night,4691
2022-06-09,Day,7019
2022-06-09,Night,5412
2022-06-10,Day,1235
2022-06-10,Night,7384
2022-06-11,Day,5600
2022-06-11,Night,2749
2022-06-13,Day,1607
2022-06-13,Night,6346
2022-06-14,Day,6589
2022-06-14,Night,6884
2022-06-15,Day,2575
2022-06-15,Night,3217
2022-06-16,Day,8741
2022-06-16,Night,9855
2022-06-17,Day,9043
2022-06-17,Night,4432
2022-06-18,Day,1296
2022-06-18,Night,3971
2022-06-20,Day,1034
2022-06-20,Night,5194
2022-06-21,Day,8851
2022-06-21,Night,7432
2022-06-22,Day,7996
2022-06-22,Night,3797
2022-06-23,Day,4980
2022-06-23,Night,0749
2022-06-24,Day,6108
2022-06-24,Night,1386
2022-06-25,Day,7996
2022-06-25,Night,1502
2022-06-27,Day,0779
2022-06-27,Night,3381
2022-06-28,Day,3960
2022-06-28,Night,4820
2022-06-29,Day,3077
2022-06-29,Night,5748
2022-06-30,Day,8073
2022-06-30,Night,4001
2022-07-01,Day,3354
2022-07-01,Night,3788
2022-07-02,Day,3131
2022-07-02,Night,0259
2022-07-04,Day,4313
2022-07-04,Night,3144
2022-07-05,Day,8962
2022-07-05,Night,3288
2022-07-06,Day,9476
2022-07-06,Night,3384
2022-07-07,Day,0600
2022-07-07,Night,6495
2022-07-08,Day,9030
2022-07-08,Night,9883
2022-07-09,Day,0178
2022-07-09,Night,0534
2022-07-11,Day,6856
2022-07-11,Night,4489
2022-07-12,Day,1030
2022-07-12,Night,8602
2022-07-13,Day,9269
2022-07-13,Night,9923
2022-07-14,Day,8487
2022-07-14,Night,8424
2022-07-15,Day,5745
2022-07-15,Night,0225
2022-07-16,Day,2252
2022-07-16,Night,5008
2022-07-18,Day,1722
2022-07-18,Night,6108
2022-07-19,Day,7411
2022-07-19,Night,1822
2022-07-20,Day,8551
2022-07-20,Night,2534
2022-07-21,Day,5908
2022-07-21,Night,5000
2022-07-22,Day,7210
2022-07-22,Night,5601
2022-07-23,Day,4873
2022-07-23,Night,7728
2022-07-25,Day,7312
2022-07-25,Night,8622
2022-07-26,Day,8275
2022-07-26,Night,1903
2022-07-27,Day,7459
2022-07-27,Night,8928
2022-07-28,Day,1609
2022-07-28,Night,6685
2022-07-29,Day,5786
2022-07-29,Night,3165
2022-07-30,Day,0025
2022-07-30,Night,1557
2022-08-01,Day,2966
2022-08-01,Night,6621
2022-08-02,Day,2059
2022-08-02,Night,7724
2022-08-03,Day,0862
2022-08-03,Night,4826
2022-08-04,Day,6481
2022-08-04,Night,5409
2022-08-05,Day,8528
2022-08-05,Night,9246
2022-08-06,Day,6137
2022-08-06,Night,4695
2022-08-08,Day,2550
2022-08-08,Night,6837
2022-08-09,Day,9499
2022-08-09,Night,6581
2022-08-10,Day,9201
2022-08-10,Night,1659
2022-08-11,Day,4077
2022-08-11,Night,7801
2022-08-12,Day,7517
2022-08-12,Night,2121
2022-08-13,Day,0435
2022-08-13,Night,6379
2022-08-15,Day,2252
2022-08-15,Night,0340
2022-08-16,Day,9052
2022-08-16,Night,5573
2022-08-17,Day,9302
2022-08-17,Night,4876
2022-08-18,Day,3205
2022-08-18,Night,6827
2022-08-19,Day,6245
2022-08-19,Night,3855
2022-08-20,Day,7601
2022-08-20,Night,2665
2022-08-22,Day,9072
2022-08-22,Night,1376
2022-08-23,Day,5416
2022-08-23,Night,4006
2022-08-24,Day,3382
2022-08-24,Night,2359
2022-08-25,Day,6883
2022-08-25,Night,7361
2022-08-26,Day,3711
2022-08-26,Night,8536
2022-08-27,Day,9050
2022-08-27,Night,1386
2022-08-29,Day,9384
2022-08-29,Night,1076
2022-08-30,Day,2008
2022-08-30,Night,0637
2022-08-31,Day,0167
2022-08-31,Night,5765
2022-09-01,Day,4217
2022-09-01,Night,5797
2022-09-02,Day,3677
2022-09-02,Night,6134
2022-09-03,Day,4172
2022-09-03,Night,3782
2022-09-05,Day,0129
2022-09-05,Night,0665
2022-09-06,Day,1632
2022-09-06,Night,6073
2022-09-07,Day,7283
2022-09-07,Night,5094
2022-09-08,Day,0717
2022-09-08,Night,9312
2022-09-09,Day,8077
2022-09-09,Night,3204
2022-09-10,Day,5297
2022-09-10,Night,2878
2022-09-12,Day,2592
2022-09-12,Night,0372
2022-09-13,Day,0382
2022-09-13,Night,4645
2022-09-14,Day,5811
2022-09-14,Night,3764
2022-09-15,Day,3647
2022-09-15,Night,7425
2022-09-16,Day,1187
2022-09-16,Night,3101
2022-09-17,Day,4277
2022-09-17,Night,6231
2022-09-19,Day,3271
2022-09-19,Night,0370
2022-09-20,Day,6844
2022-09-20,Night,8914
2022-09-21,Day,8719
2022-09-21,Night,8798
2022-09-22,Day,4858
2022-09-22,Night,8898
2022-09-23,Day,1887
2022-09-23,Night,0677
2022-09-24,Day,1162
2022-09-24,Night,9668
2022-09-26,Day,7920
2022-09-26,Night,9372
2022-09-27,Day,9482
2022-09-27,Night,7834
2022-09-28,Day,8361
2022-09-28,Night,2280
2022-09-29,Day,3499
2022-09-29,Night,8513
2022-09-30,Day,1656
2022-09-30,Night,2301
2022-10-01,Day,0361
2022-10-01,Night,9084
2022-10-03,Day,8560
2022-10-03,Night,7656
2022-10-04,Day,8305
2022-10-04,Night,1681
2022-10-05,Day,1463
2022-10-05,Night,5615
2022-10-06,Day,5061
2022-10-06,Night,3866
2022-10-07,Day,2727
2022-10-07,Night,1679
2022-10-08,Day,0816
2022-10-08,Night,8191
2022-10-10,Day,2023
2022-10-10,Night,7231
2022-10-11,Day,8887
2022-10-11,Night,2776
2022-10-12,Day,5060
2022-10-12,Night,9638
2022-10-13,Day,0820
2022-10-13,Night,8346
2022-10-14,Day,6719
2022-10-14,Night,8457
2022-10-15,Day,7121
2022-10-15,Night,4862
2022-10-17,Day,7851
2022-10-17,Night,4703
2022-10-18,Day,3527
2022-10-18,Night,2140
2022-10-19,Day,1567
2022-10-19,Night,6842
2022-10-20,Day,2353
2022-10-20,Night,0480
2022-10-21,Day,5963
2022-10-21,Night,6596
2022-10-22,Day,3919
2022-10-22,Night,3949
2022-10-24,Day,1989
2022-10-24,Night,8837
2022-10-25,Day,8947
2022-10-25,Night,5427
2022-10-26,Day,7707
2022-10-26,Night,4108
2022-10-27,Day,8696
2022-10-27,Night,3271
2022-10-28,Day,6431
2022-10-28,Night,3638
2022-10-29,Day,9791
2022-10-29,Night,7139
2022-10-31,Day,6437
2022-10-31,Night,0138
2022-11-01,Day,1580
2022-11-01,Night,1012
2022-11-02,Day,0954
2022-11-02,Night,5367
2022-11-03,Day,2679
2022-11-03,Night,1215
2022-11-04,Day,7652
2022-11-04,Night,3295
2022-11-05,Day,6471
2022-11-05,Night,2275
2022-11-07,Day,1773
2022-11-07,Night,3714
2022-11-08,Day,6811
2022-11-08,Night,6758
2022-11-09,Day,5281
2022-11-09,Night,7253
2022-11-10,Day,9181
2022-11-10,Night,1521
2022-11-11,Day,9301
2022-11-11,Night,5648
2022-11-12,Day,3902
2022-11-12,Night,8076
2022-11-14,Day,8390
2022-11-14,Night,1236
2022-11-15,Day,2401
2022-11-15,Night,9010
2022-11-16,Day,5593
2022-11-16,Night,0151
2022-11-17,Day,3977
2022-11-17,Night,7131
2022-11-18,Day,7946
2022-11-18,Night,0376
2022-11-19,Day,8374
2022-11-19,Night,3960
2022-11-21,Day,6873
2022-11-21,Night,9502
2022-11-22,Day,4891
2022-11-22,Night,9929
2022-11-23,Day,1934
2022-11-23,Night,7436
2022-11-24,Day,2189
2022-11-24,Night,6796
2022-11-25,Day,3697
2022-11-25,Night,1154
2022-11-26,Day,2307
2022-11-26,Night,8636
2022-11-28,Day,6283
2022-11-28,Night,5843
2022-11-29,Day,7044
2022-11-29,Night,2388
2022-11-30,Day,3124
2022-11-30,Night,6058
2022-12-01,Day,7362
2022-12-01,Night,5422
2022-12-02,Day,1445
2022-12-02,Night,5783
2022-12-03,Day,9649
2022-12-03,Night,9639
2022-12-05,Day,0579
2022-12-05,Night,0810
2022-12-06,Day,3543
2022-12-06,Night,7973
2022-12-07,Day,4232
2022-12-07,Night,6541
2022-12-08,Day,3662
2022-12-08,Night,4348
2022-12-09,Day,0230
2022-12-09,Night,6091
2022-12-10,Day,2524
2022-12-10,Night,8716
2022-12-12,Day,1508
2022-12-12,Night,0078
2022-12-13,Day,5211
2022-12-13,Night,8681
2022-12-14,Day,3381
2022-12-14,Night,1629
2022-12-15,Day,8949
2022-12-15,Night,5352
2022-12-16,Day,4291
2022-12-16,Night,0730
2022-12-17,Day,1379
2022-12-17,Night,9287
2022-12-19,Day,4845
2022-12-19,Night,4521
2022-12-20,Day,8088
2022-12-20,Night,6529
2022-12-21,Day,2363
2022-12-21,Night,4595
2022-12-22,Day,0171
2022-12-22,Night,8533
2022-12-23,Day,1908
2022-12-23,Night,6756
2022-12-24,Day,5293
2022-12-24,Night,5872
2022-12-26,Day,7919
2022-12-26,Night,5967
2022-12-27,Day,7170
2022-12-27,Night,4322
2022-12-28,Day,1401
2022-12-28,Night,4104
2022-12-29,Day,7380
2022-12-29,Night,4763
2022-12-30,Day,2032
2022-12-30,Night,2390
2022-12-31,Day,6697
2022-12-31,Night,9646
2023-01-02,Day,4270
2023-01-02,Night,5154
2023-01-03,Day,3460
2023-01-03,Night,5276
2023-01-04,Day,4827
2023-01-04,Night,3270
2023-01-05,Day,4795
2023-01-05,Night,8042
2023-01-06,Day,6661
2023-01-06,Night,1830
2023-01-07,Day,5218
2023-01-07,Night,5360
2023-01-09,Day,6693
2023-01-09,Night,2163
2023-01-10,Day,1419
2023-01-10,Night,4149
2023-01-11,Day,8830
2023-01-11,Night,6737
2023-01-12,Day,3381
2023-01-12,Night,1524
2023-01-13,Day,7072
2023-01-13,Night,2287
2023-01-14,Day,0107
2023-01-14,Night,2677
2023-01-16,Day,9873
2023-01-16,Night,3028
2023-01-17,Day,0088
2023-01-17,Night,1472
2023-01-18,Day,3133
2023-01-18,Night,4295
2023-01-19,Day,3132
2023-01-19,Night,0622
2023-01-20,Day,7601
2023-01-20,Night,1750
2023-01-21,Day,6676
2023-01-21,Night,8391
2023-01-23,Day,3657
2023-01-23,Night,4279
2023-01-24,Day,1817
2023-01-24,Night,8941
2023-01-25,Day,6072
2023-01-25,Night,8709
2023-01-26,Day,4397
2023-01-26,Night,9610
2023-01-27,Day,7747
2023-01-27,Night,0100
2023-01-28,Day,8121
2023-01-28,Night,0595
2023-01-30,Day,8444
2023-01-30,Night,4665
2023-01-31,Day,9555
2023-01-31,Night,4062
2023-02-01,Day,7194
2023-02-01,Night,6612
2023-02-02,Day,1396
2023-02-02,Night,4662
2023-02-03,Day,7043
2023-02-03,Night,9643
2023-02-04,Day,9283
2023-02-04,Night,4165
2023-02-06,Day,0179
2023-02-06,Night,2570
2023-02-07,Day,9473
2023-02-07,Night,1054
2023-02-08,Day,7565
2023-02-08,Night,5398
2023-02-09,Day,6242
2023-02-09,Night,6840
2023-02-10,Day,5654
2023-02-10,Night,5780
2023-02-11,Day,8917
2023-02-11,Night,3192
2023-02-13,Day,3687
2023-02-13,Night,9185
2023-02-14,Day,8609
2023-02-14,Night,7027
2023-02-15,Day,7850
2023-02-15,Night,0284
2023-02-16,Day,2864
2023-02-16,Night,4170
2023-02-17,Day,6677
2023-02-17,Night,9329
2023-02-18,Day,5034
2023-02-18,Night,5760
2023-02-20,Day,8485
2023-02-20,Night,6279
2023-02-21,Day,3759
2023-02-21,Night,2215
2023-02-22,Day,7129
2023-02-22,Night,5538
2023-02-23,Day,7566
2023-02-23,Night,3089
2023-02-24,Day,6325
2023-02-24,Night,5577
2023-02-25,Day,6740
2023-02-25,Night,3892
2023-02-27,Day,7865
2023-02-27,Night,5623
2023-02-28,Day,5282
2023-02-28,Night,8025
2023-03-01,Day,6390
2023-03-01,Night,7803
2023-03-02,Day,6428
2023-03-02,Night,7758
2023-03-03,Day,9462
2023-03-03,Night,8088
2023-03-04,Day,9641
2023-03-04,Night,5488
2023-03-06,Day,2592
2023-03-06,Night,8343
2023-03-07,Day,0945
2023-03-07,Night,3031
2023-03-08,Day,6948
2023-03-08,Night,5011
2023-03-09,Day,6620
2023-03-09,Night,2325
2023-03-10,Day,7134
2023-03-10,Night,4273
2023-03-11,Day,6341
2023-03-11,Night,0492
2023-03-13,Day,3381
2023-03-13,Night,1486
2023-03-14,Day,2415
2023-03-14,Night,5413
2023-03-15,Day,4275
2023-03-15,Night,9988
2023-03-16,Day,0348
2023-03-16,Night,0286
2023-03-17,Day,1534
2023-03-17,Night,6353
2023-03-18,Day,1885
2023-03-18,Night,7393
2023-03-20,Day,9590
2023-03-20,Night,7862
2023-03-21,Day,1796
2023-03-21,Night,3184
2023-03-22,Day,3518
2023-03-22,Night,8228
2023-03-23,Day,3712
2023-03-23,Night,9327
2023-03-24,Day,3587
2023-03-24,Night,5644
2023-03-25,Day,8005
2023-03-25,Night,4724
2023-03-27,Day,1342
2023-03-27,Night,2566
2023-03-28,Day,7586
2023-03-28,Night,6437
2023-03-29,Day,6436
2023-03-29,Night,3442
2023-03-30,Day,5159
2023-03-30,Night,5955
2023-03-31,Day,0925
2023-03-31,Night,3075
2023-04-01,Day,1226
2023-04-01,Night,9491
2023-04-03,Day,4988
2023-04-03,Night,2792
2023-04-04,Day,6782
2023-04-04,Night,1354
2023-04-05,Day,8173
2023-04-05,Night,1854
2023-04-06,Day,9637
2023-04-06,Night,0114
2023-04-07,Day,2459
2023-04-07,Night,6947
2023-04-08,Day,8921
2023-04-08,Night,8381
2023-04-10,Day,7371
2023-04-10,Night,7799
2023-04-11,Day,7908
2023-04-11,Night,1778
2023-04-12,Day,3560
2023-04-12,Night,3862
2023-04-13,Day,1964
2023-04-13,Night,1791
2023-04-14,Day,2007
2023-04-14,Night,8511
2023-04-15,Day,6052
2023-04-15,Night,1772
2023-04-17,Day,9248
2023-04-17,Night,7928
2023-04-18,Day,6662
2023-04-18,Night,8911
2023-04-19,Day,7325
2023-04-19,Night,2906
2023-04-20,Day,2517
2023-04-20,Night,4740
2023-04-21,Day,5144
2023-04-21,Night,6720
2023-04-22,Day,9576
2023-04-22,Night,5083
2023-04-24,Day,8374
2023-04-24,Night,7577
2023-04-25,Day,5755
2023-04-25,Night,2258
2023-04-26,Day,3574
2023-04-26,Night,8459
2023-04-27,Day,6255
2023-04-27,Night,2524
2023-04-28,Day,6168
2023-04-28,Night,5358
2023-04-29,Day,9723
2023-04-29,Night,8588
2023-05-01,Day,8569
2023-05-01,Night,5460
2023-05-02,Day,6118
2023-05-02,Night,0881
2023-05-03,Day,4714
2023-05-03,Night,7011
2023-05-04,Day,3045
2023-05-04,Night,4604
2023-05-05,Day,0954
2023-05-05,Night,5234
2023-05-06,Day,3412
2023-05-06,Night,4259
2023-05-08,Day,2999
2023-05-08,Night,3495
2023-05-09,Day,9031
2023-05-09,Night,7775
2023-05-10,Day,8840
2023-05-10,Night,9826
2023-05-11,Day,8740
2023-05-11,Night,5067
2023-05-12,Day,8693
2023-05-12,Night,9862
2023-05-13,Day,1170
2023-05-13,Night,4246
2023-05-15,Day,0630
2023-05-15,Night,9490
2023-05-16,Day,2877
2023-05-16,Night,2799
2023-05-17,Day,7539
2023-05-17,Night,0440
2023-05-18,Day,7361
2023-05-18,Night,8167
2023-05-19,Day,3385
2023-05-19,Night,2386
2023-05-20,Day,9247
2023-05-20,Night,2007
2023-05-22,Day,2738
2023-05-22,Night,4765
2023-05-23,Day,8503
2023-05-23,Night,3388
2023-05-24,Day,5011
2023-05-24,Night,1646
2023-05-25,Day,2874
2023-05-25,Night,9309
2023-05-26,Day,1600
2023-05-26,Night,9934
2023-05-27,Day,3952
2023-05-27,Night,1365
2023-05-29,Day,7668
2023-05-29,Night,7511
2023-05-30,Day,8903
2023-05-30,Night,0372
2023-05-31,Day,8938
2023-05-31,Night,3065
2023-06-01,Day,0744
2023-06-01,Night,2584
2023-06-02,Day,7761
2023-06-02,Night,1283
2023-06-03,Day,1183
2023-06-03,Night,1005
2023-06-05,Day,8810
2023-06-05,Night,6739
2023-06-06,Day,7766
2023-06-06,Night,8065
2023-06-07,Day,3162
2023-06-07,Night,7189
2023-06-08,Day,3433
2023-06-08,Night,8235
2023-06-09,Day,2334
2023-06-09,Night,0895
2023-06-10,Day,4790
2023-06-10,Night,6810
2023-06-12,Day,4443
2023-06-12,Night,1185
2023-06-13,Day,9332
2023-06-13,Night,7335
2023-06-14,Day,8724
2023-06-14,Night,7246
2023-06-15,Day,5454
2023-06-15,Night,3217
2023-06-16,Day,7263
2023-06-16,Night,7349
2023-06-17,Day,5672
2023-06-17,Night,9447
2023-06-19,Day,8802
2023-06-19,Night,3970
2023-06-20,Day,0477
2023-06-20,Night,5183
2023-06-21,Day,1862
2023-06-21,Night,4249
2023-06-22,Day,7345
2023-06-22,Night,9161
2023-06-23,Day,1780
2023-06-23,Night,6869
2023-06-24,Day,2557
2023-06-24,Night,2880
2023-06-26,Day,7128
2023-06-26,Night,3744
2023-06-27,Day,4963
2023-06-27,Night,9988
2023-06-28,Day,3833
2023-06-28,Night,0524
2023-06-29,Day,2052
2023-06-29,Night,6101
2023-06-30,Day,3740
2023-06-30,Night,6943
2023-07-01,Day,5652
2023-07-01,Night,4021
2023-07-03,Day,3688
2023-07-03,Night,4246
2023-07-04,Day,1731
2023-07-04,Night,3958
2023-07-05,Day,0249
2023-07-05,Night,1052
2023-07-06,Day,2069
2023-07-06,Night,8877
2023-07-07,Day,6942
2023-07-07,Night,5842
2023-07-08,Day,4038
2023-07-08,Night,1479
2023-07-10,Day,0459
2023-07-10,Night,5552
2023-07-11,Day,4579
2023-07-11,Night,6446
2023-07-12,Day,0874
2023-07-12,Night,3256
2023-07-13,Day,3163
2023-07-13,Night,3059
2023-07-14,Day,0929
2023-07-14,Night,7142
2023-07-15,Day,7017
2023-07-15,Night,1738
2023-07-17,Day,8818
2023-07-17,Night,2881
2023-07-18,Day,7953
2023-07-18,Night,8393
2023-07-19,Day,5566
2023-07-19,Night,9915
2023-07-20,Day,5206
2023-07-20,Night,0819
2023-07-21,Day,6599
2023-07-21,Night,1951
2023-07-22,Day,2064
2023-07-22,Night,1118
2023-07-24,Day,0328
2023-07-24,Night,3662
2023-07-25,Day,3557
2023-07-25,Night,9148
2023-07-26,Day,4942
2023-07-26,Night,2006
2023-07-27,Day,5040
2023-07-27,Night,7967
2023-07-28,Day,9278
2023-07-28,Night,3027
2023-07-29,Day,9186
2023-07-29,Night,0984
2023-07-31,Day,2067
2023-07-31,Night,2772
2023-08-01,Day,6495
2023-08-01,Night,9723
2023-08-02,Day,0126
2023-08-02,Night,3270
2023-08-03,Day,6222
2023-08-03,Night,8607
2023-08-04,Day,5183
2023-08-04,Night,6953
2023-08-05,Day,7830
2023-08-05,Night,7970
2023-08-07,Day,8903
2023-08-07,Night,5669
2023-08-08,Day,0438
2023-08-08,Night,1472
2023-08-09,Day,1281
2023-08-09,Night,2992
2023-08-10,Day,3611
2023-08-10,Night,6650
2023-08-11,Day,1390
2023-08-11,Night,9108
2023-08-12,Day,7377
2023-08-12,Night,5493
2023-08-14,Day,9276
2023-08-14,Night,3380
2023-08-15,Day,3745
2023-08-15,Night,6452
2023-08-16,Day,5155
2023-08-16,Night,6047
2023-08-17,Day,6849
2023-08-17,Night,8043
2023-08-18,Day,5782
2023-08-18,Night,9345
2023-08-19,Day,0598
2023-08-19,Night,4686
2023-08-21,Day,3511
2023-08-21,Night,6083
2023-08-22,Day,2811
2023-08-22,Night,9427
2023-08-23,Day,4098
2023-08-23,Night,6424
2023-08-24,Day,3889
2023-08-24,Night,7237
2023-08-25,Day,3746
2023-08-25,Night,2223
2023-08-26,Day,0502
2023-08-26,Night,8694
2023-08-28,Day,6229
2023-08-28,Night,3027
2023-08-29,Day,5447
2023-08-29,Night,1004
2023-08-30,Day,7537
2023-08-30,Night,6312
2023-08-31,Day,8406
2023-08-31,Night,5108
2023-09-01,Day,7046
2023-09-01,Night,0866
2023-09-02,Day,5282
2023-09-02,Night,6916
2023-09-04,Day,4845
2023-09-04,Night,8364
2023-09-05,Day,9733
2023-09-05,Night,8263
2023-09-06,Day,2226
2023-09-06,Night,2838
2023-09-07,Day,0562
2023-09-07,Night,9051
2023-09-08,Day,0611
2023-09-08,Night,9628
2023-09-09,Day,1021
2023-09-09,Night,2888
2023-09-11,Day,4966
2023-09-11,Night,9339
2023-09-12,Day,4429
2023-09-12,Night,8627
2023-09-13,Day,3390
2023-09-13,Night,9776
2023-09-14,Day,8279
2023-09-14,Night,7571
2023-09-15,Day,8950
2023-09-15,Night,8012
2023-09-16,Day,1781
2023-09-16,Night,9789
2023-09-18,Day,1812
2023-09-18,Night,3900
2023-09-19,Day,4532
2023-09-19,Night,2598
2023-09-20,Day,3884
2023-09-20,Night,2129
2023-09-21,Day,8966
2023-09-21,Night,4759
2023-09-22,Day,8946
2023-09-22,Night,0620
2023-09-23,Day,0521
2023-09-23,Night,1817
2023-09-25,Day,8585
2023-09-25,Night,2894
2023-09-26,Day,0520
2023-09-26,Night,5752
2023-09-27,Day,7904
2023-09-27,Night,7566
2023-09-28,Day,9244
2023-09-28,Night,1169
2023-09-29,Day,2253
2023-09-29,Night,7410
2023-09-30,Day,1735
2023-09-30,Night,0148
2023-10-02,Day,9008
2023-10-02,Night,1001
2023-10-03,Day,0877
2023-10-03,Night,0492
2023-10-04,Day,6017
2023-10-04,Night,2189
2023-10-05,Day,4551
2023-10-05,Night,2705
2023-10-06,Day,5817
2023-10-06,Night,5183
2023-10-07,Day,0803
2023-10-07,Night,3227
2023-10-09,Day,0923
2023-10-09,Night,4158
2023-10-10,Day,1101
2023-10-10,Night,3349
2023-10-11,Day,3660
2023-10-11,Night,2230
2023-10-12,Day,4980
2023-10-12,Night,9684
2023-10-13,Day,5506
2023-10-13,Night,8201
2023-10-14,Day,1851
2023-10-14,Night,4374
2023-10-16,Day,3128
2023-10-16,Night,7397
2023-10-17,Day,1260
2023-10-17,Night,0575
2023-10-18,Day,1386
2023-10-18,Night,2885
2023-10-19,Day,3564
2023-10-19,Night,8474
2023-10-20,Day,7819
2023-10-20,Night,8811
2023-10-21,Day,1025
2023-10-21,Night,8123
2023-10-23,Day,5861
2023-10-23,Night,2031
2023-10-24,Day,6021
2023-10-24,Night,1708
2023-10-25,Day,8856
2023-10-25,Night,5880
2023-10-26,Day,5730
2023-10-26,Night,2730
2023-10-27,Day,3343
2023-10-27,Night,8862
2023-10-28,Day,7011
2023-10-28,Night,5950
2023-10-30,Day,7564
2023-10-30,Night,4684
2023-10-31,Day,2440
2023-10-31,Night,8016
2023-11-01,Day,8104
2023-11-01,Night,5861
2023-11-02,Day,6713
2023-11-02,Night,7546
2023-11-03,Day,5624
2023-11-03,Night,3829
2023-11-04,Day,0312
2023-11-04,Night,4907
2023-11-06,Day,2772
2023-11-06,Night,1933
2023-11-07,Day,9740
2023-11-07,Night,1101
2023-11-08,Day,9435
2023-11-08,Night,9483
2023-11-09,Day,0525
2023-11-09,Night,7077
2023-11-10,Day,6660
2023-11-10,Night,2216
2023-11-11,Day,7268
2023-11-11,Night,8089
2023-11-13,Day,7404
2023-11-13,Night,0083
2023-11-14,Day,6135
2023-11-14,Night,4671
2023-11-15,Day,1255
2023-11-15,Night,3852
2023-11-16,Day,6747
2023-11-16,Night,2321
2023-11-17,Day,5998
2023-11-17,Night,7759
2023-11-18,Day,3281
2023-11-18,Night,8352
2023-11-20,Day,0683
2023-11-20,Night,5034
2023-11-21,Day,5163
2023-11-21,Night,3432
2023-11-22,Day,4212
2023-11-22,Night,2570
2023-11-23,Day,5104
2023-11-23,Night,4456
2023-11-24,Day,0837
2023-11-24,Night,7449
2023-11-25,Day,4046
2023-11-25,Night,2434
2023-11-27,Day,7345
2023-11-27,Night,0252
2023-11-28,Day,9424
2023-11-28,Night,5651
2023-11-29,Day,1374
2023-11-29,Night,1086
2023-11-30,Day,8948
2023-11-30,Night,3891
2023-12-01,Day,1717
2023-12-01,Night,1241
2023-12-02,Day,9760
2023-12-02,Night,3191
2023-12-04,Day,7123
2023-12-04,Night,3975
2023-12-05,Day,6501
2023-12-05,Night,1708
2023-12-06,Day,2259
2023-12-06,Night,4763
2023-12-07,Day,2026
2023-12-07,Night,1241
2023-12-08,Day,2304
2023-12-08,Night,8512
2023-12-09,Day,2554
2023-12-09,Night,4962
2023-12-11,Day,7018
2023-12-11,Night,3358
2023-12-12,Day,3419
2023-12-12,Night,3878
2023-12-13,Day,4139
2023-12-13,Night,6897
2023-12-14,Day,9520
2023-12-14,Night,2708
2023-12-15,Day,9784
2023-12-15,Night,1795
2023-12-16,Day,1877
2023-12-16,Night,7727
2023-12-18,Day,2434
2023-12-18,Night,5271
2023-12-19,Day,7153
2023-12-19,Night,6338
2023-12-20,Day,7991
2023-12-20,Night,1525
2023-12-21,Day,2889
2023-12-21,Night,0570
2023-12-22,Day,9592
2023-12-22,Night,2037
2023-12-23,Day,1685
2023-12-23,Night,0110
2023-12-26,Day,7907
2023-12-26,Night,1941
2023-12-27,Day,1376
2023-12-27,Night,2823
2023-12-28,Day,9382
2023-12-28,Night,8059
2023-12-29,Day,0786
2023-12-29,Night,2261
2023-12-30,Day,6473
2023-12-30,Night,5211
2024-01-01,Day,2274
2024-01-01,Night,6686
2024-01-02,Day,8879
2024-01-02,Night,9472
2024-01-03,Day,4292
2024-01-03,Night,0236
2024-01-04,Day,9766
2024-01-04,Night,1982
2024-01-05,Day,9246
2024-01-05,Night,3539
2024-01-06,Day,8989
2024-01-06,Night,7206
2024-01-08,Day,8451
2024-01-08,Night,4952
2024-01-09,Day,0783
2024-01-09,Night,7328
2024-01-10,Day,6125
2024-01-10,Night,3958
2024-01-11,Day,3526
2024-01-11,Night,4141
2024-01-12,Day,3252
2024-01-12,Night,2601
2024-01-13,Day,7503
2024-01-13,Night,0045
2024-01-15,Day,3093
2024-01-15,Night,7038
2024-01-16,Day,3945
2024-01-16,Night,5404
2024-01-17,Day,5593
2024-01-17,Night,1788
2024-01-18,Day,9184
2024-01-18,Night,8110
2024-01-19,Day,1420
2024-01-19,Night,8820
2024-01-20,Day,7516
2024-01-20,Night,7186
2024-01-22,Day,2918
2024-01-22,Night,9800
2024-01-23,Day,2438
2024-01-23,Night,3109
2024-01-24,Day,2198
2024-01-24,Night,8868
2024-01-25,Day,0425
2024-01-25,Night,3864
2024-01-26,Day,8784
2024-01-26,Night,4444
2024-01-27,Day,7729
2024-01-27,Night,7704
2024-01-29,Day,0692
2024-01-29,Night,5975
2024-01-30,Day,3202
2024-01-30,Night,8530
2024-01-31,Day,8356
2024-01-31,Night,6279
2024-02-01,Day,3801
2024-02-01,Night,4502
2024-02-02,Day,3487
2024-02-02,Night,8555
2024-02-03,Day,0062
2024-02-03,Night,9499
2024-02-05,Day,6375
2024-02-05,Night,7339
2024-02-06,Day,9647
2024-02-06,Night,2600
2024-02-07,Day,7004
2024-02-07,Night,3095
2024-02-08,Day,8676
2024-02-08,Night,6155
2024-02-09,Day,5698
2024-02-09,Night,6497
2024-02-10,Day,7422
2024-02-10,Night,1585
2024-02-12,Day,3407
2024-02-12,Night,8143
2024-02-13,Day,5317
2024-02-13,Night,3933
2024-02-14,Day,9628
2024-02-14,Night,5244
2024-02-15,Day,8881
2024-02-15,Night,3966
2024-02-16,Day,6201
2024-02-16,Night,4634
2024-02-17,Day,1990
2024-02-17,Night,9766
2024-02-19,Day,9278
2024-02-19,Night,1409
2024-02-20,Day,6930
2024-02-20,Night,2290
2024-02-21,Day,6752
2024-02-21,Night,9405
2024-02-22,Day,6962
2024-02-22,Night,6823
2024-02-23,Day,5223
2024-02-23,Night,0658
2024-02-24,Day,3366
2024-02-24,Night,5864
2024-02-26,Day,3367
2024-02-26,Night,4408
2024-02-27,Day,6337
2024-02-27,Night,1040
2024-02-28,Day,6606
2024-02-28,Night,5263
2024-02-29,Day,0749
2024-02-29,Night,9825
2024-03-01,Day,8882
2024-03-01,Night,1814
2024-03-02,Day,8586
2024-03-02,Night,9371
2024-03-04,Day,6986
2024-03-04,Night,5278
2024-03-05,Day,9475
2024-03-05,Night,5693
2024-03-06,Day,7131
2024-03-06,Night,7086
2024-03-07,Day,7158
2024-03-07,Night,4978
2024-03-08,Day,0197
2024-03-08,Night,4991
2024-03-09,Day,0996
2024-03-09,Night,6448
2024-03-11,Day,1005
2024-03-11,Night,6919
2024-03-12,Day,0004
2024-03-12,Night,6617
2024-03-13,Day,1394
2024-03-13,Night,5312
2024-03-14,Day,5258
2024-03-14,Night,9361
2024-03-15,Day,0176
2024-03-15,Night,1567
2024-03-16,Day,7758
2024-03-16,Night,6178
2024-03-18,Day,2770
2024-03-18,Night,4373
2024-03-19,Day,4847
2024-03-19,Night,2095
2024-03-20,Day,7504
2024-03-20,Night,3079
2024-03-21,Day,3918
2024-03-21,Night,2947
2024-03-22,Day,1556
2024-03-22,Night,7477
2024-03-23,Day,2285
2024-03-23,Night,4521
2024-03-25,Day,2282
2024-03-25,Night,7758
2024-03-26,Day,4888
2024-03-26,Night,2947
2024-03-27,Day,4703
2024-03-27,Night,2046
2024-03-28,Day,6642
2024-03-28,Night,0201
2024-03-29,Day,7321
2024-03-29,Night,1537
2024-03-30,Day,7420
2024-03-30,Night,3910
2024-04-01,Day,8480
2024-04-01,Night,2279
2024-04-02,Day,0873
2024-04-02,Night,5877
2024-04-03,Day,5247
2024-04-03,Night,7761
2024-04-04,Day,5097
2024-04-04,Night,4781
2024-04-05,Day,9660
2024-04-05,Night,3522
2024-04-06,Day,4024
2024-04-06,Night,1791
2024-04-08,Day,2101
2024-04-08,Night,3859
2024-04-09,Day,2664
2024-04-09,Night,0965
2024-04-10,Day,2922
2024-04-10,Night,8627
2024-04-11,Day,2751
2024-04-11,Night,1180
2024-04-12,Day,9771
2024-04-12,Night,2318
2024-04-13,Day,1764
2024-04-13,Night,9897
2024-04-15,Day,7590
2024-04-15,Night,9830
2024-04-16,Day,7825
2024-04-16,Night,2773
2024-04-17,Day,9063
2024-04-17,Night,1620
2024-04-18,Day,6178
2024-04-18,Night,1663
2024-04-19,Day,4403
2024-04-19,Night,9875
2024-04-20,Day,4206
2024-04-20,Night,3890
2024-04-22,Day,0116
2024-04-22,Night,2100
2024-04-23,Day,4362
2024-04-23,Night,6368
2024-04-24,Day,1444
2024-04-24,Night,6673
2024-04-25,Day,3376
2024-04-25,Night,0858
2024-04-26,Day,5448
2024-04-26,Night,3228
2024-04-27,Day,6397
2024-04-27,Night,0960
2024-04-29,Day,8643
2024-04-29,Night,0840
2024-04-30,Day,0518
2024-04-30,Night,9072
2024-05-01,Day,3962
2024-05-01,Night,9859
2024-05-02,Day,3239
2024-05-02,Night,0185
2024-05-03,Day,8279
2024-05-03,Night,6489
2024-05-04,Day,5129
2024-05-04,Night,1112
2024-05-06,Day,7384
2024-05-06,Night,2262
2024-05-07,Day,8073
2024-05-07,Night,9011
2024-05-08,Day,2607
2024-05-08,Night,1142
2024-05-09,Day,1681
2024-05-09,Night,8205
2024-05-10,Day,5672
2024-05-10,Night,2647
2024-05-11,Day,9231
2024-05-11,Night,6171
2024-05-13,Day,7313
2024-05-13,Night,9663
2024-05-14,Day,6255
2024-05-14,Night,8139
2024-05-15,Day,5396
2024-05-15,Night,0627
2024-05-16,Day,8188
2024-05-16,Night,9323
2024-05-17,Day,5828
2024-05-17,Night,3453
2024-05-18,Day,5080
2024-05-18,Night,2832
2024-05-20,Day,9476
2024-05-20,Night,8247
2024-05-21,Day,5134
2024-05-21,Night,7484
2024-05-22,Day,7820
2024-05-22,Night,8413
2024-05-23,Day,6150
2024-05-23,Night,9388
2024-05-24,Day,2370
2024-05-24,Night,4967
2024-05-25,Day,5679
2024-05-25,Night,3765
2024-05-27,Day,0795
2024-05-27,Night,7187
2024-05-28,Day,5393
2024-05-28,Night,8759
2024-05-29,Day,4663
2024-05-29,Night,4784
2024-05-30,Day,1579
2024-05-30,Night,0993
2024-05-31,Day,8392
2024-05-31,Night,1312
2024-06-01,Day,1938
2024-06-01,Night,2016
2024-06-03,Day,5173
2024-06-03,Night,6089
2024-06-04,Day,7046
2024-06-04,Night,8167
2024-06-05,Day,0131
2024-06-05,Night,0940
2024-06-06,Day,0601
2024-06-06,Night,3613
2024-06-07,Day,0199
2024-06-07,Night,6767
2024-06-08,Day,3587
2024-06-08,Night,2579
2024-06-10,Day,0286
2024-06-10,Night,8932
2024-06-11,Day,0680
2024-06-11,Night,4614
2024-06-12,Day,8920
2024-06-12,Night,6423
2024-06-13,Day,7919
2024-06-13,Night,8152
2024-06-14,Day,1456
2024-06-14,Night,6196
2024-06-15,Day,6976
2024-06-15,Night,5038
2024-06-17,Day,0184
2024-06-17,Night,3632
2024-06-18,Day,0593
2024-06-18,Night,2266
2024-06-19,Day,8212
2024-06-19,Night,7622
2024-06-20,Day,1928
2024-06-20,Night,1277
2024-06-21,Day,6268
2024-06-21,Night,9927
2024-06-22,Day,6274
2024-06-22,Night,0198
2024-06-24,Day,7374
2024-06-24,Night,9312
2024-06-25,Day,8330
2024-06-25,Night,4444
2024-06-26,Day,0867
2024-06-26,Night,7336
2024-06-27,Day,3865
2024-06-27,Night,7272
2024-06-28,Day,7069
2024-06-28,Night,2707
2024-06-29,Day,3760
2024-06-29,Night,5552
2024-07-01,Day,4165
2024-07-01,Night,6006
2024-07-02,Day,6204
2024-07-02,Night,5307
2024-07-03,Day,5176
2024-07-03,Night,3754
2024-07-04,Day,3240
2024-07-04,Night,5405
2024-07-05,Day,8565
2024-07-05,Night,2294
2024-07-06,Day,1338
2024-07-06,Night,7117
2024-07-08,Day,5626
2024-07-08,Night,9278
2024-07-09,Day,0131
2024-07-09,Night,7299
2024-07-10,Day,7903
2024-07-10,Night,5940
2024-07-11,Day,0909
2024-07-11,Night,8880
2024-07-12,Day,0116
2024-07-12,Night,8435
2024-07-13,Day,3354
2024-07-13,Night,3720
2024-07-15,Day,2358
2024-07-15,Night,3204
2024-07-16,Day,4370
2024-07-16,Night,1453
2024-07-17,Day,2452
2024-07-17,Night,3189
2024-07-18,Day,4678
2024-07-18,Night,3229
2024-07-19,Day,1454
2024-07-19,Night,9547
2024-07-20,Day,9536
2024-07-20,Night,0217
2024-07-22,Day,1273
2024-07-22,Night,7014
2024-07-23,Day,0835
2024-07-23,Night,7575
2024-07-24,Day,0068
2024-07-24,Night,5426
2024-07-25,Day,2958
2024-07-25,Night,7343
2024-07-26,Day,3140
2024-07-26,Night,7688
2024-07-27,Day,4728
2024-07-27,Night,1544
2024-07-29,Day,6011
2024-07-29,Night,3794
2024-07-30,Day,5220
2024-07-30,Night,4998
2024-07-31,Day,8444
2024-07-31,Night,1550
2024-08-01,Day,8145
2024-08-01,Night,1633
2024-08-02,Day,8411
2024-08-02,Night,8374
2024-08-03,Day,0836
2024-08-03,Night,4930
2024-08-05,Day,5647
2024-08-05,Night,2495
2024-08-06,Day,5453
2024-08-06,Night,5289
2024-08-07,Day,7051
2024-08-07,Night,3390
2024-08-08,Day,0986
2024-08-08,Night,6074
2024-08-09,Day,3740
2024-08-09,Night,4619
2024-08-10,Day,2085
2024-08-10,Night,3350
2024-08-12,Day,5594
2024-08-12,Night,6879
2024-08-13,Day,7076
2024-08-13,Night,9461
2024-08-14,Day,8481
2024-08-14,Night,2200
2024-08-15,Day,8195
2024-08-15,Night,3685
2024-08-16,Day,2439
2024-08-16,Night,4791
2024-08-17,Day,4242
2024-08-17,Night,4065
2024-08-19,Day,8211
2024-08-19,Night,7989
2024-08-20,Day,6200
2024-08-20,Night,0931
2024-08-21,Day,7408
2024-08-21,Night,3026
2024-08-22,Day,1458
2024-08-22,Night,5514
2024-08-23,Day,1278
2024-08-23,Night,7439
2024-08-24,Day,1008
2024-08-24,Night,3083
2024-08-26,Day,2892
2024-08-26,Night,0243
2024-08-27,Day,7939
2024-08-27,Night,9895
2024-08-28,Day,9120
2024-08-28,Night,6066
2024-08-29,Day,9170
2024-08-29,Night,2271
2024-08-30,Day,3606
2024-08-30,Night,7015
2024-08-31,Day,9007
2024-08-31,Night,1608
2024-09-02,Day,0975
2024-09-02,Night,4240
2024-09-03,Day,6019
2024-09-03,Night,8150
2024-09-04,Day,2485
2024-09-04,Night,4922
2024-09-05,Day,0394
2024-09-05,Night,3686
2024-09-06,Day,8220
2024-09-06,Night,0055
2024-09-07,Day,7964
2024-09-07,Night,7789
2024-09-09,Day,5351
2024-09-09,Night,6169
2024-09-10,Day,8066
2024-09-10,Night,1689
2024-09-11,Day,4910
2024-09-11,Night,7462
2024-09-12,Day,3146
2024-09-12,Night,2907
2024-09-13,Day,0198
2024-09-13,Night,4821
2024-09-14,Day,2800
2024-09-14,Night,4110
2024-09-16,Day,1542
2024-09-16,Night,7073
2024-09-17,Day,5768
2024-09-17,Night,1832
2024-09-18,Day,3347
2024-09-18,Night,6417
2024-09-19,Day,7908
2024-09-19,Night,8262
2024-09-20,Day,6268
2024-09-20,Night,4507
2024-09-21,Day,3659
2024-09-21,Night,3073
2024-09-23,Day,3413
2024-09-23,Night,1322
2024-09-24,Day,3343
2024-09-24,Night,6189
2024-09-25,Day,6409
2024-09-25,Night,3010
2024-09-26,Day,9027
2024-09-26,Night,1398
2024-09-27,Day,2693
2024-09-27,Night,1215
2024-09-28,Day,9257
2024-09-28,Night,8044
2024-09-30,Day,8942
2024-09-30,Night,0146
2024-10-01,Day,6453
2024-10-01,Night,6442
2024-10-02,Day,7873
2024-10-02,Night,9068
2024-10-03,Day,6364
2024-10-03,Night,7349
2024-10-04,Day,9492
2024-10-04,Night,8825
2024-10-05,Day,4645
2024-10-05,Night,0475
2024-10-07,Day,6090
2024-10-07,Night,2528
2024-10-08,Day,4534
2024-10-08,Night,4696
2024-10-09,Day,2951
2024-10-09,Night,8421
2024-10-10,Day,8336
2024-10-10,Night,7480
2024-10-11,Day,9648
2024-10-11,Night,7404
2024-10-12,Day,5905
2024-10-12,Night,6149
2024-10-14,Day,7996
2024-10-14,Night,3868
2024-10-15,Day,5807
2024-10-15,Night,9230
2024-10-16,Day,1169
2024-10-16,Night,9581
2024-10-17,Day,0077
2024-10-17,Night,4455
2024-10-18,Day,0093
2024-10-18,Night,5243
2024-10-19,Day,9283
2024-10-19,Night,0395
2024-10-21,Day,9164
2024-10-21,Night,9769
2024-10-22,Day,7948
2024-10-22,Night,6374
2024-10-23,Day,0436
2024-10-23,Night,6100
2024-10-24,Day,8342
2024-10-24,Night,4022
2024-10-25,Day,8274
2024-10-25,Night,2274
2024-10-26,Day,4668
2024-10-26,Night,2610
2024-10-28,Day,3730
2024-10-28,Night,4564
2024-10-29,Day,6736
2024-10-29,Night,8557
2024-10-30,Day,5937
2024-10-30,Night,6892
2024-10-31,Day,2268
2024-10-31,Night,5358
2024-11-01,Day,9040
2024-11-01,Night,0775
2024-11-02,Day,1886
2024-11-02,Night,8588
2024-11-04,Day,1200
2024-11-04,Night,2103
2024-11-05,Day,8200
2024-11-05,Night,6762
2024-11-06,Day,3958
2024-11-06,Night,3429
2024-11-07,Day,0384
2024-11-07,Night,5475
2024-11-08,Day,0368
2024-11-08,Night,7477
2024-11-09,Day,5526
2024-11-09,Night,6258
2024-11-11,Day,3440
2024-11-11,Night,9499
2024-11-12,Day,8374
2024-11-12,Night,0898
2024-11-13,Day,0859
2024-11-13,Night,8943
2024-11-14,Day,2545
2024-11-14,Night,9423
2024-11-15,Day,8355
2024-11-15,Night,3775
2024-11-16,Day,4444
2024-11-16,Night,3809
2024-11-18,Day,4678
2024-11-18,Night,8659
2024-11-19,Day,1433
2024-11-19,Night,8480
2024-11-20,Day,9860
2024-11-20,Night,1986
2024-11-21,Day,2048
2024-11-21,Night,6649
2024-11-22,Day,9220
2024-11-22,Night,2613
2024-11-23,Day,1130
2024-11-23,Night,2466
2024-11-25,Day,5022
2024-11-25,Night,0129
2024-11-26,Day,5099
2024-11-26,Night,0904
2024-11-27,Day,2533
2024-11-27,Night,7246
2024-11-28,Day,8315
2024-11-28,Night,7828
2024-11-29,Day,8065
2024-11-29,Night,9380
2024-11-30,Day,3302
2024-11-30,Night,1622
2024-12-02,Day,4302
2024-12-02,Night,3745
2024-12-03,Day,5126
2024-12-03,Night,4744
2024-12-04,Day,7691
2024-12-04,Night,5566
2024-12-05,Day,0620
2024-12-05,Night,0756
2024-12-06,Day,4983
2024-12-06,Night,7512
2024-12-07,Day,9247
2024-12-07,Night,7580
2024-12-09,Day,6561
2024-12-09,Night,7291
2024-12-10,Day,2237
2024-12-10,Night,8862
2024-12-11,Day,0180
2024-12-11,Night,3072
2024-12-12,Day,8197
2024-12-12,Night,2997
2024-12-13,Day,1683
2024-12-13,Night,9655
2024-12-14,Day,0243
2024-12-14,Night,1724
2024-12-16,Day,8122
2024-12-16,Night,7015
2024-12-17,Day,7633
2024-12-17,Night,5437
2024-12-18,Day,4146
2024-12-18,Night,5615
2024-12-19,Day,7379
2024-12-19,Night,6780
2024-12-20,Day,6654
2024-12-20,Night,8321
2024-12-21,Day,0526
2024-12-21,Night,0172
2024-12-23,Day,9938
2024-12-23,Night,9383
2024-12-24,Day,1177
2024-12-24,Night,3397
2024-12-26,Day,9223
2024-12-26,Night,3443
2024-12-27,Day,9710
2024-12-27,Night,6861
2024-12-28,Day,9107
2024-12-28,Night,2079
2024-12-30,Day,7176
2024-12-30,Night,6261
2024-12-31,Day,6725
2024-12-31,Night,7275
2025-01-01,Day,3432
2025-01-01,Night,7379
2025-01-02,Day,9832
2025-01-02,Night,3269
2025-01-03,Day,1165
2025-01-03,Night,5220
2025-01-04,Day,0576
2025-01-04,Night,0185
2025-01-06,Day,6706
2025-01-06,Night,4334
2025-01-07,Day,0299
2025-01-07,Night,0273
2025-01-08,Day,3699
2025-01-08,Night,3694
2025-01-09,Day,5590
2025-01-09,Night,8321
2025-01-10,Day,3924
2025-01-10,Night,9657
2025-01-11,Day,1682
2025-01-11,Night,9466
2025-01-13,Day,0435
2025-01-13,Night,7039
2025-01-14,Day,3622
2025-01-14,Night,8879
2025-01-15,Day,5116
2025-01-15,Night,7698
2025-01-16,Day,4454
2025-01-16,Night,9243
2025-01-17,Day,0247
2025-01-17,Night,6370
2025-01-18,Day,5095
2025-01-18,Night,4975
2025-01-20,Day,5798
2025-01-20,Night,9985
2025-01-21,Day,5157
2025-01-21,Night,9023
2025-01-22,Day,1996
2025-01-22,Night,2287
2025-01-23,Day,4331
2025-01-23,Night,0111
2025-01-24,Day,1017
2025-01-24,Night,2967
2025-01-25,Day,6431
2025-01-25,Night,3608
2025-01-27,Day,9438
2025-01-27,Night,1574
2025-01-28,Day,5654
2025-01-28,Night,2498
2025-01-29,Day,3128
2025-01-29,Night,0704
2025-01-30,Day,2992
2025-01-30,Night,4257
2025-01-31,Day,5468
2025-01-31,Night,5106
2025-02-01,Day,6537
2025-02-01,Night,8547
2025-02-03,Day,1601
2025-02-03,Night,8547
2025-02-04,Day,9662
2025-02-04,Night,6734
2025-02-05,Day,8085
2025-02-05,Night,8765
2025-02-06,Day,8057
2025-02-06,Night,2163
2025-02-07,Day,2882
2025-02-07,Night,9105
2025-02-08,Day,9013
2025-02-08,Night,3263
2025-02-10,Day,2366
2025-02-10,Night,4252
2025-02-11,Day,1081
2025-02-11,Night,0588
2025-02-12,Day,4175
2025-02-12,Night,7255
2025-02-13,Day,0533
2025-02-13,Night,9847
2025-02-14,Day,7234
2025-02-14,Night,6968
2025-02-15,Day,2848
2025-02-15,Night,6442
2025-02-17,Day,2002
2025-02-17,Night,0973
2025-02-18,Day,4561
2025-02-18,Night,4439
2025-02-19,Day,3832
2025-02-19,Night,9481
2025-02-20,Day,1108
2025-02-20,Night,6656
2025-02-21,Day,9991
2025-02-21,Night,3188
2025-02-22,Day,7719
2025-02-22,Night,5703
2025-02-24,Day,5718
2025-02-24,Night,4018
2025-02-25,Day,8061
2025-02-25,Night,6334
2025-02-26,Day,2087
2025-02-26,Night,1222
2025-02-27,Day,1916
2025-02-27,Night,5103
2025-02-28,Day,7227
2025-02-28,Night,2071
2025-03-01,Day,5835
2025-03-01,Night,6191
2025-03-03,Day,8368
2025-03-03,Night,6013
2025-03-04,Day,7854
2025-03-04,Night,6199
2025-03-05,Day,6380
2025-03-05,Night,1003
2025-03-06,Day,3413
2025-03-06,Night,9509
2025-03-07,Day,4030
2025-03-07,Night,4350
2025-03-08,Day,8915
2025-03-08,Night,0330
2025-03-10,Day,5891
2025-03-10,Night,8064
2025-03-11,Day,5734
2025-03-11,Night,7343
2025-03-12,Day,5617
2025-03-12,Night,0636
2025-03-13,Day,7445
2025-03-13,Night,6675
2025-03-14,Day,9938
2025-03-14,Night,8281
2025-03-15,Day,6926
2025-03-15,Night,2017
2025-03-17,Day,7071
2025-03-17,Night,9470
2025-03-18,Day,9349
2025-03-18,Night,6864
2025-03-19,Day,6648
2025-03-19,Night,0937
2025-03-20,Day,7789
2025-03-20,Night,6782
2025-03-21,Day,3357
2025-03-21,Night,3946
2025-03-22,Day,4880
2025-03-22,Night,6512
2025-03-24,Day,2771
2025-03-24,Night,8461
2025-03-25,Day,6723
2025-03-25,Night,3629
2025-03-26,Day,7179
2025-03-26,Night,4403
2025-03-27,Day,2375
2025-03-27,Night,1089
2025-03-28,Day,7807
2025-03-28,Night,8915
2025-03-29,Day,7029
2025-03-29,Night,5200
2025-03-31,Day,7990
2025-03-31,Night,9364
2025-04-01,Day,1565
2025-04-01,Night,0940
2025-04-02,Day,9744
2025-04-02,Night,7755
2025-04-03,Day,3761
2025-04-03,Night,5706
2025-04-04,Day,9274
2025-04-04,Night,4974
2025-04-05,Day,7639
2025-04-05,Night,0440
2025-04-07,Day,0703
2025-04-07,Night,4133
2025-04-08,Day,9441
2025-04-08,Night,0594
2025-04-09,Day,1647
2025-04-09,Night,2031
2025-04-10,Day,4044
2025-04-10,Night,4563
2025-04-11,Day,1629
2025-04-11,Night,1613
2025-04-12,Day,4397
2025-04-12,Night,7809
2025-04-14,Day,2983
2025-04-14,Night,8017
2025-04-15,Day,0502
2025-04-15,Night,0935
2025-04-16,Day,4805
2025-04-16,Night,5293
2025-04-17,Day,9212
2025-04-17,Night,6450
2025-04-18,Day,8617
2025-04-18,Night,3260
2025-04-19,Day,4361
2025-04-19,Night,8576
2025-04-21,Day,4762
2025-04-21,Night,1821
2025-04-22,Day,0126
2025-04-22,Night,4951
2025-04-23,Day,2051
2025-04-23,Night,1453
2025-04-24,Day,9887
2025-04-24,Night,8417
2025-04-25,Day,1590
2025-04-25,Night,1519
2025-04-26,Day,8479
2025-04-26,Night,7227
2025-04-28,Day,7006
2025-04-28,Night,4547
2025-04-29,Day,8493
2025-04-29,Night,9323
2025-04-30,Day,5395
2025-04-30,Night,1828
2025-05-01,Day,8937
2025-05-01,Night,8406
2025-05-02,Day,7079
2025-05-02,Night,0437
2025-05-03,Day,5616
2025-05-03,Night,8906
2025-05-05,Day,5634
2025-05-05,Night,2461
2025-05-06,Day,7520
2025-05-06,Night,1709
2025-05-07,Day,5885
2025-05-07,Night,3364
2025-05-08,Day,3210
2025-05-08,Night,1527
2025-05-09,Day,2805
2025-05-09,Night,3808
2025-05-10,Day,1332
2025-05-10,Night,0180
2025-05-12,Day,6177
2025-05-12,Night,8815
2025-05-13,Day,0050
2025-05-13,Night,3076
2025-05-14,Day,4092
2025-05-14,Night,8021
2025-05-15,Day,7172
2025-05-15,Night,6893
2025-05-16,Day,0079
2025-05-16,Night,6413
2025-05-17,Day,4470
2025-05-17,Night,1612
2025-05-19,Day,3694
2025-05-19,Night,8994
2025-05-20,Day,7761
2025-05-20,Night,1252
2025-05-21,Day,3173
2025-05-21,Night,9433
2025-05-22,Day,6884
2025-05-22,Night,6125
2025-05-23,Day,7215
2025-05-23,Night,8636
2025-05-24,Day,5354
2025-05-24,Night,1666
2025-05-26,Day,5750
2025-05-26,Night,0671
2025-05-27,Day,7645
2025-05-27,Night,6252
2025-05-28,Day,3693
2025-05-28,Night,0674
2025-05-29,Day,1029
2025-05-29,Night,2773
2025-05-30,Day,1787
2025-05-30,Night,8601
2025-05-31,Day,5434
2025-05-31,Night,4040
2025-06-02,Day,7291
2025-06-02,Night,2126
2025-06-03,Day,4503
2025-06-03,Night,5587
2025-06-04,Day,5096
2025-06-04,Night,5915
2025-06-05,Day,1985
2025-06-05,Night,3103
2025-06-06,Day,7064
2025-06-06,Night,3320
2025-06-07,Day,2716
2025-06-07,Night,2978
2025-06-09,Day,4865
2025-06-09,Night,7478
2025-06-10,Day,9726
2025-06-10,Night,4198
2025-06-11,Day,6355
2025-06-11,Night,9553
2025-06-12,Day,7791
2025-06-12,Night,2437
2025-06-13,Day,6242
2025-06-13,Night,8900
2025-06-14,Day,7161
2025-06-14,Night,8025
2025-06-16,Day,8013
2025-06-16,Night,5717
2025-06-17,Day,2622
2025-06-17,Night,2003
2025-06-18,Day,6005
2025-06-18,Night,9997
2025-06-19,Day,6784
2025-06-19,Night,5893
2025-06-20,Day,2285
2025-06-20,Night,1999
2025-06-21,Day,2308
2025-06-21,Night,0081
2025-06-23,Day,1758
2025-06-23,Night,3444
2025-06-24,Day,5728
2025-06-24,Night,1129
2025-06-25,Day,3002
2025-06-25,Night,4058
2025-06-26,Day,3542
2025-06-26,Night,9916
2025-06-27,Day,0476
2025-06-27,Night,6453
2025-06-28,Day,8509
2025-06-28,Night,7558
2025-06-30,Day,1438
2025-06-30,Night,4453
2025-07-01,Day,0461
2025-07-01,Night,6866
2025-07-02,Day,7146
2025-07-02,Night,6572
2025-07-03,Day,0671
2025-07-03,Night,8676
2025-07-04,Day,2696
2025-07-04,Night,0939
2025-07-05,Day,2679
2025-07-05,Night,7803
2025-07-07,Day,7766
2025-07-07,Night,6846
2025-07-08,Day,0852
2025-07-08,Night,0544
2025-07-09,Day,9944
2025-07-09,Night,1438
2025-07-10,Day,5891
2025-07-10,Night,1527
2025-07-11,Day,6495
2025-07-11,Night,6739
2025-07-12,Day,8995
2025-07-12,Night,5492
2025-07-14,Day,3838
2025-07-14,Night,6825
2025-07-15,Day,1486
2025-07-15,Night,0186
2025-07-16,Day,4335
2025-07-16,Night,8274
2025-07-17,Day,8201
2025-07-17,Night,9186
2025-07-18,Day,3482
2025-07-18,Night,3304
2025-07-19,Day,3349
2025-07-19,Night,7663
2025-07-21,Day,4786
2025-07-21,Night,9989
2025-07-22,Day,6684
2025-07-22,Night,3325
2025-07-23,Day,4258
2025-07-23,Night,3589
2025-07-24,Day,5547
2025-07-24,Night,7091
2025-07-25,Day,1990
2025-07-25,Night,3884
2025-07-26,Day,3802
2025-07-26,Night,0796
2025-07-28,Day,3166
2025-07-28,Night,4327
2025-07-29,Day,3119
2025-07-29,Night,7789
2025-07-30,Day,1078
2025-07-30,Night,8810
2025-07-31,Day,2887
2025-07-31,Night,8987
2025-08-01,Day,9495
2025-08-01,Night,2794
2025-08-02,Day,3649
2025-08-02,Night,8971
2025-08-04,Day,8101
2025-08-04,Night,9051
2025-08-05,Day,5867
2025-08-05,Night,4125
2025-08-06,Day,8594
2025-08-06,Night,0294
2025-08-07,Day,1731
2025-08-07,Night,7058
2025-08-08,Day,2540
2025-08-08,Night,3995
2025-08-09,Day,7310
2025-08-09,Night,2931
2025-08-11,Day,2176
2025-08-11,Night,6378
2025-08-12,Day,8003
2025-08-12,Night,8454
2025-08-13,Day,5050
2025-08-13,Night,2217
2025-08-14,Day,8346
2025-08-14,Night,1571
2025-08-15,Day,4378
2025-08-15,Night,8537
2025-08-16,Day,7682
2025-08-16,Night,1542
2025-08-18,Day,8525
2025-08-18,Night,7450
2025-08-19,Day,0511
2025-08-19,Night,6318
2025-08-20,Day,5042
2025-08-20,Night,0683
2025-08-21,Day,8749
2025-08-21,Night,0268
2025-08-22,Day,4070
2025-08-22,Night,8623
2025-08-23,Day,2815
2025-08-23,Night,0735
2025-08-25,Day,8179
2025-08-25,Night,8738
2025-08-26,Day,4502
2025-08-26,Night,2566
2025-08-27,Day,8080
2025-08-27,Night,3063
2025-08-28,Day,4288
2025-08-28,Night,9451
2025-08-29,Day,0664
2025-08-29,Night,3026
2025-08-30,Day,2790
2025-08-30,Night,7506
2025-09-01,Day,0834
2025-09-01,Night,4714
2025-09-02,Day,1769
2025-09-02,Night,2198
2025-09-03,Day,7680
2025-09-03,Night,9125
2025-09-04,Day,9189
2025-09-04,Night,5458
2025-09-05,Day,5083
2025-09-05,Night,2368
2025-09-06,Day,2119
2025-09-06,Night,7331
2025-09-08,Day,0848
2025-09-08,Night,5723
2025-09-09,Day,5983
2025-09-09,Night,7003
2025-09-10,Day,5420
2025-09-10,Night,2487
2025-09-11,Day,8892
2025-09-11,Night,4218
2025-09-12,Day,8203
2025-09-12,Night,8741
2025-09-13,Day,7821
2025-09-13,Night,2942
2025-09-15,Day,1816
2025-09-15,Night,3328
2025-09-16,Day,2077
2025-09-16,Night,5110
2025-09-17,Day,5108
2025-09-17,Night,7143
2025-09-18,Day,6440
2025-09-18,Night,1645
2025-09-19,Day,9136
2025-09-19,Night,0266
2025-09-20,Day,1087
2025-09-20,Night,1684
2025-09-22,Day,7197
2025-09-22,Night,9073
2025-09-23,Day,5559
2025-09-23,Night,3622
2025-09-24,Day,0468
2025-09-24,Night,3082
2025-09-25,Day,2423
2025-09-25,Night,6307
2025-09-26,Day,0076
2025-09-26,Night,8584
2025-09-27,Day,9564
2025-09-27,Night,2037
2025-09-29,Day,3418
2025-09-29,Night,2322
2025-09-30,Day,0940
2025-09-30,Night,3629
2025-10-01,Day,8120
2025-10-01,Night,7106
2025-10-02,Day,4762
2025-10-02,Night,2659
2025-10-03,Day,4594
2025-10-03,Night,5065
2025-10-04,Day,6130
2025-10-04,Night,6815
2025-10-06,Day,2725
2025-10-06,Night,8626
2025-10-07,Day,5230
2025-10-07,Night,2082
2025-10-08,Day,8384
2025-10-08,Night,2132
2025-10-09,Day,0004
2025-10-09,Night,4126
2025-10-10,Day,5875
2025-10-10,Night,8905
2025-10-11,Day,6254
2025-10-11,Night,8361
2025-10-13,Day,7693
2025-10-13,Night,1981
2025-10-14,Day,0340
2025-10-14,Night,2447
2025-10-15,Day,6184
2025-10-15,Night,9260
2025-10-16,Day,4898
2025-10-16,Night,4515
2025-10-17,Day,2398
2025-10-17,Night,7197
2025-10-18,Day,0079
2025-10-18,Night,1087
2025-10-20,Day,4833
2025-10-20,Night,6458
2025-10-21,Day,5890
2025-10-21,Night,4456
2025-10-22,Day,3760
2025-10-22,Night,9229
2025-10-23,Day,3743
2025-10-23,Night,2229
2025-10-24,Day,2321
2025-10-24,Night,6984
2025-10-25,Day,1656
2025-10-25,Night,5948
2025-10-27,Day,3911
2025-10-27,Night,2216
2025-10-28,Day,4248
2025-10-28,Night,8769
2025-10-29,Day,2463
2025-10-29,Night,7887
2025-10-30,Day,7658
2025-10-30,Night,5356
2025-10-31,Day,9149
2025-10-31,Night,9854
2025-11-01,Day,4383
2025-11-01,Night,4511
2025-11-03,Day,5546
2025-11-03,Night,3793
2025-11-04,Day,0042
2025-11-04,Night,2810
2025-11-05,Day,1121
2025-11-05,Night,2735
2025-11-06,Day,0668
2025-11-06,Night,8610
2025-11-07,Day,6885
2025-11-07,Night,6236
2025-11-08,Day,4639
2025-11-08,Night,5543
2025-11-10,Day,5879
2025-11-10,Night,4915
2025-11-11,Day,1755
2025-11-11,Night,4807
2025-11-12,Day,2802
2025-11-12,Night,9959
2025-11-13,Day,3626
2025-11-13,Night,5482
2025-11-14,Day,3976
2025-11-14,Night,6676
2025-11-15,Day,9490
2025-11-15,Night,0053
2025-11-17,Day,8377
2025-11-17,Night,7449
2025-11-18,Day,2407
2025-11-18,Night,9254
2025-11-19,Day,5770
2025-11-19,Night,8508
2025-11-20,Day,4011
2025-11-20,Night,0831
2025-11-21,Day,2564
2025-11-21,Night,9974
2025-11-22,Day,1582
2025-11-22,Night,3676
2025-11-24,Day,6940
2025-11-24,Night,3398
2025-11-25,Day,1679
2025-11-25,Night,4863
2025-11-26,Day,1064
2025-11-26,Night,3806
2025-11-27,Day,8624
2025-11-27,Night,0028
2025-11-28,Day,0488
2025-11-28,Night,6406
2025-11-29,Day,7304
2025-11-29,Night,9760
2025-12-01,Day,4942
2025-12-01,Night,6237
2025-12-02,Day,7256
2025-12-02,Night,2572
2025-12-03,Day,0576
2025-12-03,Night,4632
2025-12-04,Day,5302
2025-12-04,Night,7755
2025-12-05,Day,3132
2025-12-05,Night,2378
2025-12-06,Day,5471
2025-12-06,Night,4297
2025-12-08,Day,5422
2025-12-08,Night,5794
2025-12-09,Day,1761
2025-12-09,Night,3468
2025-12-10,Day,5465
2025-12-10,Night,6263
2025-12-11,Day,9229
2025-12-11,Night,8790
2025-12-12,Day,2957
2025-12-12,Night,9713
2025-12-13,Day,5752
2025-12-13,Night,5628
2025-12-15,Day,0228
2025-12-15,Night,7596
2025-12-16,Day,9702
2025-12-16,Night,3890
2025-12-17,Day,7432
2025-12-17,Night,6889
2025-12-18,Day,9657
2025-12-18,Night,7915
2025-12-19,Day,1739
2025-12-19,Night,7193
2025-12-20,Day,4842
2025-12-20,Night,6755
2025-12-22,Day,2413
2025-12-22,Night,0282
2025-12-23,Day,8264
2025-12-23,Night,4556
2025-12-24,Day,7507
2025-12-24,Night,7991
2025-12-26,Day,0528
2025-12-26,Night,3593
2025-12-27,Day,2639
2025-12-27,Night,7941
2025-12-29,Day,9635
2025-12-29,Night,6824
2025-12-30,Day,1037
2025-12-30,Night,8382
2025-12-31,Day,4481
2025-12-31,Night,1866
2026-01-01,Day,4510
2026-01-01,Night,3061
2026-01-02,Day,8683
2026-01-02,Night,5286
2026-01-03,Day,2517
2026-01-03,Night,3950
2026-01-05,Day,9775
2026-01-05,Night,3198
2026-01-06,Day,1087
2026-01-06,Night,4755
2026-01-07,Day,0949
2026-01-07,Night,0483
2026-01-08,Day,7042
2026-01-08,Night,2820
2026-01-09,Day,6211
2026-01-09,Night,7610
2026-01-10,Day,6273
2026-01-10,Night,9694
2026-01-12,Day,2508
2026-01-12,Night,7069
2026-01-13,Day,2758
2026-01-13,Night,3182
2026-01-14,Day,7433
2026-01-14,Night,5617
2026-01-15,Day,9253
2026-01-15,Night,2779
2026-01-16,Day,0505
2026-01-16,Night,7289
2026-01-17,Day,4000
2026-01-17,Night,3266
2026-01-19,Day,3590
2026-01-19,Night,5921
2026-01-20,Day,2389
2026-01-20,Night,8738
2026-01-21,Day,8895
2026-01-21,Night,8235
2026-01-22,Day,4547
2026-01-22,Night,5106
2026-01-23,Day,2772
2026-01-23,Night,9477
2026-01-24,Day,4711
2026-01-24,Night,3799
2026-01-26,Day,7745
2026-01-26,Night,9788
2026-01-27,Day,1822
2026-01-27,Night,5724
2026-01-28,Day,1335
2026-01-28,Night,9670
2026-01-29,Day,0435
2026-01-29,Night,3839
2026-01-30,Day,9773
2026-01-30,Night,1696
2026-01-31,Day,1729
2026-01-31,Night,7236
2026-02-02,Day,3486
2026-02-02,Night,9662
2026-02-03,Day,2246
2026-02-03,Night,5545
2026-02-04,Day,0611
2026-02-04,Night,2803
2026-02-05,Day,7186
2026-02-05,Night,2648
2026-02-06,Day,9931
2026-02-06,Night,6837
2026-02-07,Day,6992
2026-02-07,Night,6175
2026-02-09,Day,5036
2026-02-09,Night,1473
2026-02-10,Day,5488
2026-02-10,Night,9072
2026-02-11,Day,2563
2026-02-11,Night,6283
2026-02-12,Day,8189
2026-02-12,Night,4694
2026-02-13,Day,3118
2026-02-13,Night,8250
2026-02-14,Day,7126
2026-02-14,Night,9190
2026-02-16,Day,3578
2026-02-16,Night,6821
2026-02-17,Day,4993
2026-02-17,Night,6103
2026-02-18,Day,1403
2026-02-18,Night,8431
2026-02-19,Day,2085
2026-02-19,Night,2764
2026-02-20,Day,4478
2026-02-20,Night,4165
2026-02-21,Day,2713
2026-02-21,Night,2807
2026-02-23,Day,6367
2026-02-23,Night,4258
2026-02-24,Day,2395
2026-02-24,Night,4335
2026-02-25,Day,4698
2026-02-25,Night,2618
2026-02-26,Day,5366
2026-02-26,Night,9075
2026-02-27,Day,0811
2026-02-27,Night,7810
2026-02-28,Day,8275
2026-02-28,Night,0221
2026-03-02,Day,9754
2026-03-02,Night,2064
2026-03-03,Day,9602
2026-03-03,Night,5715
2026-03-04,Day,1323
2026-03-04,Night,4648
2026-03-05,Day,6013
2026-03-05,Night,4059
2026-03-06,Day,4053
2026-03-06,Night,7498
2026-03-07,Day,7993
2026-03-07,Night,9387
2026-03-09,Day,8716
2026-03-09,Night,9034
2026-03-10,Day,3771
2026-03-10,Night,1358
2026-03-11,Day,6771
2026-03-11,Night,9590
2026-03-12,Day,9173
2026-03-12,Night,2826
2026-03-13,Day,6153
2026-03-13,Night,2698
2026-03-14,Day,1845
2026-03-14,Night,5345
2026-03-16,Day,7154
2026-03-16,Night,8529
2026-03-17,Day,9721
2026-03-17,Night,1646
2026-03-18,Day,9682
2026-03-18,Night,6870
2026-03-19,Day,8666
2026-03-19,Night,6959
2026-03-20,Day,8136
2026-03-20,Night,6843
2026-03-21,Day,1413
2026-03-21,Night,4029
2026-03-23,Day,6390
2026-03-23,Night,3095
2026-03-24,Day,3777
2026-03-24,Night,8188
2026-03-25,Day,1854
2026-03-25,Night,7437
2026-03-26,Day,9831
2026-03-26,Night,4306
2026-03-27,Day,4078
2026-03-27,Night,7601
2026-03-28,Day,4534
2026-03-28,Night,5862
2026-03-30,Day,0103
2026-03-30,Night,5506
2026-03-31,Day,5257
2026-03-31,Night,2646
2026-04-01,Day,0441
2026-04-01,Night,1020
2026-04-02,Day,6697
2026-04-02,Night,8380
2026-04-03,Day,7232
2026-04-03,Night,7493
2026-04-04,Day,6458
2026-04-04,Night,0485
2026-04-06,Day,3179
2026-04-06,Night,7879
2026-04-07,Day,0072
2026-04-07,Night,4535
2026-04-08,Day,5962
2026-04-08,Night,5402
2026-04-09,Day,8749
2026-04-09,Night,3627
2026-04-10,Day,1660
2026-04-10,Night,2450
2026-04-11,Day,7294
2026-04-11,Night,1260
2026-04-13,Day,6447
2026-04-13,Night,6431
2026-04-14,Day,7332
2026-04-14,Night,3846
2026-04-15,Day,7632
2026-04-15,Night,2843
2026-04-16,Day,7702
2026-04-16,Night,3823
2026-04-17,Day,1793
2026-04-17,Night,5404
2026-04-18,Day,5122
2026-04-18,Night,6148
2026-04-20,Day,3477
2026-04-20,Night,6621
2026-04-21,Day,1723
2026-04-21,Night,2266
2026-04-22,Day,0858
2026-04-22,Night,0655
2026-04-23,Day,1093
2026-04-23,Night,2380
2026-04-24,Day,7201
2026-04-24,Night,8133
2026-04-25,Day,9620
2026-04-25,Night,6494
2026-04-27,Day,3276
2026-04-27,Night,8145
2026-04-28,Day,0976
2026-04-28,Night,2823
2026-04-29,Day,8136
2026-04-29,Night,8192
2026-04-30,Day,5968
2026-04-30,Night,5340
2026-05-01,Day,1857
2026-05-01,Night,9429
2026-05-02,Day,4230
2026-05-02,Night,0210
2026-05-04,Day,9148
2026-05-04,Night,8793
2026-05-05,Day,3878
2026-05-05,Night,6569
2026-05-06,Day,9861
2026-05-06,Night,2577
2026-05-07,Day,9495
2026-05-07,Night,3591
2026-05-08,Day,5215
2026-05-08,Night,4652
2026-05-09,Day,2058
2026-05-09,Night,3221
2026-05-11,Day,1368
2026-05-11,Night,9192
2026-05-12,Day,7058
2026-05-12,Night,3077
2026-05-13,Day,4821
2026-05-13,Night,1248
2026-05-14,Day,6993
2026-05-14,Night,4282
2026-05-15,Day,1743
2026-05-15,Night,7244
2026-05-16,Day,5147
2026-05-16,Night,7013
2026-05-18,Day,4675
2026-05-18,Night,0772
2026-05-19,Day,7918
2026-05-19,Night,5367
2026-05-20,Day,4799
2026-05-20,Night,7691
2026-05-21,Day,3658
2026-05-21,Night,3735
2026-05-22,Day,8831
2026-05-22,Night,7282
2026-05-23,Day,9683
2026-05-23,Night,1508
2026-05-25,Day,7714
2026-05-25,Night,9136
2026-05-26,Day,9199
2026-05-26,Night,0318
2026-05-27,Day,5444
2026-05-27,Night,0949
2026-05-28,Day,9344
2026-05-28,Night,1753
2026-05-29,Day,5081
2026-05-29,Night,8169
2026-05-30,Day,7192
2026-05-30,Night,1233
2026-06-01,Day,2496
2026-06-01,Night,2243
2026-06-02,Day,2866
2026-06-02,Night,7144
2026-06-03,Day,1810
2026-06-03,Night,5085
2026-06-04,Day,4441
2026-06-04,Night,8630
2026-06-05,Day,6561
2026-06-05,Night,7971
2026-06-06,Day,3630
2026-06-06,Night,9104
2026-06-08,Day,3582
2026-06-08,Night,5449
2026-06-09,Day,5947
2026-06-09,Night,3136
2026-06-10,Day,5391
2026-06-10,Night,3947
2026-06-11,Day,4640
2026-06-11,Night,0913
2026-06-12,Day,1538
2026-06-12,Night,8421
2026-06-13,Day,5013
2026-06-13,Night,9491
2026-06-15,Day,0575
2026-06-15,Night,1401
2026-06-16,Day,0162
2026-06-16,Night,2944
2026-06-17,Day,5352
2026-06-17,Night,0415
2026-06-18,Day,6576
2026-06-18,Night,0647
2026-06-19,Day,0394
2026-06-19,Night,8447
2026-06-20,Day,5642
2026-06-20,Night,3544
2026-06-22,Day,2733
2026-06-22,Night,4007
2026-06-23,Day,1067
2026-06-23,Night,6584
2026-06-24,Day,7148
2026-06-24,Night,5129
2026-06-25,Day,9319
2026-06-25,Night,3678
2026-06-26,Day,3338
2026-06-26,Night,9063
2026-06-27,Day,6284
2026-06-27,Night,3528
2026-06-29,Day,8899
2026-06-29,Night,5589
2026-06-30,Day,5173
2026-06-30,Night,5686
2026-07-01,Day,2376
2026-07-01,Night,0926
2026-07-02,Day,7590
2026-07-02,Night,9562
2026-07-03,Day,7066
2026-07-03,Night,5811
2026-07-04,Day,5115
2026-07-04,Night,3840
2026-07-06,Day,1347
2026-07-06,Night,4263
2026-07-07,Day,0799
2026-07-07,Night,1196
2026-07-08,Day,5662
2026-07-08,Night,6539
2026-07-09,Day,4070
2026-07-09,Night,7570
2026-07-10,Day,2958
2026-07-10,Night,4347
2026-07-11,Day,5344
2026-07-11,Night,3157
2026-07-13,Day,0217
2026-07-13,Night,3479
2026-07-14,Day,9831
2026-07-14,Night,7486
2026-07-15,Day,3812
2026-07-15,Night,2796
2026-07-16,Day,7429
2026-07-16,Night,2861
2026-07-17,Day,1048
2026-07-17,Night,7390
2026-07-18,Day,5195
2026-07-18,Night,8945
2026-07-20,Day,1687
2026-07-20,Night,3458
2026-07-21,Day,9416
2026-07-21,Night,0979
2026-07-22,Day,2475
2026-07-22,Night,3153
2026-07-23,Day,2454
2026-07-23,Night,0160
2026-07-24,Day,8773
2026-07-24,Night,7485
2026-07-25,Day,5604
2026-07-25,Night,2236
2026-07-27,Day,8399
2026-07-27,Night,6931
2026-07-28,Day,0189
2026-07-28,Night,3586
2026-07-29,Day,7681
2026-07-29,Night,9964
2026-07-30,Day,9635
2026-07-30,Night,8390
2026-07-31,Day,2039
2026-07-31,Night,5968
2026-08-01,Day,9441
2026-08-01,Night,1315
2026-08-03,Day,4463
2026-08-03,Night,3555
2026-08-04,Day,9731
2026-08-04,Night,8344
2026-08-05,Day,7923
2026-08-05,Night,5961
2026-08-06,Day,4536
2026-08-06,Night,4303
2026-08-07,Day,5964
2026-08-07,Night,4621
2026-08-08,Day,2507
2026-08-08,Night,1175
2026-08-10,Day,7572
2026-08-10,Night,7756
2026-08-11,Day,7870
2026-08-11,Night,2855
2026-08-12,Day,9251
2026-08-12,Night,0889
2026-08-13,Day,8536
2026-08-13,Night,3631
2026-08-14,Day,7408
2026-08-14,Night,0052
2026-08-15,Day,0203
2026-08-15,Night,0504
2026-08-17,Day,0350
2026-08-17,Night,6984
2026-08-18,Day,7862
2026-08-18,Night,0500
2026-08-19,Day,4986
2026-08-19,Night,1369
2026-08-20,Day,1701
2026-08-20,Night,5980
2026-08-21,Day,8708
2026-08-21,Night,8895
2026-08-22,Day,7640
2026-08-22,Night,8284
2026-08-24,Day,4333
2026-08-24,Night,0903
2026-08-25,Day,8464
2026-08-25,Night,5764
2026-08-26,Day,9964
2026-08-26,Night,3288
2026-08-27,Day,8608
2026-08-27,Night,6996
2026-08-28,Day,3995
2026-08-28,Night,9709
2026-08-29,Day,4849
2026-08-29,Night,0384
2026-08-31,Day,7858
2026-08-31,Night,9160
2026-09-01,Day,1536
2026-09-01,Night,5178
2026-09-02,Day,5964
2026-09-02,Night,5522
2026-09-03,Day,4521
2026-09-03,Night,3627
2026-09-04,Day,0587
2026-09-04,Night,5990
2026-09-05,Day,6014
2026-09-05,Night,2509
2026-09-07,Day,5690
2026-09-07,Night,9686
2026-09-08,Day,0635
2026-09-08,Night,6469
2026-09-09,Day,0937
2026-09-09,Night,7827
2026-09-10,Day,7380
2026-09-10,Night,5304
2026-09-11,Day,1771
2026-09-11,Night,5385
2026-09-12,Day,2821
2026-09-12,Night,0196
2026-09-14,Day,3611
2026-09-14,Night,2963
2026-09-15,Day,2633
2026-09-15,Night,4372
2026-09-16,Day,6878
2026-09-16,Night,8714
2026-09-17,Day,2299
2026-09-17,Night,8906
2026-09-18,Day,9474
2026-09-18,Night,6639
2026-09-19,Day,8055
2026-09-19,Night,3828
2026-09-21,Day,1045
2026-09-21,Night,1090
2026-09-22,Day,0034
2026-09-22,Night,6114
2026-09-23,Day,9717
2026-09-23,Night,4560
2026-09-24,Day,4632
2026-09-24,Night,6738
2026-09-25,Day,9067
2026-09-25,Night,4154
