number,uniform,historical_position,bayes_position_strong,frequency_25,frequency_50,frequency_100,frequency_250,frequency_500,frequency_1000,bayes_number,pairs,pair_markov,cold_100,markov_1,markov_2,cross_markov,gap_hazard,sum_pattern,random_forest,xgboost,random_forest_rolling500,ensemble_static
000,0.001,0.0010380473439732256,0.0010376418628645953,0.0011195335276967932,0.0009722222222222222,0.0015236664162283997,0.0010138825671370051,0.0010991247710156727,0.0011034794686213057,0.0019410408831736017,0.001104448261317484,0.0010864221900485332,0.0007475129108861616,0.0010454637528214859,0.0011957162166845734,0.001013647785799974,0.0010362748113006723,0.0019410408831736017,0.0010279671318699512,0.0012207235502159097,0.0007834319327818776,0.001002651606003706
001,0.001,0.001134788442597949,0.0011330746181353534,0.0016793002915451896,0.00125,0.0015236664162283997,0.001566909421939008,0.0012456747404844292,0.0012303161891524903,0.001091835496785151,0.0011535585867269618,0.0011394492057712955,0.0007475129108861616,0.0011540833635042375,0.001262144895389272,0.0010759187151043173,0.001019654823704992,0.0010109587933195845,0.001096814367136234,0.0010249344299888058,0.0012612727721996804,0.0010350150621637392
002,0.001,0.0011393951615800788,0.0011376190350530088,0.0016793002915451896,0.0009722222222222222,0.001777610818933133,0.0012443104233045065,0.0013189497252188071,0.0012937345494180826,0.0009705204415868009,0.0010915196188646707,0.0010864221900485332,0.0006825117882004084,0.0010726186554921738,0.0007307154657516837,0.0011280319180744791,0.0010362748113006723,0.0008694245622548426,0.0010792112987063913,0.0011433841234690355,0.0009969360794043697,0.0009961232081651325
003,0.001,0.001153215318526468,0.0011512522858059741,0.0005597667638483966,0.0004166666666666667,0.0008888054094665664,0.0009217114246700048,0.001050274781192754,0.0013191018935243195,0.00024263011039670022,0.0009954942699318529,0.0011859763348863975,0.0009811106955380873,0.0013170127795283653,0.0016607169676174632,0.0011454586689398827,0.0010362748113006723,0.0008370738808686158,0.0010278902800228628,0.00116271579751252,0.0006980337340400082,0.0009787141431356556
004,0.001,0.0011762489134371165,0.00117397437039425,0.0011195335276967932,0.00125,0.0016506386175807665,0.001336481565771507,0.0014654996946875636,0.0014078875978961486,0.0013344656071818512,0.0012259880818119415,0.0011307840670447822,0.0007135350513004271,0.0012762804255223334,0.0010628588592751765,0.0011732317865441341,0.001019654823704992,0.0010028711229730278,0.0011969621193730104,0.0013032449182283075,0.001205117830076597,0.001077628468481328
005,0.001,0.0011056125557111277,0.0011042933109902042,0.0005597667638483966,0.0004166666666666667,0.0013966942148760334,0.0010138825671370051,0.001050274781192754,0.0013191018935243195,0.0014557806623802013,0.0011863893980573633,0.001090939557516868,0.0007848885564304698,0.0012762804255223334,0.0013285735740939705,0.0010833961989312163,0.0010319783965343477,0.0010745047746139583,0.0010373351856839722,0.0011770889561175106,0.0008637600153817612,0.0009484582872842682
006,0.001,0.0010779722418183496,0.0010770268094842733,0.0008396501457725948,0.0006944444444444444,0.0013966942148760334,0.0012903959945380066,0.0014410746997761043,0.001445938614055504,0.001213150551983501,0.0011033892736307472,0.0010401700552204738,0.0007848885564304698,0.0012627029741869892,0.0013285735740939705,0.0011012941603367578,0.0010362748113006723,0.00099651652484359,0.0009592795750881997,0.0011031960970327957,0.0011431244868881163,0.0009700671629012383
007,0.001,0.0011440018805622086,0.0011421634519706639,0.0008396501457725948,0.0011111111111111111,0.0015236664162283997,0.001382567137005007,0.0014166497048646448,0.0013317855655774378,0.0014557806623802013,0.0011742209799979486,0.0010401700552204738,0.0007475129108861616,0.0008961117881327021,0.001395002252798669,0.001013029882653626,0.0010362748113006723,0.0010615067329855636,0.0010515414045335887,0.0011820344846628081,0.001067426551222378,0.00100835253451904
008,0.001,0.0010487963549315282,0.001048245502339124,0.0008396501457725948,0.0006944444444444444,0.0012697220135236666,0.001152139280837506,0.001123549765927132,0.0012049488450462534,0.0008492053863884508,0.001040124833306807,0.0009917632341062436,0.0008261984804531262,0.00099115394748011,0.0009964301805704778,0.0009885489650357019,0.001019654823704992,0.0010513971450523676,0.0009745734808167403,0.0010556289520584157,0.0009015610637059961,0.00094335930912071
009,0.001,0.0011194327126575168,0.0011179265617431698,0.0005597667638483966,0.0005555555555555556,0.0010157776108189332,0.0010599681383705055,0.0012456747404844292,0.0011542141568337794,0.0007278903311901007,0.0010758001757266965,0.0010401700552204738,0.0009233983016829055,0.0010726186554921738,0.0011957162166845734,0.0011265268767411902,0.0010362748113006723,0.0010499266595348118,0.0009930006003297858,0.0010947371012373604,0.000842800782936257,0.0009579605257475978
010,0.001,0.0009617006360939044,0.0009622010641614294,0.0022390670553935864,0.0015555555555555557,0.001875281743050338,0.0012767410104688214,0.0010075310400977,0.0009210861680227429,0.001213150551983501,0.001079264919562116,0.000949541004809413,0.0006578113615798222,0.0010574805775665603,0.0009357779087096663,0.0009658762725169771,0.0010212392432564976,0.0010109587933195845,0.0009545834809571559,0.000969576001295056,0.000825147261112698,0.0010326507687193156
011,0.001,0.0010513265829488097,0.0010506954686025536,0.003358600583090379,0.002,0.001875281743050338,0.0019731451979972696,0.0011418685121107267,0.0010269581413586905,0.0006065752759917505,0.0009451939536122861,0.001090939557516868,0.0006578113615798222,0.0011673486895215277,0.0009877655703046477,0.0010252124777800113,0.0010048603991795666,0.0008694245622548426,0.001018515907838562,0.0008140678747800095,0.0013284316479174546,0.0010905077350591244
012,0.001,0.0010555944851799958,0.0010549094878616549,0.003358600583090379,0.0015555555555555557,0.0021878287002253943,0.001566909421939008,0.00120903724811724,0.0010798941280266642,0.001091835496785151,0.0010248603732535137,0.0010401700552204738,0.0006006103736163593,0.001084947605555302,0.000571864277544796,0.0010748696732465965,0.0010212392432564976,0.0008370738808686158,0.0010021694724163329,0.0009081481275439325,0.0010500198434647923,0.0010281048260852759
013,0.001,0.0010683981918735536,0.0010675515456389582,0.0011195335276967932,0.0006666666666666668,0.0010939143501126972,0.0011606736458807468,0.0009627518827600244,0.0011010685226938537,0.001091835496785151,0.000966122170513956,0.0010444951052903542,0.0008633774120735166,0.0013321508574539787,0.0012996915398745365,0.0010914751306882798,0.0010212392432564976,0.0010028711229730278,0.0009545121153449323,0.0009235025681247716,0.0007352018723083453,0.0009610494761043866
014,0.001,0.0010897377030294833,0.001088621641934464,0.0022390670553935864,0.002,0.0020315552216378665,0.0016829767865270827,0.0013433747201302667,0.0011751789040290168,0.0007278903311901007,0.0010514117469411987,0.000949541004809413,0.0006279108451443758,0.001290950315470866,0.0008318025855197033,0.0011179393480264545,0.0010048603991795666,0.0010745047746139583,0.0011115143967749877,0.0010351197011808384,0.0012692866287372048,0.0011280133049679135
015,0.001,0.001024296535484632,0.0010240066799615797,0.0011195335276967932,0.0006666666666666668,0.00171900826446281,0.0012767410104688214,0.0009627518827600244,0.0011010685226938537,0.0008492053863884508,0.0010127964736602155,0.0010444951052903542,0.0006907019296588134,0.001290950315470866,0.001039753231899629,0.0010323375603853379,0.0010170051662367443,0.00099651652484359,0.0009632827760438722,0.0009349186415213581,0.0009097525657654799,0.0009337266683329558
016,0.001,0.000998689122097516,0.0009987225644069728,0.0016793002915451896,0.0011111111111111111,0.00171900826446281,0.0016249431042330454,0.001320985141461429,0.001206940496029801,0.0013344656071818512,0.0009434996422215297,0.000949541004809413,0.0006907019296588134,0.0012772168014764948,0.001039753231899629,0.0010493920210078646,0.0010212392432564976,0.0010615067329855636,0.0008907993335672548,0.0008762282502178192,0.0012039923316850619,0.0009798363317460924
017,0.001,0.0010598623874111817,0.001059123507120756,0.0016793002915451896,0.0017777777777777779,0.001875281743050338,0.00174101046882112,0.001298595562792591,0.0011116557200274483,0.0009705204415868009,0.0010635163102606854,0.0010401700552204738,0.0006578113615798222,0.0009064119236284802,0.0010917408934946107,0.0009652874901054414,0.0010212392432564976,0.0010513971450523676,0.0009764748533197646,0.0009388466936920499,0.0011242637149759193,0.0010499147615517916
018,0.001,0.0009716590746333383,0.0009720337757659989,0.0016793002915451896,0.0011111111111111111,0.0015627347858752818,0.0014508420573509334,0.0010299206187665377,0.0010057837466915008,0.0009705204415868009,0.0009527810702223458,0.0009958870075444887,0.000727054662798751,0.0010025465215890766,0.0007798149239247219,0.00094196031691191,0.0010048603991795666,0.0010499266595348118,0.000905001450848207,0.0008384474093311792,0.0009495664030457322,0.0009529547610223626
019,0.001,0.0010371002421781898,0.0010366487377388833,0.0011195335276967932,0.0008888888888888889,0.0012501878287002252,0.0013347746927628587,0.0011418685121107267,0.0009634349573571218,0.0009705204415868009,0.0010039975338699784,0.001090939557516868,0.0008125905054809568,0.001084947605555302,0.0009357779087096663,0.0010734355619770356,0.0010212392432564976,0.0010533227808491668,0.000922113110689683,0.000869509579707318,0.0008876773189906626,0.0009537927924793147
020,0.001,0.0009710765475878561,0.0009714657236512918,0.0016793002915451898,0.0005833333333333335,0.0005860255447032308,0.0006383705052344107,0.0007877060858945655,0.0007295732023942517,0.0006065752759917505,0.0008987942346409728,0.0009053518250404443,0.0011746631456782538,0.0008531945569002931,0.0007278272623297404,0.0009071100460597818,0.0010212392432564976,0.0008694245622548426,0.0009914421326021915,0.0010197366217910753,0.0004983954108907228,0.0009649318246017051
021,0.001,0.0010615762850109847,0.0010608122062644764,0.0025189504373177847,0.0007500000000000001,0.0005860255447032308,0.0009865725989986348,0.000892733564013841,0.0008134321911752002,0.0008492053863884508,0.000897138398608018,0.0010864221900485332,0.0011746631456782538,0.0009418381472275962,0.0007682621102369482,0.000962836094437492,0.0010048603991795666,0.0008370738808686158,0.0010578431367199025,0.0008561833455324819,0.0008023831238453724,0.0009830726093254547
022,0.001,0.0010658857963168479,0.001065066800674628,0.0025189504373177847,0.0005833333333333335,0.0006836964688204358,0.000783454710969504,0.0009452473030734786,0.0008553616855656746,0.0009705204415868009,0.0009306679463934685,0.0009917632341062436,0.0010725185243149274,0.0008753554544821189,0.00044478332697928574,0.0010094720271636498,0.0010212392432564976,0.0010028711229730278,0.0010408655280363657,0.0009551308019490915,0.0006342202125489115,0.0009536271913744711
023,0.001,0.0010788143302344379,0.0010778305839050828,0.0008396501457725949,0.00025000000000000006,0.0003418482344102179,0.0005803368229403734,0.0007526969265214738,0.0008721334833218642,0.0007278903311901007,0.0009108687176334456,0.0010401700552204738,0.0015417453787027083,0.0010748035327185512,0.0010108711976801951,0.0010250671687913827,0.0010212392432564976,0.0010745047746139583,0.0009913680114004434,0.0009712795982749939,0.0004440676913144367,0.0009861486726162976
024,0.001,0.001100361886763754,0.0010991035559558412,0.0016793002915451898,0.0007500000000000001,0.0006348610067618333,0.0008414883932635414,0.001050274781192754,0.0009308347754685281,0.0009705204415868009,0.0010847020568426182,0.0009053518250404443,0.0011212693663292424,0.0010415621863458123,0.0006469575665153248,0.0010499212397439806,0.0010048603991795666,0.00099651652484359,0.0011544325100321874,0.0010886711983605672,0.0007666590688485342,0.0010166811265042077
025,0.001,0.0010342827134071839,0.0010338664416668492,0.0008396501457725949,0.00025000000000000006,0.0005371900826446282,0.0006383705052344107,0.0007526969265214738,0.0008721334833218642,0.0013344656071818512,0.0009253038213324653,0.0009958870075444887,0.0012333963029621667,0.0010415621863458123,0.0008086969581441559,0.0009695276699469048,0.0010170051662367443,0.0010615067329855636,0.0010004773273703449,0.0009832862775904934,0.0005494976777989309,0.0009406693255846263
026,0.001,0.0010084256455720044,0.0010083388752059393,0.0012594752186588923,0.00041666666666666675,0.0005371900826446282,0.0008124715521165227,0.0010327702015062081,0.0009559924721028127,0.0008492053863884508,0.001011934396777947,0.000949541004809413,0.0012333963029621667,0.0010304817375548993,0.0008086969581441559,0.0009855444963262413,0.0010212392432564976,0.0010513971450523676,0.0009251951333863164,0.0009215595627383029,0.0007272208018363639,0.0009488538220690765
027,0.001,0.0010701953076227113,0.0010693213950847796,0.0012594752186588923,0.0006666666666666668,0.0005860255447032308,0.00087050523441056,0.0010152656218196622,0.000880519382199959,0.0009705204415868009,0.0010331767146854723,0.000949541004809413,0.0011746631456782538,0.0007313096202002512,0.0008491318060513638,0.0009065570865807632,0.0010212392432564976,0.0010499266595348118,0.001014178780924464,0.0009874175459442997,0.0006790640926558496,0.0009659277742780473
028,0.001,0.0009811320739682038,0.0009813931106083123,0.0012594752186588923,0.00041666666666666675,0.0004883546205860257,0.0007254210286754667,0.0008052106655811114,0.0007966603934190105,0.0008492053863884508,0.0009207513395359955,0.000949541004809413,0.0012983118978549123,0.0008088727617366415,0.000606522718608117,0.0008846491944913477,0.0010048603991795666,0.0010533227808491668,0.0009399456269003829,0.0008818241453984462,0.0005735455474648495,0.0009304459438996941
029,0.001,0.0010472112473247739,0.0010466302248973041,0.0008396501457725949,0.0003333333333333334,0.00039068369646882045,0.0006673873463814294,0.000892733564013841,0.0007631167979066312,0.0006065752759917505,0.000909021544165563,0.0009958870075444887,0.001451054474073137,0.0008753554544821189,0.0007278272623297404,0.0010081251706595593,0.0010212392432564976,0.0009881023336445328,0.0009577180070683128,0.0009144933045386831,0.0005361640557833735,0.0009582783407856672
030,0.001,0.0009603612201661971,0.0009608775413771634,0.0022390670553935864,0.0009722222222222222,0.0011720510894064615,0.0008261265361857079,0.00080602483207816,0.0008390091827533895,0.0003639451655950503,0.0010305035492365379,0.0010322599019797689,0.0008655412652366081,0.0009733628043510385,0.0010917408934946107,0.0010277076681283939,0.0010212392432564976,0.0008370738808686158,0.0010515836654992827,0.000966760888815575,0.0007709506980543025,0.0009881339575868082
031,0.001,0.0010498623397970704,0.0010492502203651361,0.003358600583090379,0.00125,0.0011720510894064615,0.0012767410104688214,0.0009134948096885813,0.0009354470198514803,0.0008492053863884508,0.0009643948007298194,0.0010864221900485332,0.0008655412652366081,0.0010744914074004971,0.0011523931653554225,0.0010908423313162078,0.0010048603991795666,0.0010028711229730278,0.0011220125982698377,0.0008117042718954737,0.0012411788229149932,0.0010236151826169433
032,0.001,0.001054124297874731,0.0010534584431740872,0.003358600583090379,0.0009722222222222222,0.0013673929376408717,0.0010138825671370051,0.0009672297984937918,0.0009836659384005258,0.0009705204415868009,0.001024631686343771,0.0009917632341062436,0.0007902768073899465,0.0009986449551134032,0.0006671749904689287,0.0011436783746178753,0.0010212392432564976,0.0010745047746139583,0.0011040051166591994,0.0009055113676368686,0.0009810534063924964,0.00098153090335361
033,0.001,0.001066910172107713,0.0010660831116009405,0.0011195335276967932,0.0004166666666666667,0.0006836964688204358,0.000751024123805189,0.0007702015062080195,0.0010029535058201438,0.001091835496785151,0.0009179151144231156,0.001082643318807635,0.0011360229106230483,0.001226184311974685,0.0015163067965202927,0.0011613468446188273,0.0010212392432564976,0.00099651652484359,0.0010515050480566076,0.0009208212274141019,0.0006869130195046909,0.0009687515887999253
034,0.001,0.0010882199624960161,0.0010871242256456958,0.0022390670553935864,0.00125,0.0012697220135236666,0.001088984979517524,0.0010746997761042132,0.0010704599917888073,0.001091835496785151,0.001117964824314424,0.0009053518250404443,0.0008261984804531261,0.001188261085831138,0.0009704363497729872,0.0011895051914623466,0.0010048603991795666,0.0010615067329855636,0.0012244611465975351,0.001032114286046121,0.0011859185124560325,0.0010601460885955338
035,0.001,0.001022869938638553,0.0010225981425751127,0.0011195335276967932,0.0004166666666666667,0.0010743801652892565,0.0008261265361857079,0.0007702015062080195,0.0010029535058201438,0.0008492053863884508,0.0009626055695027588,0.0009958870075444887,0.0009088183284984387,0.001188261085831138,0.001213045437216234,0.0010984235321779502,0.0010170051662367443,0.0010513971450523676,0.0010611669411341976,0.0009322041548472544,0.0008499990349453469,0.0009342148439741051
036,0.001,0.0009972981901725892,0.0009973488057214062,0.0016793002915451896,0.0006944444444444444,0.0010743801652892565,0.0010514337733272647,0.001056788113169143,0.0010993913429182345,0.0009705204415868009,0.0009847373243154493,0.000949541004809413,0.0009088183284984387,0.0011756200104499556,0.001213045437216234,0.0011165697486823591,0.0010212392432564976,0.0010499266595348118,0.0009813180796693628,0.0008736841679810814,0.001124912815335456,0.00095694523563453
037,0.001,0.0010583862559523916,0.0010576666659830383,0.0016793002915451896,0.0011111111111111111,0.0011720510894064615,0.0011265361857077836,0.0010388764502340727,0.0010125972895299528,0.0015770957175785514,0.0011264140087941723,0.0009053518250404443,0.0008655412652366081,0.000834310975158033,0.0012736977090770458,0.0010270811943072515,0.0010212392432564976,0.0010533227808491668,0.0010756995338870314,0.0009361208021268691,0.0010504208602583338,0.000995477910735955
038,0.001,0.0009703057890140719,0.0009706967279313828,0.0016793002915451896,0.0006944444444444444,0.0009767092411720514,0.0009387801547564862,0.0008239364950132301,0.0009161594524318621,0.001091835496785151,0.0008976586760894368,0.0009053518250404443,0.0009566508721036197,0.0009227985028263093,0.0009097840779121755,0.0010022607121721238,0.0010048603991795666,0.0009881023336445328,0.0009969633478371918,0.0008360130217615157,0.0008871978564042461,0.0009337516694805574
039,0.001,0.001035655812871535,0.001035222811001966,0.0011195335276967932,0.0005555555555555556,0.0007813673929376409,0.0008636777423759673,0.0009134948096885813,0.0008775843175926257,0.0008492053863884508,0.0009696686129811395,0.0009958870075444887,0.0010691980335275748,0.0009986449551134032,0.0010917408934946107,0.0011421524574889283,0.0010212392432564976,0.000995448192654955,0.0010158138122940388,0.0008669850047739524,0.0008293737142143337,0.0009492743245327108
040,0.001,0.0009630400520216119,0.0009635245869456955,0.0022390670553935864,0.0015555555555555557,0.0014064613072877537,0.001088984979517524,0.0010991247710156727,0.0009666844931723835,0.0008492053863884508,0.0010361619180021288,0.0009053518250404443,0.0007831087637855025,0.0009733628043510385,0.0009357779087096663,0.0008932289826227721,0.0010212392432564976,0.0010028711229730278,0.0010093707367165024,0.001093651409435759,0.0007223751617611227,0.0010606271874019184
041,0.001,0.0010527908261005491,0.001052140716839971,0.003358600583090379,0.002,0.0014064613072877537,0.0016829767865270825,0.0012456747404844292,0.0010777976533071403,0.0018197258279752516,0.0010800217143536342,0.0009917632341062436,0.0007831087637855025,0.0010744914074004971,0.0009877655703046477,0.0009481022824106229,0.0010048603991795666,0.0010745047746139583,0.0010769724940365153,0.0009182431056877998,0.0011629754733220898,0.001116526327655965
042,0.001,0.0010570646724852605,0.0010563605325492225,0.003358600583090379,0.0015555555555555557,0.0016408715251690457,0.0013364815657715067,0.0013189497252188071,0.0011333542333745185,0.0006065752759917505,0.0011238188130488949,0.0009917632341062436,0.000715012349543285,0.0009986449551134032,0.000571864277544796,0.0009940245681615014,0.0010212392432564976,0.00099651652484359,0.0010596878731584335,0.0010243626887817563,0.0009192398618065236,0.0010540654622458322
043,0.001,0.0010698862116393943,0.001069019979676976,0.0011195335276967932,0.0006666666666666668,0.0008204357625845229,0.000989986345015931,0.001050274781192754,0.0011555768654014698,0.00048526022079340043,0.0009116845428911495,0.000949541004809413,0.0010278302524684723,0.001226184311974685,0.0012996915398745365,0.0010093810649289068,0.0010212392432564976,0.0010615067329855636,0.001009295275154446,0.0010416820176016763,0.0006436324720022128,0.0009921050864708173
044,0.001,0.0010912554435629507,0.001090119058223232,0.0022390670553935864,0.002,0.0015236664162283997,0.0014354802002730998,0.0014654996946875636,0.0012333560774957996,0.001213150551983501,0.0010397328484651007,0.000949541004809413,0.0007475129108861616,0.001188261085831138,0.0008318025855197033,0.0010338548061331358,0.0010048603991795666,0.0010513971450523676,0.0011753085276720006,0.0011675826532619006,0.0011111969668527307,0.0011554909047110985
045,0.001,0.001025723132330711,0.0010254152173480467,0.0011195335276967932,0.0006666666666666668,0.0012892561983471077,0.001088984979517524,0.001050274781192754,0.0011555768654014698,0.0016984107727769015,0.0010933097604726083,0.0009958870075444887,0.0008222642019747778,0.001188261085831138,0.001039753231899629,0.0009546914599975971,0.0010170051662367443,0.0010499266595348118,0.0010185693181562197,0.001054558991396121,0.0007964428749011837,0.0009606643353810225
046,0.001,0.0010000800540224432,0.0010000963230925395,0.0016793002915451896,0.0011111111111111111,0.0012892561983471077,0.0013859808830223033,0.0014410746997761043,0.0012666900255362266,0.0008492053863884508,0.00108052207190392,0.0009053518250404443,0.0008222642019747778,0.0011756200104499556,0.001039753231899629,0.000970463188680136,0.0010212392432564976,0.0010533227808491668,0.0009419257692242691,0.0009883580653380114,0.0010540350751298926,0.0010056827301176427
047,0.001,0.0010613385188699717,0.0010605803482584737,0.0016793002915451896,0.0017777777777777779,0.0014064613072877537,0.0014849795175238963,0.0014166497048646448,0.0011666881814149455,0.001213150551983501,0.0011225813538961501,0.0009053518250404443,0.0007831087637855025,0.000834310975158033,0.0010917408934946107,0.0008926844848134702,0.0010212392432564976,0.0009881023336445328,0.0010325185400151995,0.001058989711408865,0.0009842366584029282,0.0010787607095858146
048,0.001,0.000973012360252605,0.0009733708236006151,0.0016793002915451896,0.0011111111111111111,0.0011720510894064615,0.0012374829312699136,0.001123549765927132,0.0010555750212801888,0.0008492053863884508,0.0009437299123882842,0.0009053518250404443,0.0008655412652366082,0.0009227985028263093,0.0007798149239247219,0.0008711118385315345,0.0010048603991795666,0.000995448192654955,0.0009569430012095062,0.0009457424582786861,0.0008312978983631415,0.0009813511750345785
049,0.001,0.0010385446714848447,0.0010380746644758005,0.0011195335276967932,0.0008888888888888889,0.0009376408715251691,0.0011384842967683206,0.0012456747404844292,0.0010111297572262862,0.0008492053863884508,0.0009380672355904799,0.0009958870075444887,0.0009673696493820914,0.0009986449551134032,0.0009357779087096663,0.0009926983219468186,0.0010212392432564976,0.0010028711229730278,0.0009750367657101388,0.0009807796151045799,0.0007771171003256593,0.0009843642577131622
050,0.001,0.0009898283705757594,0.0009899950426310168,0.0016793002915451898,0.0015555555555555557,0.0016408715251690457,0.0010138825671370051,0.001044168532464889,0.000866368177843174,0.0016984107727769015,0.0010181617441503417,0.000949541004809413,0.000715012349543285,0.0009012618558805912,0.000675839600734759,0.0008965208546126924,0.0010212392432564976,0.0010745047746139583,0.0010045332919867724,0.0012174639462922997,0.0007479026019226004,0.0010547588952662809
051,0.001,0.0010820756891353346,0.001081045681588322,0.0025189504373177847,0.002,0.0016408715251690457,0.001566909421939008,0.0011833910034602076,0.0009659507270205503,0.0008492053863884508,0.0010718485344754433,0.0010401700552204738,0.000715012349543285,0.0009948994512967565,0.0007133862452200234,0.0009515963823645706,0.0010048603991795666,0.00099651652484359,0.0010718110655089867,0.0010221976266488165,0.001204072936767702,0.0011082848418150254
052,0.001,0.0010864684185905526,0.0010853814263005748,0.0025189504373177847,0.0015555555555555557,0.0019143501126972198,0.0012443104233045065,0.0012530022389578668,0.0010157420016092386,0.0013344656071818512,0.0011031939575653802,0.0009917632341062436,0.0006528373626264775,0.0009246712547346325,0.00041301308933790827,0.000997687908354086,0.0010212392432564976,0.0010615067329855636,0.0010546092817839254,0.0011403310330503295,0.000951724146716185,0.0010481651206721647
053,0.001,0.0010996466069562061,0.0010983886604373325,0.0008396501457725949,0.0006666666666666668,0.0009571750563486099,0.0009217114246700048,0.0009977610421331162,0.0010356585114447137,0.0013344656071818512,0.0009238354726347885,0.000949541004809413,0.0009384537087755616,0.0011353558444210047,0.0009386661121316099,0.0010131009993683815,0.0010212392432564976,0.0010513971450523676,0.001004458192076904,0.0011596110872159546,0.0006663772870024463,0.0009811510167538184
054,0.001,0.0011216102542322955,0.0011200673839985957,0.0016793002915451898,0.002,0.001777610818933133,0.001336481565771507,0.0013922247099531853,0.0011053662958688771,0.0009705204415868009,0.0011447890028357514,0.000949541004809413,0.0006825117882004085,0.0011002417461399426,0.0006007463117642302,0.0010376649351640601,0.0010048603991795666,0.0010499266595348118,0.001169675820247285,0.0012997649638617922,0.0011504646709218926,0.0011492854699446775
055,0.001,0.0010542550692522882,0.0010535859650773888,0.0008396501457725949,0.0006666666666666668,0.0015041322314049588,0.0010138825671370051,0.0009977610421331162,0.0010356585114447137,0.0007278903311901007,0.0009874725542271905,0.000949541004809413,0.0007507629670204494,0.0011002417461399426,0.0007509328897052878,0.0009582098434550553,0.0010170051662367443,0.0010533227808491668,0.0010136877889016585,0.0011739458662843377,0.0008245877349507856,0.0009525656580840402
056,0.001,0.0010278986925209808,0.001027571496803873,0.0012594752186588923,0.0011111111111111111,0.0015041322314049588,0.0012903959945380066,0.001369020964787299,0.0011352410606220902,0.0006065752759917505,0.000983587793152286,0.0009053518250404443,0.0007507629670204494,0.0010885370467129218,0.0007509328897052878,0.0009740396966643312,0.0010212392432564976,0.0009881023336445328,0.0009374115568715776,0.0011002503176007832,0.0010912827806612946,0.000997077819920121
057,0.001,0.0010908611480457703,0.0010897171710128274,0.0012594752186588923,0.0017777777777777779,0.0016408715251690457,0.001382567137005007,0.0013458172196214124,0.0010456167663624512,0.0007278903311901007,0.001083191162880993,0.000949541004809413,0.000715012349543285,0.0007725101621833639,0.0007884795341905522,0.0008959743501319524,0.0010212392432564976,0.000995448192654955,0.0010275701586246382,0.0011788781891662826,0.0010190178133098323,0.0010734341210279909
058,0.001,0.0010000780726379345,0.0010001117802929398,0.0012594752186588923,0.0011111111111111111,0.0013673929376408715,0.001152139280837506,0.0010673722776307754,0.000946034217185075,0.0009705204415868009,0.0009464318645410623,0.0009053518250404443,0.0007902768073899467,0.0008544430581725086,0.0005631996672789658,0.0008743222008430325,0.0010048603991795666,0.0010028711229730278,0.0009523568182447496,0.0010528101875040682,0.0008606744723099693,0.0009734188813989027
059,0.001,0.0010674332576179417,0.0010665931992141467,0.0008396501457725949,0.0008888888888888889,0.0010939143501126972,0.0010599681383705055,0.0011833910034602076,0.0009062011975141244,0.0007278903311901007,0.0009874725542271905,0.000949541004809413,0.0008832505494358226,0.0009246712547346325,0.000675839600734759,0.0009963567744422383,0.0010212392432564976,0.000980225646002669,0.0009703638677431133,0.0010918139092092524,0.0008045790222287609,0.0009750359256059691
060,0.001,0.000925536406045805,0.0009264659489862456,0.0016793002915451898,0.0005833333333333335,0.0008204357625845229,0.0008261265361857079,0.0007510685935273765,0.000866368177843174,0.0008492053863884508,0.0009557158191791723,0.0009053518250404443,0.001027830252468472,0.0009373123301158148,0.0008837902471146847,0.000896815769269805,0.0010212392432564976,0.00099651652484359,0.0008931149708705626,0.0008876805386729315,0.0005472175706918765,0.0009275297856949315
061,0.001,0.0010117920178518488,0.0010116737661922798,0.0025189504373177847,0.0007500000000000001,0.0008204357625845229,0.0012767410104688214,0.0008512110726643599,0.0009659507270205503,0.001091835496785151,0.0010316008026610235,0.0009917632341062436,0.001027830252468472,0.0010346954293486267,0.0009328897052877228,0.0009519094143697612,0.0010048603991795666,0.0010615067329855636,0.0009529305959163874,0.0007453074422591242,0.0008809835207152321,0.0009473523137767123
062,0.001,0.001015899427937851,0.0010157312812973291,0.0025189504373177847,0.0005833333333333335,0.0009571750563486099,0.0010138825671370051,0.0009012823122328517,0.0010157420016092386,0.0008492053863884508,0.0010112021190955515,0.0010401700552204738,0.0009384537087755614,0.0009616581049240178,0.0005400940399034184,0.0009980161023786687,0.0010212392432564976,0.0010513971450523676,0.0009376367567842424,0.0008314411845757829,0.000696347591512627,0.0009182589275633498
063,0.001,0.0010282216581958571,0.001027903826612477,0.0008396501457725949,0.00025000000000000006,0.00047858752817430496,0.000751024123805189,0.000717687767148382,0.0010356585114447137,0.0009705204415868009,0.0009349676268110258,0.000949541004809413,0.0013490272063648697,0.0011807700781978447,0.001227486454325951,0.0010134342636001189,0.0010212392432564976,0.0010499266595348118,0.0008930482007054029,0.0008454987087591532,0.00048756797906615595,0.0009447606287235637
064,0.001,0.0010487587086258675,0.001048191402137723,0.0016793002915451898,0.0007500000000000001,0.0008888054094665664,0.001088984979517524,0.0010014247913698352,0.0011053662958688771,0.001091835496785151,0.0011119249917698752,0.000949541004809413,0.000981110695538087,0.0011442514159855403,0.0007855913307686087,0.0010380062798154167,0.0010048603991795666,0.0010533227808491668,0.0010399406315962213,0.0009476880746923,0.0008417599842149753,0.0009789246960734796
065,0.001,0.0009857784206405023,0.000985976170526968,0.0008396501457725949,0.00025000000000000006,0.0007520661157024794,0.0008261265361857079,0.000717687767148382,0.0010356585114447137,0.0007278903311901007,0.0010118811580880891,0.0010401700552204738,0.0010792217650918959,0.0011442514159855403,0.0009819891634607607,0.0009585250509886787,0.0010170051662367443,0.0009881023336445328,0.0009012540921029736,0.0008559505208591598,0.0006033257485428336,0.000904127588265714
066,0.001,0.0009611339601244897,0.0009616310798966725,0.0012594752186588923,0.00041666666666666675,0.0007520661157024794,0.0010514337733272647,0.000984734378180338,0.0011352410606220902,0.0015770957175785514,0.001035145833049356,0.0010322599019797689,0.0010792217650918959,0.0011320785285814387,0.0009819891634607607,0.0009743601115009496,0.0010212392432564976,0.000995448192654955,0.0008334380771524617,0.0008022174271175004,0.0007984583963690365,0.0009138803805536356
067,0.001,0.001020006838023853,0.0010197887964023785,0.0012594752186588923,0.0006666666666666668,0.0008204357625845229,0.0011265361857077836,0.0009680439649908407,0.0010456167663624512,0.0014557806623802013,0.0010961639745433592,0.0009053518250404443,0.001027830252468472,0.0008034105686706984,0.0010310886216337988,0.0008962690850139034,0.0010212392432564976,0.0010028711229730278,0.000913596691725761,0.000859546789188984,0.0007455843192117447,0.0009275459541805663
068,0.001,0.0009351203629131431,0.0009359334842313606,0.0012594752186588923,0.00041666666666666675,0.0006836964688204357,0.0009387801547564862,0.0007677590067168736,0.000946034217185075,0.0009705204415868009,0.0009698260139419979,0.000949541004809413,0.0011360229106230483,0.0008886207804994089,0.0007364918725955706,0.0008746098131509235,0.0010048603991795666,0.000980225646002669,0.0008467256772573363,0.0007676277537499941,0.000629729315933995,0.0008926972900375409
069,0.001,0.0009981006508985085,0.0009981487158421158,0.0008396501457725949,0.0003333333333333334,0.0005469571750563486,0.0008636777423759673,0.0008512110726643599,0.0009062011975141244,0.0007278903311901007,0.0009757102204231933,0.000949541004809413,0.001269672664813995,0.0009616581049240178,0.0008837902471146847,0.0009966845305842003,0.0010212392432564976,0.000940607140305016,0.0008627354656998756,0.0007960662506754664,0.0005886859824285407,0.0009178391277155001
070,0.001,0.0009389305653228788,0.0009397011768289063,0.0016793002915451898,0.0009722222222222222,0.0012892561983471075,0.0009012289485662269,0.000842662324445349,0.0008937271729329584,0.0008492053863884508,0.001014274132610702,0.000949541004809413,0.0008222642019747777,0.0009613459796059639,0.0009877655703046475,0.0009231122849131991,0.0010006209334352284,0.0010615067329855636,0.0009281243824844564,0.0010728321657463217,0.000643856139595664,0.000965058884445815
071,0.001,0.0010264344493692418,0.0010261262485664552,0.0025189504373177847,0.00125,0.0012892561983471075,0.001392808375056896,0.0009550173010380623,0.0009964544341896204,0.0008492053863884508,0.0010981550576041968,0.0010401700552204738,0.0008222642019747777,0.0010612260813832068,0.0010426414353215726,0.0009798213910140274,0.000984572770032706,0.0010513971450523676,0.000990284733468679,0.0009007630139341368,0.0010365651234077353,0.0009980388048122894
072,0.001,0.0010306013009904972,0.0010302417281730053,0.0025189504373177847,0.0009722222222222222,0.0015041322314049588,0.0011060537096040056,0.0010111947893344188,0.0010478180648179514,0.001213150551983501,0.0010156727349098556,0.0010401700552204738,0.0007507629670204492,0.0009863160050502745,0.0006036345151861735,0.0010272800236296612,0.0010006209334352284,0.0010499266595348118,0.0009743913877480238,0.0010048624565687175,0.0008193225073551429,0.0009575725900780126
073,0.001,0.0010431018558542634,0.001042588166992655,0.0008396501457725949,0.0004166666666666667,0.0007520661157024794,0.0008192990441511153,0.0008052106655811113,0.0010683635170692836,0.0008492053863884508,0.0010626801705723532,0.000949541004809413,0.0010792217650918959,0.0012110462340490715,0.0013718966254231218,0.0010431502776126853,0.0010006209334352284,0.0010533227808491668,0.0009280549949807996,0.001021852086799006,0.000573672435983889,0.000943093124721919
074,0.001,0.0010639361139605401,0.001063165565025405,0.0016793002915451898,0.00125,0.0013966942148760332,0.0011879836140191173,0.001123549765927132,0.001140272599948947,0.0019410408831736017,0.0011914462547831825,0.000949541004809413,0.0007848885564304697,0.0011735911958826051,0.0008780138402707979,0.0010684427967795776,0.000984572770032706,0.0009881023336445328,0.0010807054948143088,0.0011453560209217473,0.0009904147142379153,0.0010351872177500768
075,0.001,0.001000044389101291,0.001000061544391639,0.0008396501457725949,0.0004166666666666667,0.001181818181818182,0.0009012289485662269,0.0008052106655811113,0.0010683635170692836,0.0008492053863884508,0.000958747415421929,0.0009958870075444887,0.0008633774120735167,0.0011735911958826051,0.0010975173003384972,0.0009866310119470054,0.0009964723403139612,0.000995448192654955,0.000936582550933289,0.0010344839286866147,0.0007098730161100432,0.0009101749206029789
076,0.001,0.0009750432793737587,0.0009753686667523392,0.0012594752186588923,0.0006944444444444444,0.001181818181818182,0.0011470186618115614,0.0011048239364950133,0.0011710907783259456,0.0009705204415868009,0.0011630744168239756,0.0010322599019797689,0.0008633774120735167,0.0011611061831604498,0.0010975173003384972,0.001002930389580745,0.0010006209334352284,0.0010028711229730278,0.0008661082009880091,0.0009695432334481053,0.0009394660702577914,0.0009335747169635125
077,0.001,0.0010347681526117526,0.0010343572077795554,0.0012594752186588923,0.0011111111111111111,0.0012892561983471075,0.001228948566226673,0.0010860981070628943,0.0010786362431949499,0.001213150551983501,0.0011038432498991352,0.0009917632341062436,0.0008222642019747777,0.0008240108396622547,0.0011523931653554223,0.00092254957073055,0.0010006209334352284,0.000980225646002669,0.0009494089708532085,0.0010388303035059367,0.0008772544362999592,0.0009718925156008077
078,0.001,0.0009486532191058081,0.0009493039625775229,0.0012594752186588923,0.0006944444444444444,0.0010743801652892565,0.0010241238051888941,0.0008613881538774679,0.000975908981938288,0.001091835496785151,0.0009947390585929598,0.0009917632341062436,0.0009088183284984387,0.0009114059287173424,0.0008231379752538729,0.0009002552036775813,0.000984572770032706,0.000940607140305016,0.0008799166646732791,0.000927738876391008,0.0007409394508930729,0.0009098636289307517
079,0.001,0.0010125449439650571,0.001012407983211289,0.0008396501457725949,0.0005555555555555556,0.0008595041322314051,0.0009421939007737826,0.0009550173010380623,0.0009348180774356231,0.0014557806623802013,0.0010393217100048242,0.0010401700552204738,0.0010157381318511962,0.0009863160050502745,0.0009877655703046475,0.0010259094073628238,0.0010006209334352284,0.0009687622523810277,0.0008965540243599662,0.0009621090500266002,0.0006926478687467845,0.0009243765495750057
080,0.001,0.0009362517334674641,0.0009370541312603743,0.0027988338192419825,0.0019444444444444444,0.0016408715251690457,0.0013518434228493403,0.0010991247710156727,0.000994043488262168,0.0014557806623802013,0.000978510142587785,0.000949541004809413,0.000715012349543285,0.0008171440826650692,0.0008318025855197033,0.00078287056461583,0.0010006209334352284,0.0010513971450523676,0.0009547335428266754,0.0012958078517987899,0.000921005197636599,0.001091404184653344
081,0.001,0.0010235059630657633,0.0010232357520916203,0.004198250728862974,0.0025,0.0016408715251690457,0.002089212562585344,0.0012456747404844292,0.0011083013604762102,0.0007278903311901007,0.0009239025314286659,0.0010401700552204738,0.000715012349543285,0.0009020421691757258,0.000878013840270798,0.0008309642696153135,0.000984572770032706,0.0010499266595348118,0.0010186760199757555,0.0010879761283572411,0.0014827564849298148,0.001157821032473141
082,0.001,0.001027660926379968,0.0010273396387978702,0.004198250728862974,0.0019444444444444444,0.0019143501126972198,0.0016590805644060085,0.0013189497252188071,0.0011654302965832316,0.001091835496785151,0.0010436667193766493,0.0010401700552204738,0.0006528373626264775,0.0008383686042927334,0.000508323802262041,0.0008712128581336539,0.0010006209334352284,0.0010533227808491668,0.0010023270148708234,0.0012137114292185165,0.001172001385726662,0.0010838734987261343
083,0.001,0.0010401258163225823,0.0010396512989166197,0.0013994169096209913,0.0008333333333333334,0.0009571750563486099,0.001228948566226673,0.001050274781192754,0.0011882818710260397,0.0006065752759917505,0.0008300887198038177,0.0009958870075444887,0.0009384537087755616,0.0010293892989417107,0.0011552813687773658,0.0008846720601173595,0.0010006209334352284,0.0009881023336445328,0.000954662165995677,0.0012342321564622332,0.0008206107898789523,0.0009855731540676167
084,0.001,0.0010609006328936056,0.0010601707324478687,0.0027988338192419825,0.0025,0.001777610818933133,0.0017819754210286758,0.0014654996946875636,0.0012682623815758695,0.001213150551983501,0.0012085805571856077,0.000949541004809413,0.0006825117882004085,0.0009975525165002144,0.0007393800760175141,0.0009061220712204004,0.000984572770032706,0.000995448192654955,0.001111689128405804,0.0013834049466469472,0.0014167405473553864,0.001198847638948484
085,0.001,0.0009971911954091332,0.0009972444696187048,0.0013994169096209913,0.0008333333333333334,0.0015041322314049588,0.0013518434228493403,0.001050274781192754,0.0011882818710260397,0.0008492053863884508,0.001062069964717107,0.0009958870075444887,0.0007507629670204494,0.0009975525165002144,0.0009242250950218926,0.0008367393544795795,0.0009964723403139612,0.0010028711229730278,0.0009634342054548485,0.00124948937974772,0.0010154391599183905,0.0009573246513144886
086,0.001,0.000972261415523905,0.0009726211493812061,0.002099125364431487,0.0013888888888888887,0.0015041322314049588,0.0017205279927173423,0.0014410746997761043,0.0013025397432400822,0.001213150551983501,0.0010423806231156134,0.0009958870075444887,0.0007507629670204494,0.0009869402556863824,0.0009242250950218926,0.0008505624864859011,0.0010006209334352284,0.000980225646002669,0.0008909393684788456,0.001171051516419123,0.0013438609659822886,0.0010170026652251206
087,0.001,0.0010318158896941727,0.00103144352550412,0.002099125364431487,0.0022222222222222222,0.0016408715251690457,0.0018434228493400095,0.0014166497048646448,0.0011997076582474441,0.0007278903311901007,0.0010631920674756311,0.000949541004809413,0.000715012349543285,0.0007004092137129164,0.0009704363497729872,0.000782393339496971,0.0010006209334352284,0.000940607140305016,0.0009766283565438945,0.0012547390980145283,0.0012548702199056709,0.001118260997672114
088,0.001,0.0009459466478672752,0.0009466298669082905,0.002099125364431487,0.0013888888888888887,0.0013673929376408715,0.0015361857077833413,0.001123549765927132,0.0010854497860334018,0.0009705204415868009,0.0009583483787374893,0.000949541004809413,0.0007902768073899467,0.000774695039409741,0.0006931688212664194,0.0007634859931126129,0.000984572770032706,0.0009687622523810277,0.0009051437183526645,0.0011205586100321273,0.0010598781986222493,0.000995012709273275
089,0.001,0.0010096560853517474,0.0010095561297374545,0.0013994169096209913,0.0011111111111111111,0.0010939143501126972,0.001413290851160674,0.0012456747404844292,0.0010397466371477849,0.001213150551983501,0.0009641629471862043,0.0010444951052903542,0.0008832505494358226,0.0008383686042927334,0.0008318025855197033,0.000870050469604948,0.0010006209334352284,0.0009762973489771985,0.0009222580681712015,0.0011620722244507493,0.0009907994162303357,0.0009885138995933697
090,0.001,0.0010300108484069812,0.0010297007261589987,0.0022390670553935864,0.0009722222222222222,0.000937640871525169,0.0008261265361857079,0.00080602483207816,0.0010305221483818806,0.0008492053863884508,0.001095901828425885,0.000949541004809413,0.0009673696493820914,0.0010815142270567094,0.0008837902471146847,0.0009995853533390875,0.0010006209334352284,0.0010499266595348118,0.001133311538347286,0.0011285989517956345,0.0008051010602425211,0.0010274787954887028
091,0.001,0.0011260029836875135,0.0011244031287108481,0.003358600583090379,0.00125,0.000937640871525169,0.0012767410104688214,0.0009134948096885813,0.0011489729700349704,0.0013344656071818512,0.0011582006923506816,0.0010401700552204738,0.0009673696493820914,0.0011938793415561077,0.0009328897052877228,0.001060992392098918,0.000984572770032706,0.0010533227808491668,0.001209214126758507,0.0009475854898842817,0.0012961586114408586,0.00106259052307672
092,0.001,0.0011305740377484913,0.001128912766927603,0.003358600583090379,0.0009722222222222222,0.0010939143501126972,0.0010138825671370051,0.0009672297984937918,0.0012081983808615155,0.0014557806623802013,0.0012118449918925881,0.0011394492057712955,0.0008832505494358226,0.001109605505681559,0.0005400940399034184,0.0011123826236313136,0.0010006209334352284,0.0009881023336445328,0.0011898071243910601,0.001057096115675565,0.0010245105681005587,0.0010195501616792203
093,0.001,0.0011442871999314244,0.0011424416815778672,0.0011195335276967932,0.0004166666666666667,0.0005469571750563486,0.000751024123805189,0.0007702015062080195,0.0012318885451921332,0.0009705204415868009,0.0010141147766486915,0.0009958870075444887,0.0012696726648139952,0.0013624270133052055,0.001227486454325951,0.001129567611518994,0.0010006209334352284,0.000995448192654955,0.0011332268108473996,0.0010749688822475482,0.0007173408127048156,0.0010143101234974495
094,0.001,0.001167142470236313,0.0011649898726616408,0.0022390670553935864,0.00125,0.0010157776108189332,0.001088984979517524,0.0010746997761042132,0.001314804120349296,0.0015770957175785514,0.0013265895049740586,0.0009958870075444887,0.0009233983016829055,0.001320290095367931,0.0007855913307686087,0.0011569554300124407,0.000984572770032706,0.0010028711229730278,0.0013196248584158715,0.001204892662540431,0.001238450466611205,0.001103745368344884
095,0.001,0.0010970529746346545,0.0010958420866714015,0.0011195335276967932,0.0004166666666666667,0.000859504132231405,0.0008261265361857079,0.0007702015062080195,0.0012318885451921332,0.001091835496785151,0.0011789462344214837,0.001090939557516868,0.0010157381318511962,0.001320290095367931,0.0009819891634607607,0.0010683661400791389,0.0009964723403139612,0.000980225646002669,0.0011436396151409236,0.0010882573386984096,0.0008876509561074641,0.0009759752288284097
096,0.001,0.0010696266502687882,0.001068784257370873,0.0016793002915451896,0.0006944444444444444,0.000859504132231405,0.0010514337733272647,0.001056788113169143,0.001350339366845223,0.0013344656071818512,0.0011582006923506816,0.000949541004809413,0.0010157381318511962,0.001306244456055506,0.0009819891634607607,0.0010860158013581683,0.0010006209334352284,0.000940607140305016,0.0010575849920130284,0.0010199409674008773,0.0011747424350125998,0.0009968990719042912
097,0.001,0.0011351450918094688,0.0011334224051443578,0.0016793002915451896,0.0011111111111111111,0.000937640871525169,0.0011265361857077836,0.0010388764502340727,0.0012437336273574422,0.0013344656071818512,0.0012729843445146813,0.000949541004809413,0.0009673696493820914,0.0009270121946200366,0.0010310886216337988,0.0009989760224220529,0.0010006209334352284,0.0009687622523810277,0.001159301664285695,0.0010928296420109089,0.0010969507524011327,0.0010333014122607491
098,0.001,0.0010406766412159292,0.0010402232153314264,0.0016793002915451896,0.0006944444444444444,0.0007813673929376409,0.0009387801547564862,0.0008239364950132301,0.0011252828057043524,0.0009705204415868009,0.0011045523158922858,0.000949541004809413,0.001069198033527575,0.0010253316698070102,0.0007364918725955706,0.0009748347309103615,0.000984572770032706,0.0009762973489771985,0.0010744461924261403,0.000975963582063713,0.0009264975524876421,0.0009718315484888766
099,0.001,0.0011107661368175877,0.0011093710013216657,0.0011195335276967932,0.0005555555555555556,0.0006250939143501126,0.0008636777423759673,0.0009134948096885813,0.0010779024770431165,0.001213150551983501,0.0010115439146500464,0.0009958870075444887,0.0011949860374719954,0.001109605505681559,0.0008837902471146847,0.0011108984618800617,0.0010006209334352284,0.001043309474705811,0.0010947616932969217,0.0010121203484030022,0.0008661120073390292,0.000990423113204704
100,0.001,0.0010394204224705445,0.0010389982574565751,0.0003731778425655977,0.0008101851851851852,0.0015236664162283997,0.0008786982248520712,0.0010380622837370243,0.0011239142735957742,0.0007278903311901007,0.0009907713249458102,0.0009917632341062436,0.0007475129108861616,0.000850958868575628,0.0011957162166845734,0.0009956428054518826,0.0010362748113006723,0.0010109587933195845,0.0010643478362775704,0.0012920784132600986,0.0007886448932628123,0.0009748205309448734
101,0.001,0.0011362894855114383,0.001134555761427034,0.0005597667638483966,0.0010416666666666667,0.0015236664162283997,0.0013579881656804738,0.0011764705882352942,0.0012530998222849438,0.0015770957175785514,0.001226216560092846,0.0010401700552204738,0.0007475129108861616,0.0009393701795964725,0.001262144895389272,0.0010568076435931132,0.001019654823704992,0.0008694245622548426,0.0011356316386653604,0.0010848448461253585,0.00126966528830993,0.000998536021626963
102,0.001,0.0011409022980371952,0.0011391061187589608,0.0005597667638483966,0.0008101851851851852,0.001777610818933133,0.0010784023668639056,0.001245674740484429,0.0013176925966295286,0.001213150551983501,0.0011216595680388624,0.000949541004809413,0.0006825117882004084,0.0008730616963308392,0.0007307154657516837,0.0011079951826309918,0.0010362748113006723,0.0008370738808686158,0.0011174055814167523,0.0012102182707439061,0.0010035696976760924,0.0009677119264471596
103,0.001,0.0011547407356144658,0.0011527571907547405,0.00018658892128279884,0.00034722222222222224,0.0008888054094665664,0.0007988165680473374,0.000991926182237601,0.0013435297063673624,0.0009705204415868009,0.0011486913871842726,0.001082643318807635,0.0009811106955380873,0.0010719871461277394,0.0016607169676174632,0.0011251123897759252,0.0010362748113006723,0.0010028711229730278,0.0010642682645727692,0.0012306799376949117,0.000702678454426869,0.0009587435813735958
104,0.001,0.00117780479824325,0.0011755089774143734,0.0003731778425655977,0.0010416666666666667,0.0016506386175807665,0.0011582840236686392,0.001384083044982699,0.0014339595904497811,0.0008492053863884508,0.0010860422067821794,0.001082643318807635,0.0007135350513004271,0.0010388329044949225,0.0010628588592751765,0.0011523921856922345,0.001019654823704992,0.0010745047746139583,0.0012393237121729793,0.0013794233966698583,0.0012131366908865611,0.001041034007340776
105,0.001,0.001107075006181645,0.0011057368316581655,0.00018658892128279884,0.00034722222222222224,0.0013966942148760334,0.0008786982248520712,0.000991926182237601,0.0013435297063673624,0.001091835496785151,0.0011740129746126194,0.000949541004809413,0.0007848885564304698,0.0010388329044949225,0.0013285735740939705,0.0010641523081594735,0.0010319783965343477,0.00099651652484359,0.001074047434151821,0.0012458932494726581,0.0008695074793754841,0.0009292571745925846
106,0.001,0.0010793981310271037,0.0010784346876666058,0.0002798833819241983,0.0005787037037037037,0.0013966942148760334,0.0011183431952662725,0.0013610149942329874,0.001472715255056532,0.0013344656071818512,0.0010489879392619197,0.000949541004809413,0.0007848885564304698,0.001027781490617317,0.0013285735740939705,0.001081732355938712,0.0010362748113006723,0.0010615067329855636,0.0009932293635430754,0.0011676811365822794,0.0011507308436443141,0.0009440988836922768
107,0.001,0.0011455151105629522,0.0011436564760908873,0.0002798833819241983,0.0009259259259259259,0.0015236664162283997,0.001198224852071006,0.0013379469434832757,0.0013564482612362795,0.0007278903311901007,0.0010016804054020037,0.000949541004809413,0.0007475129108861616,0.0007293933159219669,0.001395002252798669,0.000995035877847693,0.0010362748113006723,0.0010513971450523676,0.0010887564241822412,0.001251127858630817,0.0010745292134894929,0.0009797108830866086
108,0.001,0.0010501836516973106,0.0010496157578977375,0.0002798833819241983,0.0005787037037037037,0.0012697220135236666,0.0009985207100591718,0.0010611303344867358,0.00122726271254711,0.0014557806623802013,0.0010239304120939758,0.000949541004809413,0.0008261984804531262,0.0008067532130652058,0.0009964301805704778,0.0009709898040155384,0.001019654823704992,0.0010499266595348118,0.0010090645346937275,0.001117333552814489,0.0009075600560875809,0.0009215874518503179
109,0.001,0.0011209134437589155,0.0011193879036539454,0.00018658892128279884,0.0004629629629629629,0.0010157776108189332,0.000918639053254438,0.0011764705882352942,0.0011755884930714422,0.0008492053863884508,0.0010992068353969323,0.000949541004809413,0.0009233983016829055,0.0008730616963308392,0.0011957162166845734,0.0011065168746857775,0.0010362748113006723,0.0010533227808491668,0.0010281438069530075,0.0011587276877336788,0.0008484087840795686,0.0009382875833200312
110,0.001,0.0009629727268823884,0.000963458843330268,0.0007463556851311954,0.0012962962962962963,0.001875281743050338,0.001106508875739645,0.0009515570934256057,0.0009381433192824233,0.0007278903311901007,0.0009265935007709661,0.000949541004809413,0.0006578113615798222,0.0008607400049960376,0.0009357779087096663,0.0009487198365744555,0.0010212392432564976,0.0008694245622548426,0.0009883670703117347,0.0010262505553094393,0.0008306377956226431,0.0009899047005355857
111,0.001,0.0010527172265770487,0.001052068926731446,0.0011195335276967932,0.0016666666666666663,0.001875281743050338,0.0017100591715976333,0.0010784313725490198,0.0010459758847171847,0.00048526022079340043,0.0009615715189767346,0.001090939557516868,0.0006578113615798222,0.0009501675379826388,0.0009877655703046477,0.001007002078888369,0.0010048603991795666,0.0008370738808686158,0.0010545621247152904,0.0008616525238214144,0.001337271039563933,0.0010355176070995795
112,0.001,0.0010569907741815564,0.0010562884545124544,0.0011195335276967932,0.0012962962962962963,0.0021878287002253943,0.0013579881656804735,0.0011418685121107267,0.0010998921674345654,0.0008492053863884508,0.0010079230018585003,0.0009958870075444887,0.0006006103736163593,0.0008830968882426878,0.000571864277544796,0.001055777235405092,0.0010212392432564976,0.0010028711229730278,0.0010376371738748372,0.0009612320426148532,0.001057006681400722,0.0009848353283599372
113,0.001,0.0010698114169950795,0.0010689470378554798,0.0003731778425655977,0.0005555555555555556,0.0010939143501126972,0.0010059171597633137,0.0009092656670511344,0.0011214586805215175,0.001091835496785151,0.001066914910191134,0.0010444951052903542,0.0008633774120735166,0.001084308837462541,0.0012996915398745365,0.0010720877374006165,0.0010212392432564976,0.0010745047746139583,0.0009882931790047074,0.0009774839951709239,0.0007400939096960013,0.0009336784867831755
114,0.001,0.0010911791550176175,0.0010900446767605223,0.0007463556851311954,0.0016666666666666663,0.0020315552216378665,0.0014585798816568049,0.001268742791234141,0.0011969414763258505,0.0009705204415868009,0.0008913872462067066,0.0009958870075444887,0.0006279108451443758,0.0010507735125925653,0.0008318025855197033,0.0010980818824713068,0.0010048603991795666,0.00099651652484359,0.0011508519159039552,0.0010956254762181405,0.0012777324690938653,0.0010725680245161535
115,0.001,0.0010256514250818337,0.001025345250785059,0.0003731778425655977,0.0005555555555555556,0.00171900826446281,0.001106508875739645,0.0009092656670511344,0.0011214586805215175,0.001091835496785151,0.0009591818580490868,0.0009958870075444887,0.0006907019296588134,0.0010507735125925653,0.001039753231899629,0.0010140006017812545,0.0010170051662367443,0.0010615067329855636,0.0009973742414708393,0.0009895673714581377,0.0009158060644477766,0.0009071148424970502
116,0.001,0.001000010139454788,0.0010000280840990082,0.0005597667638483966,0.0009259259259259257,0.00171900826446281,0.0014082840236686392,0.0012475970780469053,0.001229291245956279,0.0006065752759917505,0.0008584531782850734,0.000949541004809413,0.0006907019296588134,0.0010395950709692402,0.001039753231899629,0.0010307521315113574,0.0010212392432564976,0.0010513971450523676,0.0009223255431475768,0.0009274463550693915,0.001212003703422407,0.0009428084519318373
117,0.001,0.001061264321786064,0.001060507982293463,0.0005597667638483966,0.0014814814814814812,0.001875281743050338,0.0015088757396449707,0.0012264513648596695,0.0011322419370649937,0.0009705204415868009,0.0008682736734390354,0.0010401700552204738,0.0006578113615798222,0.0007377771471394607,0.0010917408934946107,0.000948141512446258,0.0010212392432564976,0.0010499266595348118,0.0010110331985223756,0.0009937250297707117,0.00113174457204988,0.001004540904293417
118,0.001,0.0009729443379595729,0.0009733044081526212,0.0005597667638483966,0.0009259259259259257,0.0015627347858752818,0.0012573964497041422,0.0009727028066128414,0.0010244093716302324,0.0007278903311901007,0.0008976586760894368,0.0010444951052903542,0.000727054662798751,0.0008160262385027368,0.0007798149239247219,0.0009252286895830975,0.0010048603991795666,0.0010533227808491668,0.0009370302864510368,0.0008874571134955658,0.0009558848232249091,0.0009202168367581632
119,0.001,0.0010384720678953566,0.0010380038341280843,0.0003731778425655977,0.0007407407407407406,0.0012501878287002252,0.0011568047337278107,0.0010784313725490198,0.000981276345456328,0.001091835496785151,0.000981778667680527,0.001090939557516868,0.0008125905054809568,0.0008830968882426878,0.0009357779087096663,0.0010543685976240418,0.0010212392432564976,0.0009881023336445328,0.0009547475437083409,0.0009203349586103895,0.0008935839288569323,0.0009249691031283956
120,0.001,0.0009723610403756706,0.0009727356134861302,0.0005597667638483966,0.0004861111111111111,0.0005860255447032308,0.0005532544378698225,0.0007439446366782008,0.0007430838172534046,0.0008492053863884508,0.0008955256227553562,0.0009053518250404443,0.0011746631456782538,0.0006944606858490758,0.0007278272623297404,0.0008909974487832307,0.0010212392432564976,0.0008370738808686158,0.0010265301836158917,0.0010793432108309744,0.0005017117367540647,0.0009477781318541714
121,0.001,0.0010629804864461842,0.0010621988888870444,0.0008396501457725948,0.000625,0.0005860255447032308,0.0008550295857988167,0.000843137254901961,0.0008284957502710373,0.001091835496785151,0.0010591967796995585,0.0010864221900485332,0.0011746631456782538,0.0007666124454178109,0.0007682621102369482,0.0009457336598427193,0.0010048603991795666,0.0010028711229730278,0.0010952811804797531,0.0009062297670587812,0.0008077221856580843,0.0009602419409895238
122,0.001,0.0010672956981638278,0.0010664590448585165,0.0008396501457725948,0.0004861111111111111,0.0006836964688204358,0.0006789940828402368,0.0008927335640138409,0.0008712017167798537,0.0007278903311901007,0.0010622187452690337,0.000949541004809413,0.0010725185243149274,0.0007124986257412596,0.00044478332697928574,0.000991541218981905,0.0010212392432564976,0.0010745047746139583,0.0010777027185744404,0.0010109609917986358,0.0006384403174053573,0.0009360281055106457
123,0.001,0.0010802413333167583,0.0010792395127729327,0.0002798833819241983,0.00020833333333333335,0.0003418482344102179,0.0005029585798816569,0.0007108804306036141,0.0008882841033833801,0.001213150551983501,0.0011673741520675353,0.0010401700552204738,0.0015417453787027083,0.0008748400847709137,0.0010108711976801951,0.001006859350959475,0.0010212392432564976,0.00099651652484359,0.0010264534391964866,0.0010280537325171564,0.00044702252022658234,0.0009727011556806343
124,0.001,0.0011018173919049759,0.0011005402926302934,0.0005597667638483966,0.000625,0.0006348610067618333,0.0007292899408284024,0.000991926182237601,0.0009480724564957231,0.0009705204415868009,0.001067236339301623,0.000949541004809413,0.0011212693663292424,0.000847783174932638,0.0006469575665153248,0.001031271949967537,0.0010048603991795666,0.0010615067329855636,0.001195288940752523,0.0011523072150864113,0.0007717604225986503,0.0009938522001329184
125,0.001,0.001035650812234442,0.001035217901067721,0.0002798833819241983,0.00020833333333333335,0.0005371900826446282,0.0005532544378698225,0.0007108804306036141,0.0008882841033833801,0.001213150551983501,0.0010169970210874974,0.000949541004809413,0.0012333963029621667,0.000847783174932638,0.0008086969581441559,0.0009523063758358065,0.0010170051662367443,0.0010513971450523676,0.0010358851422558018,0.00104076223736721,0.0005531540384332999,0.0009278576638425658
126,0.001,0.001009759541928581,0.0010096569652388884,0.0004198250728862974,0.0003472222222222222,0.0005371900826446282,0.0007041420118343196,0.0009753940792003077,0.000973696036401013,0.0007278903311901007,0.0010685227694282634,0.000949541004809413,0.0012333963029621667,0.0008387642049865461,0.0008086969581441559,0.000968038702363973,0.0010212392432564976,0.0010499266595348118,0.0009579386420293084,0.0009754274154348645,0.0007320597331362731,0.000931809979607734
127,0.001,0.0010716109098814713,0.0010707192008299886,0.0004198250728862974,0.0005555555555555556,0.0005860255447032308,0.0007544378698224854,0.0009588619761630143,0.0008968252966851434,0.001213150551983501,0.0009789119673159344,0.000949541004809413,0.0011746631456782538,0.0005952520164420649,0.0008491318060513638,0.0008904543112805361,0.0010212392432564976,0.0010533227808491668,0.0010500715028816095,0.001045134990443362,0.0006835825889423959,0.0009488009945022128
128,0.001,0.0009824298677168389,0.0009826759774195651,0.0004198250728862974,0.0003472222222222222,0.0004883546205860257,0.0006286982248520711,0.0007604767397154941,0.0008114133636675108,0.0009705204415868009,0.0010067392985706582,0.0009958870075444887,0.0012983118978549123,0.0006583848060647082,0.000606522718608117,0.0008689355594546952,0.0010048603991795666,0.0009881023336445328,0.0009732111691062823,0.0009333693466955263,0.000577361922759042,0.0009168328190714559
129,0.001,0.0010485964473873725,0.0010479983689821375,0.0002798833819241983,0.0002777777777777778,0.00039068369646882045,0.0005784023668639054,0.000843137254901961,0.0007772485904604577,0.0013344656071818512,0.0010316008026610235,0.0009958870075444887,0.001451054474073137,0.0007124986257412596,0.0007278272623297404,0.000990218286098255,0.0010212392432564976,0.000995448192654955,0.000991612530191465,0.0009679481137693597,0.0005397316944219616,0.0009457188366870629
130,0.001,0.0009616315392404909,0.0009621335904508592,0.0007463556851311954,0.0008101851851851852,0.0011720510894064615,0.0007159763313609469,0.0007612456747404844,0.0008545463898414153,0.0009705204415868009,0.0009088555886107039,0.0010322599019797689,0.0008655412652366081,0.000792272050053171,0.0010917408934946107,0.0010094529482666704,0.0010212392432564976,0.0010028711229730278,0.0010888001808024685,0.0010232708912692122,0.000776080608329258,0.0009603122215154741
131,0.001,0.0010512510465957435,0.0010506217892806463,0.0011195335276967932,0.0010416666666666667,0.0011720510894064615,0.0011065088757396453,0.0008627450980392157,0.000952770112811693,0.001213150551983501,0.0010078588608178546,0.0010864221900485332,0.0008655412652366081,0.0008745860292794745,0.0011523931653554225,0.001071466178165817,0.0010048603991795666,0.0010745047746139583,0.0011617216584272627,0.000859150761432962,0.0012494376337738432,0.0009874750535060672
132,0.001,0.0010555186421840892,0.0010548355130344457,0.0011195335276967932,0.0008101851851851852,0.0013673929376408717,0.0008786982248520712,0.0009134948096885812,0.0010018819742968318,0.0009705204415868009,0.001035177058697032,0.000949541004809413,0.0007902768073899465,0.0008128505448597469,0.0006671749904689287,0.001123363718039919,0.0010212392432564976,0.00099651652484359,0.0011430768754425906,0.0009584411563767164,0.0009875813412687918,0.0009532442804825384
133,0.001,0.0010683214289491252,0.0010674766842958439,0.0003731778425655977,0.00034722222222222224,0.0006836964688204358,0.0006508875739644972,0.0007274125336409074,0.0010215267188908872,0.0008492053863884508,0.0010413205966605364,0.001082643318807635,0.0011360229106230483,0.0009980569981189297,0.0015163067965202927,0.0011407183507695776,0.0010212392432564976,0.0010615067329855636,0.0010887187810160253,0.0009746459222507781,0.0006914837425945735,0.0009491509181016163
134,0.001,0.001089659406890852,0.0010885453030648408,0.0007463556851311954,0.0010416666666666667,0.0012697220135236666,0.000943786982248521,0.0010149942329873126,0.0010902833249700817,0.0007278903311901007,0.0009736568680827567,0.000949541004809413,0.0008261984804531261,0.0009671892559090659,0.0009704363497729872,0.0011683765332673995,0.0010048603991795666,0.0010513971450523676,0.001267795955320403,0.0010924443857757004,0.001193809620898715,0.0010237496295287104
135,0.001,0.0010242229412028897,0.0010239348721732503,0.0003731778425655977,0.00034722222222222224,0.0010743801652892565,0.0007159763313609469,0.0007274125336409074,0.0010215267188908872,0.001091835496785151,0.0009365076879856233,0.000949541004809413,0.0009088183284984387,0.0009671892559090659,0.001213045437216234,0.0010789127174868913,0.0010170051662367443,0.0010499266595348118,0.001098722617396252,0.0009866942150960182,0.0008556549332979564,0.0009153247024191957
136,0.001,0.0009986173676728174,0.000998652529650454,0.0005597667638483966,0.0005787037037037037,0.0010743801652892565,0.000911242603550296,0.000998077662437524,0.001119750441861165,0.001091835496785151,0.0009204060691098589,0.000949541004809413,0.0009088183284984387,0.0009569000085057779,0.001213045437216234,0.0010967366107187287,0.0010212392432564976,0.0010533227808491668,0.0010160478311171165,0.0009247535637825632,0.001132397991526855,0.0009313407153209631
137,0.001,0.0010597862377724344,0.001059049236788245,0.0005597667638483966,0.0009259259259259259,0.0011720510894064615,0.0009763313609467458,0.0009811610918877354,0.001031349091187915,0.0006065752759917505,0.0009447017566158988,0.0009053518250404443,0.0008655412652366081,0.0006790903286170036,0.0012736977090770458,0.0010088376022248182,0.0010212392432564976,0.0009881023336445328,0.0011137695320031858,0.000990839801868264,0.00105741036656226,0.0009667226117735575
138,0.001,0.0009715892622799634,0.0009719656125430578,0.0005597667638483966,0.0005787037037037037,0.0009767092411720514,0.0008136094674556215,0.0007781622452902729,0.0009331253682176374,0.0007278903311901007,0.0008687874666040865,0.000949541004809413,0.0009566508721036197,0.0007511150604400193,0.0009097840779121755,0.0009844579954108165,0.0010048603991795666,0.000995448192654955,0.0010322467997476794,0.0008848804288500417,0.0008931012759237731,0.0009120935162695239
139,0.001,0.0010370257279679258,0.0010365760434346484,0.0003731778425655977,0.0004629629629629629,0.0007813673929376409,0.0007485207100591717,0.0008627450980392157,0.0008938358790295263,0.0007278903311901007,0.0009740662256236862,0.0009958870075444887,0.0010691980335275748,0.0008128505448597469,0.0010917408934946107,0.001121864905106635,0.0010212392432564976,0.0010028711229730278,0.0010517643995185744,0.000917662814885889,0.0008348923715669553,0.0009297669587038687
140,0.001,0.0009643139145242859,0.0009647840962096769,0.0007463556851311954,0.0012962962962962963,0.0014064613072877537,0.0009437869822485209,0.0010380622837370243,0.0009845860578607609,0.0009705204415868009,0.0009666025313415262,0.0009053518250404443,0.0007831087637855025,0.000792272050053171,0.0009357779087096663,0.0008773629485784355,0.0010212392432564976,0.0010745047746139583,0.0010450932975569296,0.0011575785340698092,0.0007271818501447553,0.0010201026916291257
141,0.001,0.0010541834065583538,0.0010535160641822457,0.0011195335276967932,0.0016666666666666663,0.0014064613072877537,0.0014585798816568049,0.0011764705882352942,0.0010977568691091244,0.0014557806623802013,0.001193856852784896,0.0009917632341062436,0.0007831087637855025,0.0008745860292794745,0.0009877655703046477,0.0009312615580466745,0.0010048603991795666,0.00099651652484359,0.0011150875433858125,0.0009719171017666294,0.0011707139186535138,0.0010638166124811092
142,0.001,0.0010584629061790238,0.0010577413959904634,0.0011195335276967932,0.0012962962962962963,0.0016408715251690457,0.0011582840236686392,0.001245674740484429,0.001154342274733306,0.001213150551983501,0.0012009310287554946,0.000949541004809413,0.000715012349543285,0.0008128505448597469,0.000571864277544796,0.000976368146408315,0.0010212392432564976,0.0010615067329855636,0.0010971912038413767,0.0010842396849719842,0.0009253564890099637,0.0010130264103539966
143,0.001,0.0010713014050410335,0.001070417391415116,0.0003731778425655977,0.0005555555555555556,0.0008204357625845229,0.0008579881656804735,0.000991926182237601,0.0011769764369829786,0.0015770957175785514,0.0010939599947689704,0.000949541004809413,0.0010278302524684723,0.0009980569981189297,0.0012996915398745365,0.0009914518724693801,0.0010212392432564976,0.0010513971450523676,0.0010450151653406293,0.0011025713792334852,0.0006479152060859256,0.0009672772957961874
144,0.001,0.001092698903144383,0.0010915440504562037,0.0007463556851311954,0.0016666666666666663,0.0015236664162283997,0.0012440828402366865,0.001384083044982699,0.001256196004856833,0.001091835496785151,0.0009577991974884776,0.0009958870075444887,0.0007475129108861616,0.0009671892559090659,0.0008318025855197033,0.0010154908973593238,0.0010048603991795666,0.0010499266595348118,0.0012169037799007445,0.0012358312754020553,0.0011185908777112898,0.001102649052065511
145,0.001,0.0010270799089607777,0.0010267556293968678,0.0003731778425655977,0.0005555555555555556,0.0012892561983471077,0.0009437869822485209,0.000991926182237601,0.0011769764369829786,0.0009705204415868009,0.001125074064728808,0.000949541004809413,0.0008222642019747778,0.0009671892559090659,0.001039753231899629,0.0009377336949666383,0.0010170051662367443,0.0010533227808491668,0.001054617425273325,0.0011162010498210438,0.0008017424102640572,0.0009365526686332037
146,0.001,0.0010014029112367583,0.0010014036385475626,0.0005597667638483966,0.0009259259259259257,0.0012892561983471077,0.0012011834319526629,0.0013610149942329874,0.0012901472482313421,0.001091835496785151,0.0010682370299474413,0.0009053518250404443,0.0008222642019747778,0.0009569000085057779,0.001039753231899629,0.0009532252773607301,0.0010212392432564976,0.0009881023336445328,0.0009752613904923648,0.0010461304859473621,0.001061048630439874,0.0009710808205611309
147,0.001,0.0010627424057996937,0.001061966727798681,0.0005597667638483966,0.0014814814814814812,0.0014064613072877537,0.0012869822485207102,0.0013379469434832757,0.0011882935181078149,0.0009705204415868009,0.000995839653538529,0.0009053518250404443,0.0007831087637855025,0.0006790903286170036,0.0010917408934946107,0.0008768281224445354,0.0010212392432564976,0.000995448192654955,0.0010690603229527025,0.0011208907583817194,0.00099078577465598,0.0010354018209736318
148,0.001,0.0009742994136391822,0.0009746432037621846,0.0005597667638483966,0.0009259259259259257,0.0011720510894064615,0.0010724852071005919,0.0010611303344867358,0.0010751227068594516,0.0009705204415868009,0.0009661063712277297,0.000949541004809413,0.0008655412652366082,0.0007511150604400193,0.0007798149239247219,0.0008556386616021614,0.0010048603991795666,0.0010028711229730278,0.0009908100961608915,0.0010010238719727323,0.0008368293592478967,0.0009506681936254215
149,0.001,0.0010399184078227874,0.0010394316248215206,0.0003731778425655977,0.0007407407407407406,0.0009376408715251691,0.0009866863905325445,0.0011764705882352942,0.0010298543823601062,0.00048526022079340043,0.000996721956976786,0.0009958870075444887,0.0009673696493820914,0.0008128505448597469,0.0009357779087096663,0.0009750654577225554,0.0010212392432564976,0.000980225646002669,0.001009544215666573,0.0010381090531251225,0.0007822880418759626,0.000957725058373222
150,0.001,0.0009911376673622354,0.0009912891537978547,0.0005597667638483966,0.0012962962962962963,0.0016408715251690457,0.0008786982248520712,0.000986159169550173,0.0008824120329884179,0.0008492053863884508,0.0009505913006428577,0.000949541004809413,0.000715012349543285,0.0007335852315307138,0.000675839600734759,0.000880596348492239,0.0010212392432564976,0.00099651652484359,0.0010400846511989137,0.001288628275950362,0.0007528791500364442,0.0010159833638858963
151,0.001,0.0010835070061844556,0.0010824588131982413,0.0008396501457725948,0.0016666666666666663,0.0016408715251690457,0.0013579881656804738,0.0011176470588235294,0.0009838387034468569,0.0016984107727769015,0.0011857959065754726,0.0010401700552204738,0.000715012349543285,0.0008098018789624762,0.0007133862452200234,0.0009346935938380142,0.0010048603991795666,0.0010615067329855636,0.001109743447144736,0.00108194806862294,0.00121208484485172,0.0010573444500007016
152,0.001,0.0010879055461283707,0.0010868002255506408,0.0008396501457725948,0.0012962962962962963,0.0019143501126972198,0.0010784023668639056,0.0011833910034602076,0.0010345520386760764,0.0016984107727769015,0.0011798597922760598,0.000949541004809413,0.0006528373626264775,0.0007526393933886544,0.00041301308933790827,0.0009799664162982759,0.0010212392432564976,0.0010513971450523676,0.001091932876436528,0.0012069867182576421,0.0009580569245338644,0.0010088651021156754
153,0.001,0.0011011011659601165,0.0010998244626078389,0.0002798833819241983,0.0005555555555555556,0.0009571750563486099,0.0007988165680473374,0.000942329873125721,0.001054837372767764,0.00048526022079340043,0.0011094512957318151,0.000949541004809413,0.0009384537087755616,0.00092412685011012,0.0009386661121316099,0.0009951057313474841,0.0010212392432564976,0.0010499266595348118,0.0010400068934340058,0.0012273937479979006,0.0006708113652129185,0.0009583437753207386
154,0.001,0.0011230938656796928,0.0011215315243698358,0.0005597667638483966,0.0016666666666666663,0.001777610818933133,0.0011582840236686392,0.0013148788927335642,0.0011258360420886712,0.0009705204415868009,0.0010554433105864202,0.0009958870075444887,0.0006825117882004085,0.0008955456073232091,0.0006007463117642302,0.00101923334874197,0.0010048603991795666,0.0010533227808491668,0.0012110717257678705,0.0013757400287891378,0.0011581198693038778,0.001098485987272736
155,0.001,0.001055649586539659,0.0010549632016330455,0.0002798833819241983,0.0005555555555555556,0.0015041322314049588,0.0008786982248520712,0.000942329873125721,0.001054837372767764,0.001091835496785151,0.0010169970210874974,0.0009053518250404443,0.0007507629670204494,0.0008955456073232091,0.0007509328897052878,0.0009411895829242828,0.0010170051662367443,0.0009881023336445328,0.0010495631341985057,0.0012425664368428354,0.0008300745463705068,0.000930436447038763
156,0.001,0.0010292583468761675,0.0010289147275186494,0.0004198250728862974,0.0009259259259259257,0.0015041322314049588,0.0011183431952662725,0.001292964244521338,0.001156264043226203,0.0007278903311901007,0.0009732039771561551,0.0009053518250404443,0.0007507629670204494,0.0008860185263942387,0.0007509328897052878,0.0009567382574046759,0.0010212392432564976,0.000995448192654955,0.0009705874160031761,0.0011645631677238465,0.001098544182413086,0.0009644078962594276
157,0.001,0.001092304086072286,0.0010911416379030402,0.0004198250728862974,0.0014814814814814812,0.0016408715251690457,0.001198224852071006,0.001271049596309112,0.0010649800398136078,0.0009705204415868009,0.000961686364647523,0.000949541004809413,0.000715012349543285,0.0006287873413120404,0.0007884795341905522,0.0008800595513305241,0.0010212392432564976,0.0010028711229730278,0.0010639368137831638,0.0012477870684279824,0.0010257983635629858,0.0010316388197444445
158,0.001,0.001001400927231371,0.0010014191159534534,0.0004198250728862974,0.0009259259259259257,0.0013673929376408715,0.0009985207100591718,0.0010080738177623992,0.0009635533693551691,0.0009705204415868009,0.0009696686129811395,0.000949541004809413,0.0007902768073899467,0.0006954769078148325,0.0005631996672789658,0.0008587919996581553,0.0010048603991795666,0.000980225646002669,0.000986061603953332,0.0011143500232249346,0.0008664014050827623,0.0009443428924595808
159,0.001,0.0010688452063714047,0.0010679874386902437,0.0002798833819241983,0.0007407407407407406,0.0010939143501126972,0.000918639053254438,0.0011176470588235294,0.0009229827011717935,0.0008492053863884508,0.0010500787037650556,0.000949541004809413,0.0008832505494358226,0.0007526393933886544,0.000675839600734759,0.0009786589267333692,0.0010212392432564976,0.000940607140305016,0.0010047059395328778,0.001155633626578994,0.0008099326955616493,0.0009501131976822645
160,0.001,0.0009267606605511565,0.0009276770155862277,0.0005597667638483966,0.0004861111111111111,0.0008204357625845229,0.0007159763313609469,0.0007093425605536333,0.0008824120329884179,0.0007278903311901007,0.0009018100901919937,0.0009053518250404443,0.001027830252468472,0.0007629286407919424,0.0008837902471146847,0.0008808860247098461,0.0010212392432564976,0.0010615067329855636,0.0009247231329896722,0.0009395680632912582,0.0005508587594807486,0.0009079117205287962
161,0.001,0.0010131303670818115,0.0010129962155598516,0.0008396501457725948,0.000625,0.0008204357625845229,0.0011065088757396453,0.0008039215686274511,0.0009838387034468569,0.001213150551983501,0.0011534464982472018,0.0009917632341062436,0.001027830252468472,0.0008421939541209753,0.0009328897052877228,0.0009350010655932041,0.0010048603991795666,0.0010513971450523676,0.0009866556881456946,0.0007888728428437271,0.0008868455900101809,0.0009219911649250919
162,0.001,0.001017243210249938,0.0010170590346062147,0.0008396501457725948,0.0004861111111111111,0.0009571750563486099,0.0008786982248520712,0.0008512110726643599,0.0010345520386760764,0.0014557806623802013,0.0010930140715529417,0.0009958870075444887,0.0009384537087755614,0.0007827449691242006,0.0005400940399034184,0.0009802887807565674,0.0010212392432564976,0.0010499266595348118,0.0009708205859483463,0.0008800413544047422,0.0007009810922976403,0.0008981789702669998
163,0.001,0.0010295817397543174,0.0010292474917453038,0.0002798833819241983,0.00020833333333333335,0.00047858752817430496,0.0006508875739644972,0.0006778162245290273,0.001054837372767764,0.0016984107727769015,0.001134800286398948,0.000949541004809413,0.0013490272063648697,0.0009610919241145249,0.001227486454325951,0.0009954330759530683,0.0010212392432564976,0.0010533227808491668,0.0009246539997668167,0.0008949205820054566,0.0004908122591373242,0.0009285290080117599
164,0.001,0.0010501459555949495,0.001049561586977119,0.0005597667638483966,0.000625,0.0008888054094665664,0.000943786982248521,0.0009457900807381776,0.0011258360420886712,0.0009705204415868009,0.0010360821931078852,0.0009958870075444887,0.000981110695538087,0.0009313674316161375,0.0007855913307686087,0.001019568630238229,0.0010048603991795666,0.0009881023336445328,0.0010767450891966822,0.0010030832153581125,0.0008473610598777496,0.0009532134551604198
165,0.001,0.0009870823603503442,0.000987265028266219,0.0002798833819241983,0.00020833333333333335,0.0007520661157024794,0.0007159763313609469,0.0006778162245290273,0.001054837372767764,0.001091835496785151,0.0010532547137314617,0.0009917632341062436,0.0010792217650918959,0.0009313674316161375,0.0009819891634607607,0.0009414991915649496,0.0010170051662367443,0.000995448192654955,0.0009331503052253826,0.0009059833331021163,0.0006073402814622618,0.0008885725291663582
166,0.001,0.0009624053013415855,0.0009628881139880409,0.0004198250728862974,0.0003472222222222222,0.0007520661157024794,0.000911242603550296,0.0009300269127258747,0.001156264043226203,0.0008492053863884508,0.001035145833049356,0.0010322599019797689,0.0010792217650918959,0.0009214592674500083,0.0009819891634607607,0.000957052980853302,0.0010212392432564976,0.0010028711229730278,0.0008629342189909482,0.0008491093828215634,0.0008037713430230773,0.0008941851566907729
167,0.001,0.0010213560534180644,0.0010211218536525777,0.0004198250728862974,0.0005555555555555556,0.0008204357625845229,0.0009763313609467458,0.0009142637447135717,0.0010649800398136078,0.0007278903311901007,0.000983587793152286,0.0009053518250404443,0.001027830252468472,0.0006539388349645221,0.0010310886216337988,0.0008803490509662369,0.0010212392432564976,0.000980225646002669,0.0009459297208265967,0.000909789813837607,0.0007505454414594096,0.000908157998463508
168,0.001,0.0009363572946101182,0.0009371569266944082,0.0004198250728862974,0.0003472222222222222,0.0006836964688204357,0.0008136094674556215,0.0007251057285659362,0.0009635533693551691,0.0007278903311901007,0.0010042389664895247,0.0009958870075444887,0.0011360229106230483,0.0007232959841274259,0.0007364918725955706,0.0008590745032349623,0.0010048603991795666,0.000940607140305016,0.0008766920795124401,0.0008124978418449288,0.0006339195383391414,0.0008768023287543828
169,0.001,0.0009994208898547235,0.0009994534854053082,0.0002798833819241983,0.0002777777777777778,0.0005469571750563486,0.0007485207100591717,0.0008039215686274511,0.0009229827011717935,0.0014557806623802013,0.0010486412236883232,0.000949541004809413,0.001269672664813995,0.0007827449691242006,0.0008837902471146847,0.0009789808610869571,0.0010212392432564976,0.0009687622523810277,0.0008932684691262612,0.0008425986521196773,0.000592603102262019,0.0009028633294426361
170,0.001,0.0009401725369701314,0.0009409295443803168,0.0005597667638483966,0.0008101851851851852,0.0012892561983471075,0.0007810650887573966,0.000795847750865052,0.0009102776761354206,0.001213150551983501,0.0008733640784282677,0.000949541004809413,0.0008222642019747777,0.0007824909136327614,0.0009877655703046475,0.0009067154468972931,0.0010006209334352284,0.0010513971450523676,0.0009609715599533005,0.001135542344674786,0.0006481403619647996,0.0009373795637729573
171,0.001,0.0010277921668948625,0.0010274675900678496,0.0008396501457725948,0.0010416666666666667,0.0012892561983471075,0.0012071005917159766,0.0009019607843137256,0.001014907294082021,0.0009705204415868009,0.0011204774216699775,0.0010401700552204738,0.0008222642019747777,0.000863788670893308,0.0010426414353215726,0.0009624172540573979,0.000984572770032706,0.0010499266595348118,0.001025331823060119,0.0009534152475075558,0.0010434624335608359,0.0009619382202451591
172,0.001,0.0010319645302246116,0.0010315884493863035,0.0008396501457725948,0.0008101851851851852,0.0015041322314049588,0.0009585798816568048,0.0009550173010380623,0.0010672221030553208,0.0007278903311901007,0.0010018327769064955,0.0009958870075444887,0.0007507629670204492,0.000802815352947898,0.0006036345151861735,0.001009032899829315,0.0010006209334352284,0.0010533227808491668,0.0010088759971834502,0.0010635996071332546,0.0008247742839208699,0.0009293713574400081
173,0.001,0.0010444816202138589,0.0010439510273416654,0.0002798833819241983,0.00034722222222222224,0.0007520661157024794,0.0007100591715976332,0.0007604767397154941,0.0010881480266446409,0.0009705204415868009,0.0011770071467147513,0.000949541004809413,0.0010792217650918959,0.000985735306784128,0.0013718966254231218,0.0010246212574622593,0.0010006209334352284,0.0009881023336445328,0.0009608997167619259,0.0010815823309579442,0.0005774896555949998,0.0009236600537139823
174,0.001,0.0010653434368626043,0.001064555323933935,0.0005597667638483966,0.0010416666666666667,0.0013966942148760332,0.0010295857988165682,0.0010611303344867358,0.0011613887592072608,0.0009705204415868009,0.001013087214723664,0.0009958870075444887,0.0007848885564304697,0.000955248647811423,0.0008780138402707979,0.0010494645167215847,0.000984572770032706,0.000995448192654955,0.0011189526585023235,0.0012123054313720116,0.0009970049393091926,0.0009989165768832212
175,0.001,0.001001367199139785,0.001001368814384308,0.0002798833819241983,0.00034722222222222224,0.001181818181818182,0.0007810650887573966,0.0007604767397154941,0.0010881480266446409,0.001091835496785151,0.0009106715488039651,0.000949541004809413,0.0008633774120735167,0.000955248647811423,0.0010975173003384972,0.0009691059186850458,0.0009964723403139612,0.0010028711229730278,0.0009697290707805292,0.001094952540961517,0.0007145965151462942,0.0008914457553145769
176,0.001,0.0009763330191612902,0.0009766436584735844,0.0004198250728862974,0.0005787037037037037,0.001181818181818182,0.0009940828402366865,0.001043444828911957,0.001192777644591241,0.0013344656071818512,0.0010613562045297402,0.0010322599019797689,0.0008633774120735167,0.0009450864281538546,0.0010975173003384972,0.0009851157776338015,0.0010006209334352284,0.000980225646002669,0.0008967605686253295,0.0010262158720859638,0.000945717282765868,0.0009081406024678955
177,0.001,0.0010361368935543607,0.0010357093087047574,0.0004198250728862974,0.0009259259259259259,0.0012892561983471075,0.0010650887573964499,0.001025759323337178,0.0010986109884393008,0.0007278903311901007,0.0009038548061847962,0.0009917632341062436,0.0008222642019747777,0.0006707064973995097,0.0011523931653554223,0.0009061627279594837,0.0010006209334352284,0.000940607140305016,0.0009830094295251908,0.001099552974105442,0.0008830916922462641,0.0009432221847126683
178,0.001,0.0009499080514062126,0.0009505448827900427,0.0004198250728862974,0.0005787037037037037,0.0010743801652892565,0.0008875739644970416,0.0008135332564398308,0.0009939813704927007,0.0008492053863884508,0.000939952853591876,0.0010401700552204738,0.0009088183284984387,0.000741842035002488,0.0008231379752538729,0.0008842643659550981,0.000984572770032706,0.0009687622523810277,0.0009110577265694746,0.000981967928049708,0.0007458696661608571,0.0008882966969326337
179,0.001,0.0010138842891290322,0.0010137313923396698,0.0002798833819241983,0.0004629629629629629,0.0008595041322314051,0.0008165680473372782,0.0009019607843137256,0.0009521295233140607,0.001091835496785151,0.0010193180894908127,0.0010401700552204738,0.0010157381318511962,0.000802815352947898,0.0009877655703046475,0.0010076866292171467,0.0010006209334352284,0.0009762973489771985,0.0009282838977522876,0.0010183471388928965,0.000697256751555734,0.0009049819546297078
180,0.001,0.0009374901616863363,0.0009382790386214991,0.0009329446064139941,0.0016203703703703703,0.0016408715251690457,0.001171597633136095,0.0010380622837370243,0.0010124517010077635,0.0007278903311901007,0.0009750207248489096,0.000949541004809413,0.000715012349543285,0.0006651172765878471,0.0008318025855197033,0.000768964778672754,0.0010006209334352284,0.0010499266595348118,0.000988522443009148,0.0013715516119485254,0.0009271335713945674,0.0010453789161342017
181,0.001,0.001024859806932252,0.00102457331516625,0.0013994169096209913,0.0020833333333333333,0.0016408715251690457,0.0018106508875739649,0.0011764705882352942,0.0011288254597442882,0.001091835496785151,0.0010908728684338466,0.0010401700552204738,0.000715012349543285,0.0007342203702593119,0.000878013840270798,0.0008162042163167388,0.000984572770032706,0.0010533227808491668,0.001054727903368615,0.0011515715162077886,0.0014926227549085505,0.0010971915641562395
182,0.001,0.0010290202662296768,0.0010286825664302859,0.0013994169096209913,0.0016203703703703703,0.0019143501126972198,0.0014378698224852074,0.001245674740484429,0.0011870123391125506,0.0016984107727769015,0.0011912744209207134,0.0009958870075444887,0.0006528373626264775,0.0006823930500057133,0.000508323802262041,0.000855737886837464,0.0010006209334352284,0.0009881023336445328,0.0010378002919020194,0.0012846564132746826,0.0011797998895299205,0.001037322639843182
183,0.001,0.0010415016441219505,0.001041010320222393,0.00046647230320699706,0.0006944444444444445,0.0009571750563486099,0.0010650887573964499,0.000991926182237601,0.0012102870908598554,0.0015770957175785514,0.0010639214747807974,0.0009958870075444887,0.0009384537087755616,0.0008378750107665089,0.0011552813687773658,0.0008689580189286365,0.0010006209334352284,0.000995448192654955,0.000988448540086303,0.0013063766370643483,0.0008260711386838287,0.0009608522836353922
184,0.001,0.0010623039406090732,0.0010615565765425719,0.0009329446064139941,0.0020833333333333333,0.001777610818933133,0.0015443786982248524,0.001384083044982699,0.0012917487219754227,0.001213150551983501,0.0011892044377392816,0.0009958870075444887,0.0006825117882004085,0.0008119613506397096,0.0007393800760175141,0.0008900270229069277,0.000984572770032706,0.0010028711229730278,0.0011510328314482587,0.0014642690132779116,0.0014261675469147183,0.0011385828539846096
185,0.001,0.0009985102313818965,0.0009985480571606902,0.00046647230320699706,0.0006944444444444445,0.0015041322314049588,0.001171597633136095,0.000991926182237601,0.0012102870908598554,0.0009705204415868009,0.0011673987643771714,0.000949541004809413,0.0007507629670204494,0.0008119613506397096,0.0009242250950218926,0.0008218767208854165,0.0009964723403139612,0.000980225646002669,0.000997531030108262,0.0013225256896897196,0.0010221958977917774,0.0009332316171927412
186,0.001,0.0009735474755973491,0.0009738925495764758,0.0006997084548104956,0.0011574074074074073,0.0015041322314049588,0.00149112426035503,0.0013610149942329874,0.00132666084959638,0.0013344656071818512,0.0011007495825917848,0.0009958870075444887,0.0007507629670204494,0.0008033234639307765,0.0009242250950218926,0.0008354543186700791,0.0010006209334352284,0.000940607140305016,0.000922470534023777,0.0012395029037598497,0.0013528030243978304,0.0009798436840529896
187,0.001,0.0010331807255271014,0.0010327918176943217,0.0006997084548104956,0.0018518518518518517,0.0016408715251690457,0.0015976331360946748,0.0013379469434832757,0.0012219244667335078,0.0009705204415868009,0.0010074222369352932,0.000949541004809413,0.000715012349543285,0.0005701005227895833,0.0009704363497729872,0.000768496030294048,0.0010006209334352284,0.0009687622523810277,0.0010111921343671111,0.0013280822693485953,0.0012632201333969957,0.0010677544247634824
188,0.001,0.0009471979000469936,0.000947867291570916,0.0006997084548104956,0.0011574074074074073,0.0013673929376408715,0.0013313609467455623,0.0010611303344867358,0.0011055507079969834,0.0008492053863884508,0.0010479217442048649,0.0009958870075444887,0.0007902768073899467,0.0006305657297521149,0.0006931688212664194,0.000749924526797973,0.000984572770032706,0.0009762973489771985,0.0009371775889336234,0.0011860585392648247,0.0010669306341087668,0.0009610782043694339
189,0.001,0.0010109916092741703,0.0010108758109527976,0.00046647230320699706,0.0009259259259259259,0.0010939143501126972,0.0012248520710059175,0.0011764705882352942,0.0010590012045023735,0.0014557806623802013,0.0010942554280819715,0.0010444951052903542,0.0008832505494358226,0.0006823930500057133,0.0008318025855197033,0.0008545961453055842,0.0010006209334352284,0.001043309474705811,0.0009548976313687561,0.0012299987459047457,0.0009973922011108313,0.0009600971081154454
190,0.001,0.0010313732966191597,0.0010310467401801217,0.0007463556851311954,0.0008101851851851852,0.000937640871525169,0.0007159763313609469,0.0007612456747404844,0.001049605891870434,0.001213150551983501,0.0009691425231967489,0.0009917632341062436,0.0009673696493820914,0.0008803022778368566,0.0008837902471146847,0.0009818301578015105,0.0010006209334352284,0.0010533227808491668,0.0011734204784097516,0.001194568862528453,0.000810458207219285,0.000999103916315561
191,0.001,0.001127492405623608,0.0011258729367222351,0.0011195335276967932,0.0010416666666666667,0.000937640871525169,0.0011065088757396453,0.0008627450980392157,0.0011702502472578401,0.001091835496785151,0.0012136662808243561,0.0010864221900485332,0.0009673696493820914,0.0009717622547549716,0.0009328897052877228,0.001042146450306484,0.000984572770032706,0.0009881023336445328,0.001252009329394114,0.0010029746341679278,0.0013047832581213577,0.001025613699548335
192,0.001,0.0011320695060523913,0.0011303884698909074,0.0011195335276967932,0.0008101851851851852,0.0010939143501126972,0.0008786982248520712,0.0009134948096885812,0.0012305724249515434,0.001091835496785151,0.0012276216442711125,0.0011394492057712955,0.0008832505494358226,0.0009031672720663854,0.0005400940399034184,0.0010926238597306615,0.0010006209334352284,0.000995448192654955,0.0012319154953229301,0.0011188864764376174,0.00103132766717494,0.000990633481311556
193,0.001,0.001145800807338741,0.0011439350693969235,0.0003731778425655977,0.00034722222222222224,0.0005469571750563486,0.0006508875739644972,0.0007274125336409074,0.0012547012960290244,0.001213150551983501,0.0011535585867269618,0.0010401700552204738,0.0012696726648139952,0.0011089522201321441,0.001227486454325951,0.0011095035982274445,0.0010006209334352284,0.0010028711229730278,0.00117333275232554,0.0011378039585070111,0.0007221140025015516,0.0009936670465816012
194,0.001,0.0011686863094826571,0.0011665127352402838,0.0007463556851311954,0.0010416666666666667,0.0010157776108189332,0.000943786982248521,0.0010149942329873126,0.001339152344800209,0.001213150551983501,0.001158470442625016,0.001090939557516868,0.0009233983016829055,0.001074654728787851,0.0007855913307686087,0.0011364049389318016,0.000984572770032706,0.000980225646002669,0.0013663275986247362,0.001275322163882741,0.0012466911229718856,0.0010665292608775185
195,0.001,0.0010985041029079807,0.001097274559987312,0.0003731778425655977,0.00034722222222222224,0.000859504132231405,0.0007159763313609469,0.0007274125336409074,0.0012547012960290244,0.0009705204415868009,0.0011500787640572852,0.0010864221900485332,0.0010157381318511962,0.001074654728787851,0.0009819891634607607,0.0010493892216404425,0.0009964723403139612,0.000940607140305016,0.001184114075361845,0.00115186916411615,0.0008935573905549611,0.0009561232986273743
196,0.001,0.0010710415003352812,0.0010701813609752797,0.0005597667638483966,0.0005787037037037037,0.000859504132231405,0.000911242603550296,0.000998077662437524,0.0013753456514164308,0.001213150551983501,0.0010854591967322418,0.0009917632341062436,0.0010157381318511962,0.0010632222316730865,0.0009819891634607607,0.0010667253797392439,0.0010006209334352284,0.0009687622523810277,0.0010950138997937373,0.0010795595010395338,0.0011825591777732023,0.000970277794464171
197,0.001,0.0011366466064811744,0.0011349040030595794,0.0005597667638483966,0.0009259259259259259,0.000937640871525169,0.0009763313609467458,0.0009811610918877354,0.0012667657315677651,0.0009705204415868009,0.0010705090679995644,0.0009917632341062436,0.0009673696493820914,0.0007545448095744485,0.0010310886216337988,0.0009812316501618906,0.0010006209334352284,0.0009762973489771985,0.0012003304188635937,0.0011567087319346893,0.0011042498688687158,0.0010042244104738335
198,0.001,0.001042053197619654,0.0010415829842403566,0.0005597667638483966,0.0005787037037037037,0.0007813673929376409,0.0008136094674556215,0.0007781622452902729,0.001146121376180359,0.0014557806623802013,0.0010719121970678316,0.0010401700552204738,0.001069198033527575,0.0008345722893777992,0.0007364918725955706,0.0009575191698066333,0.000984572770032706,0.001043309474705811,0.0011124718336326261,0.0010330115088624998,0.0009326624724056377,0.0009495821741175713
199,0.001,0.0011122354041943304,0.0011108211594933284,0.0003731778425655977,0.0004629629629629629,0.0006250939143501126,0.0007485207100591717,0.0008627450980392157,0.0010978636340253963,0.0008492053863884508,0.0010188740388971022,0.0010401700552204738,0.0011949860374719954,0.0009031672720663854,0.0008837902471146847,0.0010911660604926406,0.0010006209334352284,0.0009732163317023199,0.0011335063188066589,0.001071281743980043,0.0008718751215004459,0.0009702217283453228
200,0.001,0.0010407935009678637,0.001040354652048555,0.0009329446064139941,0.0009722222222222222,0.0010548459804658153,0.0007435138825671371,0.0008548748219010788,0.0009910880412617282,0.0007278903311901007,0.0010912793950046365,0.0012387118823757228,0.0009136268910830864,0.0010576203080868518,0.0011957162166845734,0.0010451699392295165,0.0010362748113006723,0.0008694245622548426,0.0010221664397931703,0.0011395071273742488,0.0006516760367717423,0.0010192364700904544
201,0.001,0.0011377905284249278,0.001136036904718714,0.0013994169096209913,0.00125,0.0010548459804658153,0.0011490669094219393,0.0009688581314878892,0.001105006206923996,0.001091835496785151,0.0011597439317991547,0.0010401700552204738,0.0009136268910830864,0.001167502937498473,0.001262144895389272,0.0011093773535883627,0.001019654823704992,0.0008370738808686158,0.0010906251785796181,0.0009567441275765812,0.001049154632434469,0.0010527622538841156
202,0.001,0.0011424094344943119,0.001140593202464912,0.0013994169096209913,0.0009722222222222222,0.0012306536438767845,0.0009124943104233047,0.0010258497862812945,0.0011619652897551299,0.0008492053863884508,0.0011036610309647782,0.0009917632341062436,0.0008341810744671658,0.0010850909654397571,0.0007307154657516837,0.0011631111592991837,0.0010362748113006723,0.0010028711229730278,0.0010731214420996037,0.0010673131994455918,0.0008292735156123406,0.0010111172046778924
203,0.001,0.001156266152702464,0.0011542620957035062,0.00046647230320699706,0.0004166666666666667,0.0006153268219383923,0.0006759217114246702,0.0008168803853721419,0.0011847489228875832,0.0009705204415868009,0.0011743524938002312,0.0011307840670447822,0.001199135294546551,0.0013323268816159044,0.0016607169676174632,0.0011810798426999836,0.0010362748113006723,0.0010745047746139583,0.0010220900216116016,0.0010853587105301697,0.0005806399232628976,0.001003144926055194
204,0.001,0.001179360683049384,0.0011770435844344965,0.0009329446064139941,0.00125,0.0011427498121713,0.0009800864815657717,0.001139833095868105,0.0012644916388511707,0.001213150551983501,0.001143030782716371,0.0011307840670447822,0.0008720983960338552,0.0012911208955865465,0.0010628588592751765,0.0012097166414433867,0.001019654823704992,0.00099651652484359,0.0011902078093695148,0.0012165382348630566,0.0010024437075963997,0.001092799700995918
205,0.001,0.0011085374566521624,0.0011071803523261263,0.00046647230320699706,0.0004166666666666667,0.0009669421487603307,0.0007435138825671371,0.0008168803853721419,0.0011847489228875832,0.001091835496785151,0.0011431784515733552,0.001090939557516868,0.0009593082356372408,0.0012911208955865465,0.0013285735740939705,0.0011170873702494083,0.0010319783965343477,0.0010615067329855636,0.001031481630831866,0.0010987756030529448,0.0007184947153572373,0.0009666733814968549
206,0.001,0.0010808240202358583,0.0010798425658489381,0.0006997084548104956,0.0006944444444444444,0.0009669421487603307,0.0009462903959945382,0.0011208358776036366,0.001298667088549851,0.001091835496785151,0.0010969107472690103,0.0011394492057712955,0.0009593082356372408,0.0012773855669100938,0.0013285735740939705,0.001135541917772342,0.0010362748113006723,0.0010513971450523676,0.000953866478445207,0.0010297989378823572,0.0009508762714161495,0.0009887435936438045
207,0.001,0.0011470283405636958,0.0011451495002111102,0.0006997084548104956,0.0011111111111111111,0.0010548459804658153,0.0010138825671370051,0.001101838659339168,0.00119614073945381,0.0009705204415868009,0.0010910473477833142,0.0010401700552204738,0.0009136268910830864,0.000906531692645873,0.001395002252798669,0.001044532820692915,0.0010362748113006723,0.0010499266595348118,0.001045607685735995,0.0011033920987574821,0.0008879090516204442,0.0010249882156521833
208,0.001,0.001051570948463093,0.0010509860134563505,0.0006997084548104956,0.0006944444444444444,0.0008790383170548461,0.0008449021392808376,0.0008738720401655471,0.0010822225737915424,0.0014557806623802013,0.0010653720489925288,0.0010864221900485332,0.001009798142776043,0.0010026789933810414,0.0009964301805704778,0.0010192906019089857,0.001019654823704992,0.0010533227808491668,0.000969074082544997,0.0009853965007232124,0.0007499384647462645,0.0009633015667609378
209,0.001,0.0011223941748603145,0.0011208492455647206,0.00046647230320699706,0.0005555555555555556,0.0007032306536438769,0.0007773099681383707,0.0009688581314878892,0.0010366553075266353,0.0019410408831736017,0.001162796468578443,0.0010401700552204738,0.0011285979242791067,0.0010850909654397571,0.0011957162166845734,0.0011615593145845918,0.0010362748113006723,0.0009881023336445328,0.0009873972200893167,0.001021902730753706,0.0007010603615067839,0.0009807652823076469
210,0.001,0.0009642448176708725,0.0009647166224991065,0.0018658892128279882,0.0015555555555555557,0.0012982719759579264,0.0009362767410104689,0.0007836352534093223,0.0008272718360945006,0.0014557806623802013,0.0011242797139006514,0.0010322599019797689,0.0008039916641531159,0.001069776863352218,0.0009357779087096663,0.0009959128399349253,0.0010212392432564976,0.0008370738808686158,0.0009491968837956867,0.0009050687715587425,0.0006863757709818742,0.001047936680889359
211,0.001,0.001054107870205288,0.0010534423848603382,0.0027988338192419825,0.002,0.0012982719759579264,0.0014469731451979973,0.0008881199538638986,0.000922360552886972,0.001091835496785151,0.0010018417392144774,0.000949541004809413,0.0008039916641531159,0.0011809225114927083,0.0009877655703046477,0.0010570942669726531,0.0010048603991795666,0.0010028711229730278,0.0010127685478564122,0.000759906815358938,0.0011050188730027564,0.001106733639674747
212,0.001,0.0010583870631831174,0.001057667421163254,0.0027988338192419825,0.0015555555555555557,0.0015146506386175807,0.001149066909421939,0.0009403623040911866,0.0009699049112832078,0.0009705204415868009,0.0010925079293301302,0.0009053518250404443,0.0007340793455311057,0.0010975632753873405,0.000571864277544796,0.0011082956889016315,0.0010212392432564976,0.0010745047746139583,0.0009965143533585254,0.0008477277790412555,0.0008734297665031937,0.0010419550966035464
213,0.001,0.0010712246421166053,0.0010703425300720014,0.0009329446064139941,0.0006666666666666668,0.0007573253193087903,0.0008511606736458808,0.0007488070199244635,0.000988922654641702,0.0014557806623802013,0.0012015656168775,0.000949541004809413,0.0010552390592009646,0.0013476409837034436,0.0012996915398745365,0.0011254175385108677,0.0010212392432564976,0.00099651652484359,0.0009491259208908343,0.0008620606674954972,0.0006115572040468019,0.0009832475808575667
214,0.001,0.001092620607005752,0.0010914677115865803,0.0018658892128279882,0.002,0.0014064613072877537,0.0012341829767865272,0.0010448470045457629,0.0010554847563964318,0.001213150551983501,0.0010334756230425681,0.0009053518250404443,0.0007674465885097925,0.0013059613656507597,0.0008318025855197033,0.0011527047331504415,0.0010048603991795666,0.0010615067329855636,0.001105242257759344,0.0009662517586168015,0.0010558207358304422,0.0011421194841386606
215,0.001,0.0010270063146790357,0.0010266838216085382,0.0009329446064139941,0.0006666666666666668,0.0011900826446280995,0.0009362767410104689,0.0007488070199244635,0.000988922654641702,0.001091835496785151,0.0010288799101601496,0.0009958870075444887,0.0008441912473607717,0.0013059613656507597,0.001039753231899629,0.0010644409235312103,0.0010170051662367443,0.0010513971450523676,0.0009578470898303131,0.0008727172137706445,0.0007567523376227204,0.0009504562015685554
216,0.001,0.00100133115681206,0.0010013336037910435,0.0013994169096209913,0.0011111111111111111,0.0011900826446280995,0.0011916249431042332,0.0010274328878033337,0.0010840113714341733,0.0007278903311901007,0.000988871835861856,0.0009917632341062436,0.0008441912473607717,0.0012920681596331983,0.001039753231899629,0.001082025739304641,0.0010212392432564976,0.0010499266595348118,0.0008857726625035353,0.0008179315752147753,0.0010015074931015628,0.000996937132474728
217,0.001,0.0010626662561609467,0.0010618924574661698,0.0013994169096209913,0.0017777777777777779,0.0012982719759579264,0.0012767410104688212,0.0010100187710609043,0.000998431526320949,0.0009705204415868009,0.001041822304584335,0.0009917632341062436,0.0008039916641531159,0.0009169515971590439,0.0010917408934946107,0.0009953057477221222,0.0010212392432564976,0.0010533227808491668,0.000970964725836871,0.0008763839272082688,0.0009351874635237367,0.0010652061151197724
218,0.001,0.0009742296012858076,0.0009745750405392435,0.0013994169096209913,0.0011111111111111111,0.001081893313298272,0.001063950842057351,0.0008010493701517516,0.0009033428095284778,0.0009705204415868009,0.0010288799101601496,0.0010401700552204738,0.0008886223656429177,0.001014204039281973,0.0007798149239247219,0.0009712531522045991,0.0010048603991795666,0.0009881023336445328,0.0008998946389836475,0.0007826643458237275,0.0007898703694539474,0.0009711100897860012
219,0.001,0.0010398438936125238,0.0010393589305172856,0.0009329446064139941,0.0008888888888888889,0.0008655146506386176,0.0009788347746927629,0.0008881199538638986,0.0008653073228114892,0.001091835496785151,0.00114409074781328,0.0010401700552204738,0.0009931661733656137,0.0010975632753873405,0.0009357779087096663,0.0011068169800153172,0.0010212392432564976,0.000995448192654955,0.0009169097398335122,0.000811659907127565,0.0007383896583304832,0.0009744961212326783
220,0.001,0.0009736455331634853,0.0009740055033209686,0.0013994169096209913,0.0005833333333333335,0.000405709992486852,0.00046813837050523445,0.0006126602890291065,0.0006552648206689113,0.0009705204415868009,0.0010252930739754018,0.001082643318807635,0.0014356994002734213,0.0008631154238409941,0.0007278272623297404,0.000935319116754697,0.0010212392432564976,0.0010028711229730278,0.0009858475466034049,0.0009518921367331257,0.0004145763435518765,0.0009957347063240403
221,0.001,0.001064384687881384,0.0010635855715096123,0.002099125364431487,0.0007500000000000001,0.000405709992486852,0.0007234865725989987,0.0006943483275663208,0.0007305826161480965,0.0006065752759917505,0.0010413076628486377,0.0010401700552204738,0.0014356994002734213,0.0009527897535907077,0.0007682621102369482,0.0009927781191935638,0.0010048603991795666,0.0010745047746139583,0.001051873858022746,0.0007992202857074668,0.0006674400573172271,0.0010148377303533826
222,0.001,0.0010687056000108078,0.0010678512890424051,0.002099125364431487,0.0005833333333333335,0.000473328324567994,0.0005745334547109695,0.0007351923468349278,0.0007682415138876891,0.0008492053863884508,0.0010864158301897321,0.000949541004809413,0.001310855974162689,0.0008855340062784225,0.00044478332697928574,0.0010408643239444993,0.0010212392432564976,0.00099651652484359,0.0010349920518966259,0.0008915846312649333,0.000527558422448781,0.0009816115428301034
223,0.001,0.0010816683363990792,0.0010806484416407826,0.0006997084548104956,0.00025000000000000006,0.000236664162283997,0.0004255803368229404,0.0005854309428500351,0.0007833050729835261,0.001213150551983501,0.0012405454019057043,0.0010401700552204738,0.0018843554628588653,0.0010873012482152783,0.0010108711976801951,0.0010569444392031439,0.0010212392432564976,0.0010615067329855636,0.0009857738436584809,0.0009066590258800172,0.0003693853429060324,0.0010288340717710997
224,0.001,0.001103272897046198,0.0011019770293047456,0.0013994169096209913,0.0007500000000000001,0.00043951915852742305,0.0006170914883932636,0.0008168803853721419,0.0008360275298189559,0.0008492053863884508,0.0011675602697846657,0.000949541004809413,0.0013704403366246295,0.0010536733745591356,0.0006469575665153248,0.0010825714155464424,0.0010048603991795666,0.0010513971450523676,0.0011479181893827121,0.0010162404007684747,0.0006377239969888093,0.0010455066206581747
225,0.001,0.0010370189110617003,0.001036569360468593,0.0006997084548104956,0.00025000000000000006,0.0003719008264462811,0.00046813837050523445,0.0005854309428500351,0.0007833050729835261,0.0009705204415868009,0.0010293623861117132,0.0010444951052903542,0.0015074843702870926,0.0010536733745591356,0.0008086969581441559,0.0009996777875660478,0.0010170051662367443,0.0010499266595348118,0.0009948317568788845,0.0009178668842470397,0.00045708434121612894,0.0009736820464140525
226,0.001,0.0010110934382851578,0.0010109750552718376,0.0010495626822157435,0.00041666666666666675,0.0003719008264462811,0.0005958124715521166,0.0008032657122826063,0.0008586228684627114,0.002062355938371952,0.0011614273760393015,0.001090939557516868,0.0015074843702870926,0.0010424640833404215,0.0008086969581441559,0.0010161927010182874,0.0010212392432564976,0.0010533227808491668,0.0009199743710551826,0.0008602469329394496,0.000604918372826445,0.0009822596857990609
227,0.001,0.0010730265121402316,0.0010721170065751977,0.0010495626822157435,0.0006666666666666668,0.000405709992486852,0.0006383705052344106,0.0007896510391930706,0.0007908368525314447,0.001213150551983501,0.0011083209390266664,0.0009958870075444887,0.0014356994002734213,0.0007398132204351378,0.0008491318060513638,0.0009347489614865866,0.0010212392432564976,0.0009881023336445328,0.0010084558948159883,0.0009217232936146031,0.0005648605553319614,0.0009967737282693715
228,0.001,0.0009837276614654742,0.000983958844230818,0.0010495626822157435,0.00041666666666666675,0.00033809166040571004,0.0005319754210286755,0.0006262749621186421,0.0007155190570522595,0.0014557806623802013,0.00108881816782539,0.001090939557516868,0.0015868256529337815,0.0008182782589661372,0.000606522718608117,0.0009121597835053312,0.0010048603991795666,0.000995448192654955,0.0009346416293487805,0.0008231551677646495,0.0004770878919279843,0.0009658562135700545
229,0.001,0.0010499816474499716,0.0010493665130669706,0.0006997084548104956,0.0003333333333333334,0.000270473328324568,0.0004894173873463814,0.0006943483275663208,0.0006853919388605853,0.0015770957175785514,0.00113434049406075,0.0010444951052903542,0.0017735110238671673,0.0008855340062784225,0.0007278272623297404,0.001039475583249505,0.0010212392432564976,0.0010028711229730278,0.0009523137221615708,0.000853650802651876,0.00044599313904869036,0.0009982957872642344
230,0.001,0.0009629018583147849,0.0009633896395245548,0.0018658892128279882,0.0009722222222222222,0.000811419984973704,0.0006058261265361859,0.0006269082027274578,0.0007535545437692479,0.0013344656071818512,0.0010064360181605318,0.0012344033062522367,0.001057883768622521,0.0009846809764946552,0.0010917408934946107,0.0010596670520971495,0.0010212392432564976,0.0010745047746139583,0.001045649708228258,0.0009024409523984081,0.0006412938692330743,0.0010097227816393442
231,0.001,0.0010526397533944171,0.001051993358196156,0.0027988338192419825,0.00125,0.000811419984973704,0.000936276741010469,0.0007104959630911188,0.000840170008570311,0.0008492053863884508,0.0009583483787374893,0.0010401700552204738,0.001057883768622521,0.001086985493533061,0.0011523931653554225,0.001124765060509615,0.0010048603991795666,0.00099651652484359,0.0011156812191945233,0.0007577004662369483,0.0010324400402854875,0.0010461278449519044
232,0.001,0.0010569129864934474,0.001056212582894804,0.0027988338192419825,0.0009722222222222222,0.000946656649135988,0.0007435138825671372,0.0007522898432729493,0.0008834777409708425,0.0009705204415868009,0.0010240426482460278,0.000949541004809413,0.0009658938756988235,0.0010102571057542568,0.0006671749904689287,0.001179244185251302,0.0010212392432564976,0.0010615067329855636,0.0010977753515875465,0.0008452664464105032,0.0008160619563579634,0.0010011169699735928
233,0.001,0.0010697326857905377,0.001068870256990747,0.0009329446064139941,0.0004166666666666667,0.000473328324567994,0.0005507510241238053,0.0005990456159395708,0.000900800833931055,0.0008492053863884508,0.001070306912880536,0.001082643318807635,0.001388472446317059,0.0012404422690906697,0.0015163067965202927,0.0011974621047060362,0.0010212392432564976,0.0010513971450523676,0.0010455715344141413,0.0008595577200835409,0.0005713894665592606,0.000999243568659085
234,0.001,0.0010910988512856882,0.0010899663804839854,0.0018658892128279882,0.00125,0.0008790383170548461,0.0007985889849795177,0.0008358776036366104,0.0009614316592917991,0.001091835496785151,0.0010302578134294446,0.000949541004809413,0.001009798142776043,0.0012020780752012676,0.0009704363497729872,0.0012264961124467213,0.0010048603991795666,0.0010499266595348118,0.0012175516629660166,0.000963446297899571,0.0009864732898840867,0.0010802328512286362
235,0.001,0.0010255759437672264,0.0010252716017713876,0.0009329446064139941,0.0004166666666666667,0.0007438016528925622,0.0006058261265361859,0.0005990456159395708,0.000900800833931055,0.0007278903311901007,0.0009168140122860852,0.0010444951052903542,0.0011107779570536473,0.0012020780752012676,0.001213045437216234,0.0011325820195706962,0.0010170051662367443,0.0010533227808491668,0.0010551789066175865,0.0008701833256419551,0.0007070480269882137,0.0009575496062623421
236,0.001,0.0009999365451730457,0.0009999562535795016,0.0013994169096209913,0.0006944444444444444,0.0007438016528925622,0.0007710514337733274,0.0008219463102426669,0.0009874162987321181,0.0007278903311901007,0.0009676293497082083,0.001090939557516868,0.0011107779570536473,0.0011892900105714666,0.001213045437216234,0.0011512925423645588,0.0010212392432564976,0.0009881023336445328,0.000975780622455935,0.0008155567542810132,0.0009357273995820846,0.0009806568824977473
237,0.001,0.0010611862195924774,0.0010604318075934517,0.0013994169096209913,0.0011111111111111111,0.000811419984973704,0.000826126536185708,0.0008080150168487233,0.0009094623804111613,0.0013344656071818512,0.0010345176505001427,0.000949541004809413,0.001057883768622521,0.0008440122655668474,0.0012736977090770458,0.0010590210963571532,0.0010212392432564976,0.000995448192654955,0.0010696294937371437,0.0008738393929716484,0.0008737633411556413,0.0010170820783026405
238,0.001,0.0009728727355458552,0.0009732344971547329,0.0013994169096209913,0.0006944444444444444,0.0006761833208114201,0.0006884387801547566,0.0006408394961214013,0.0008228469156100984,0.0008492053863884508,0.0009088101431143946,0.0010401700552204738,0.001169239954793313,0.0009335287179754524,0.0009097840779121755,0.0010334287533675757,0.0010048603991795666,0.0010028711229730278,0.0009913376062999886,0.0007803919214194205,0.0007379908307297411,0.0009588941773729922
239,0.001,0.0010383956430643168,0.0010379292758673307,0.0009329446064139941,0.0005555555555555556,0.000540946656649136,0.0006333636777423761,0.0007104959630911188,0.0007882007296896731,0.0008492053863884508,0.0010359565272865755,0.0010444951052903542,0.0013067975965337026,0.0010102571057542568,0.0010917408934946107,0.001177670815551025,0.0010212392432564976,0.000980225646002669,0.0010100816999046671,0.0008093032956493545,0.0006898914282988992,0.0009777953427397808
240,0.001,0.0009655877770269601,0.0009660436054736583,0.0018658892128279882,0.0015555555555555557,0.0009737039819684447,0.0007985889849795177,0.0008548748219010788,0.0008682258873863074,0.001213150551983501,0.001047531819821429,0.001082643318807635,0.0009571329335156143,0.0009846809764946552,0.0009357779087096663,0.0009210063836415372,0.0010212392432564976,0.00099651652484359,0.0010036749818100636,0.0010208892715263176,0.0006008876620681503,0.0010789745681140505
241,0.001,0.001055575987016159,0.0010548914115245203,0.0027988338192419825,0.002,0.0009737039819684447,0.0012341829767865272,0.0009688581314878892,0.0009680219663962279,0.0014557806623802013,0.001110974159875007,0.000949541004809413,0.0009571329335156143,0.001086985493533061,0.0009877655703046477,0.0009775861189381804,0.0010048603991795666,0.0010615067329855636,0.0010708952707290885,0.0008571511243544424,0.0009673887616836392,0.001135914465454066
242,0.001,0.0010598611398727874,0.0010591222594317042,0.0027988338192419825,0.0015555555555555557,0.0011359879789631855,0.0009800864815657717,0.0010258497862812945,0.0010179200059011882,0.0014557806623802013,0.0011626512914171831,0.000949541004809413,0.000873903982775126,0.0010102571057542568,0.000571864277544796,0.0010249364839070606,0.0010212392432564976,0.0010513971450523676,0.001053708184840472,0.000956210425101249,0.0007646440806382926,0.0010706793533909196
243,0.001,0.001072716598442673,0.0010718148031532559,0.0009329446064139941,0.0006666666666666668,0.0005679939894815927,0.0007259899863450161,0.0008168803853721419,0.0010378792217031721,0.001213150551983501,0.0011004069367990187,0.000949541004809413,0.001256236975239244,0.0012404422690906697,0.0012996915398745365,0.0010407705329899977,0.0010212392432564976,0.0010499266595348118,0.0010035999460683194,0.0009723774750677598,0.0005353877483684107,0.0010185905733192259
244,0.001,0.0010941423627258155,0.0010929690426891754,0.0018658892128279882,0.002,0.0010548459804658153,0.0010526854802002732,0.001139833095868105,0.0011077364770101165,0.0007278903311901007,0.0009918419231517645,0.0009958870075444887,0.0009136268910830865,0.0012020780752012676,0.0008318025855197033,0.001066005352189998,0.0010048603991795666,0.0010533227808491668,0.0011686764062229047,0.0010899017676484998,0.0009243182529719314,0.0011724092244697597
245,0.001,0.001028436685590845,0.001028096041445689,0.0009329446064139941,0.0006666666666666668,0.0008925619834710744,0.0007985889849795177,0.0008168803853721419,0.0010378792217031721,0.0009705204415868009,0.0010779013499467955,0.0010444951052903542,0.0010049895801913951,0.0012020780752012676,0.001039753231899629,0.0009843802050444458,0.0010170051662367443,0.0009881023336445328,0.0010128216567862171,0.000984397726020718,0.0006624988266532683,0.000980655678559942
246,0.001,0.001002725768451074,0.0010027109540025855,0.0013994169096209913,0.0011111111111111111,0.0008925619834710744,0.0010163859808830224,0.0011208358776036366,0.0011376753007130925,0.0009705204415868009,0.0010990695975119605,0.0010401700552204738,0.0010049895801913951,0.0011892900105714666,0.001039753231899629,0.001000642398815889,0.0010212392432564976,0.000995448192654955,0.0009366105979731065,0.0009226012389547897,0.0008767697251501966,0.0010260919044343317
247,0.001,0.001064146292729416,0.0010633531073388882,0.0013994169096209913,0.0017777777777777779,0.0009737039819684447,0.001088984979517524,0.001101838659339168,0.0010478588296041643,0.0007278903311901007,0.001067236339301623,0.000949541004809413,0.0009571329335156143,0.0008440122655668474,0.0010917408934946107,0.0009204449531819327,0.0010212392432564976,0.0010028711229730278,0.001026692164902115,0.000988533664114997,0.0008187098558976691,0.0010971468423544007
248,0.001,0.0009755864670257599,0.0009759155839237541,0.0013994169096209913,0.0011111111111111111,0.000811419984973704,0.0009074874829312701,0.0008738720401655471,0.0009480627505942438,0.0015770957175785514,0.0009890370747026554,0.0010401700552204738,0.0010578837686225212,0.0009335287179754524,0.0007798149239247219,0.0008982014463944973,0.0010048603991795666,0.000980225646002669,0.0009515430895654933,0.0008828209070582742,0.0006914920072996318,0.0010030782639285094
249,0.001,0.0010412921441607305,0.0010407885851672406,0.0009329446064139941,0.0008888888888888889,0.0006491359879789632,0.0008348884842967685,0.0009688581314878892,0.0009081443189902757,0.0007278903311901007,0.0010374211043799604,0.0010444951052903542,0.001182340682578112,0.0010102571057542568,0.0009357779087096663,0.0010235689944348575,0.0010212392432564976,0.000940607140305016,0.0009695347531787298,0.0009155269934764266,0.0006464232192444644,0.0010091149964601724
250,0.001,0.0009924469641487113,0.0009925832649646928,0.0013994169096209913,0.0015555555555555557,0.0011359879789631855,0.0007435138825671371,0.000812131080806025,0.0007781269745443321,0.0007278903311901007,0.0009505913006428577,0.001082643318807635,0.0008739039827751259,0.0009117416449024586,0.000675839600734759,0.000924400625404657,0.0010212392432564976,0.0010615067329855636,0.0009988648341858982,0.0011364643893991247,0.000622121952294601,0.0010702267091377599
251,0.001,0.0010849383232335763,0.0010838719448081609,0.002099125364431487,0.002,0.0011359879789631855,0.0011490669094219393,0.0009204152249134949,0.0008675668566758646,0.001091835496785151,0.001018221708950663,0.000949541004809413,0.0008739039827751259,0.001006468049567649,0.0007133862452200234,0.0009811888774976017,0.0010048603991795666,0.0010513971450523676,0.0010657629675078428,0.000954189407540593,0.001001574542194918,0.0011248981648183084
252,0.001,0.0010893426736661891,0.001088219024800707,0.002099125364431487,0.0015555555555555557,0.001325319308790383,0.0009124943104233047,0.0009745572969672299,0.0009122867977416309,0.0008492053863884508,0.0010540046281829877,0.0009053518250404443,0.000797912332099028,0.0009354232460687562,0.00041301308933790827,0.0010287137456937462,0.0010212392432564976,0.0010499266595348118,0.001048658251332382,0.0010644632353468259,0.0007916652284387438,0.0010621256770568966
253,0.001,0.001102555724964027,0.0011012602647783453,0.0006997084548104956,0.0006666666666666668,0.0006626596543951915,0.0006759217114246702,0.000776036366103535,0.0009301747741679373,0.0013344656071818512,0.0010297713974217403,0.0009053518250404443,0.001146998977392353,0.001148557656565435,0.0009386661121316099,0.0010446061489766446,0.0010212392432564976,0.0010533227808491668,0.0009987901580555834,0.0010824605608952729,0.0005543073893432513,0.0010041112351706666
254,0.001,0.00112457747712709,0.0011229956647410757,0.0013994169096209913,0.002,0.0012306536438767843,0.0009800864815657717,0.0010828414410747,0.00099278269166001,0.0008492053863884508,0.0010085178936881333,0.000949541004809413,0.0008341810744671658,0.0011130352548159885,0.0006007463117642302,0.001069933967615883,0.0010048603991795666,0.0009881023336445328,0.0011630754834733178,0.001213289806664158,0.0009569819990998821,0.0011633576334410705
255,0.001,0.00105704410382703,0.0010563404381887021,0.0006997084548104956,0.0006666666666666668,0.0010413223140495868,0.0007435138825671371,0.000776036366103535,0.0009301747741679373,0.0008492053863884508,0.0008990798975062099,0.000949541004809413,0.0009175991819138823,0.0011130352548159885,0.0007509328897052878,0.0009880080022694113,0.0010170051662367443,0.000995448192654955,0.0010079676734007714,0.0010958416273249886,0.0006859103447254151,0.0009695808422212101
256,0.001,0.001030618001231354,0.0010302579582334257,0.0010495626822157435,0.0011111111111111111,0.0010413223140495868,0.0009462903959945382,0.001064794083723455,0.00101961465629947,0.0007278903311901007,0.0009239365448983385,0.0009917632341062436,0.0009175991819138823,0.0011011944542328395,0.0007509328897052878,0.0010043301281089049,0.0010212392432564976,0.0010028711229730278,0.0009321218587654363,0.0010270491452222118,0.0009077531917461427,0.001014553782747719
257,0.001,0.0010937470240988017,0.0010925661047932532,0.0010495626822157435,0.0017777777777777779,0.0011359879789631855,0.0010138825671370051,0.0010467467263722099,0.0009391187623810905,0.0006065752759917505,0.0009510105866886715,0.000949541004809413,0.0008739039827751259,0.0007814928384878216,0.0007884795341905522,0.0009238371258706716,0.0010212392432564976,0.000980225646002669,0.0010217717066190494,0.001100445795957185,0.0008476415910435557,0.0010889732453056712
258,0.001,0.0010027237818248074,0.0010027264516139672,0.0010495626822157435,0.0011111111111111111,0.000946656649135988,0.0008449021392808376,0.0008301784381572699,0.0008496788802495581,0.0007278903311901007,0.0009159919731295374,0.0009917632341062436,0.0009658938756988236,0.0008643784425698633,0.0005631996672789658,0.0009015116437125579,0.0010048603991795666,0.000940607140305016,0.0009469827858670688,0.0009827652724655937,0.0007159280922772029,0.0009921420937283355
259,0.001,0.0010702571551248676,0.0010693816781663405,0.0006997084548104956,0.0008888888888888889,0.0007573253193087903,0.0007773099681383707,0.0009204152249134949,0.0008139029273969452,0.001213150551983501,0.0010085178936881333,0.000949541004809413,0.00107952844931045,0.0009354232460687562,0.000675839600734759,0.0010273412165280518,0.0010212392432564976,0.0009687622523810277,0.0009648882238001275,0.0010191740227263044,0.000669266654237471,0.0009964801703369996
260,0.001,0.0009279849150565081,0.0009288880821862098,0.0013994169096209913,0.0005833333333333335,0.0005679939894815927,0.0006058261265361859,0.0005841644616324039,0.0007781269745443321,0.001091835496785151,0.0009281677720076041,0.001082643318807635,0.0012562369752392437,0.0009482113106985569,0.0008837902471146847,0.0009247047112405562,0.0010212392432564976,0.0010513971450523676,0.0008880752329503829,0.0008286219271106146,0.00045518769761409433,0.0009546806104135775
261,0.001,0.0010144687163117744,0.0010143186649274232,0.002099125364431487,0.0007500000000000001,0.0005679939894815927,0.000936276741010469,0.0006620530565167245,0.0008675668566758646,0.0013344656071818512,0.0010193920791174112,0.000949541004809413,0.0012562369752392437,0.0010467267715503548,0.0009328897052877228,0.0009815116440901257,0.0010048603991795666,0.0010499266595348118,0.0009475533257818849,0.0006957211093282592,0.0007328216086396921,0.0009753595623579446
262,0.001,0.0010185869925620251,0.0010183867879151002,0.002099125364431487,0.0005833333333333335,0.0006626596543951915,0.0007435138825671372,0.0007009973539588846,0.0009122867977416309,0.001213150551983501,0.001004961129448884,0.0009958870075444887,0.0011469989773923528,0.0009728401759115064,0.0005400940399034184,0.0010290521458101711,0.0010212392432564976,0.0010533227808491668,0.0009323457879026953,0.0007761242548724651,0.0005792373525561175,0.0009429459214024851
263,0.001,0.0010309418213127774,0.0010305911568781305,0.0006997084548104956,0.00025000000000000006,0.00033132982719759574,0.0005507510241238053,0.0005582015966709638,0.0009301747741679373,0.0009705204415868009,0.0010840851971982953,0.000949541004809413,0.0016488110300015074,0.0011944999628280522,0.001227486454325951,0.001044949776972199,0.0010212392432564976,0.0009881023336445328,0.0008880088395610519,0.0007892465125673815,0.00040556984590402726,0.0009823571599108473
264,0.001,0.0010515332025640312,0.0010509317718165147,0.0013994169096209913,0.0007500000000000001,0.0006153268219383922,0.0007985889849795177,0.0007788859488432052,0.00099278269166001,0.001091835496785151,0.0010189533478385932,0.0009958870075444887,0.001199135294546551,0.001157556665008628,0.0007855913307686087,0.0010702859273138297,0.0010048603991795666,0.000995448192654955,0.0010340723745333232,0.0008846370789262268,0.0007001946020739848,0.001004386196664142
265,0.001,0.000988386300060186,0.00098855388600547,0.0006997084548104956,0.00025000000000000006,0.0005206611570247934,0.0006058261265361859,0.0005582015966709638,0.0009301747741679373,0.0008492053863884508,0.0009583483787374893,0.001090939557516868,0.001319048824001206,0.001157556665008628,0.0009819891634607607,0.0009883330120443816,0.0010170051662367443,0.0010028711229730278,0.0008961684261228577,0.0007990029511810442,0.0005018597228946569,0.0009332531957807417
266,0.001,0.0009636766425586814,0.000964145148079409,0.0010495626822157435,0.00041666666666666675,0.0005206611570247934,0.0007710514337733274,0.0007659045163624851,0.00101961465629947,0.0009705204415868009,0.0010114658001347248,0.0011859763348863975,0.001319048824001206,0.001145242232402153,0.0009819891634607607,0.0010046605071222152,0.0010212392432564976,0.000980225646002669,0.0008287350886027874,0.0007488447943373755,0.000664175382059345,0.0009433473813253608
267,0.001,0.0010227052688122759,0.001022454910902777,0.0010495626822157435,0.0006666666666666668,0.0005679939894815927,0.000826126536185708,0.000752923083881765,0.0009391187623810905,0.001091835496785151,0.0010010975946126435,0.000949541004809413,0.0012562369752392437,0.0008127525520273344,0.0010310886216337988,0.0009241410263408082,0.0010212392432564976,0.000940607140305016,0.0009084413779742145,0.0008023599548147172,0.0006201935533796342,0.0009547058567291183
268,0.001,0.0009375942263070932,0.0009383803691574557,0.0010495626822157435,0.00041666666666666675,0.000473328324567994,0.0006884387801547566,0.0005971458941131239,0.0008496788802495581,0.0007278903311901007,0.0009763753197242215,0.001090939557516868,0.001388472446317059,0.0008989535802726578,0.0007364918725955706,0.0009018082001126913,0.0010048603991795666,0.0009687622523810277,0.0008419477084147535,0.0007165564196854329,0.0005238227951592877,0.0009238671211823715
269,0.001,0.0010007411288109383,0.0010007582549685006,0.0006997084548104956,0.0003333333333333334,0.00037866265965439517,0.0006333636777423761,0.0006620530565167245,0.0008139029273969452,0.0007278903311901007,0.0010365734435403215,0.0009958870075444887,0.0015518221458837717,0.0009728401759115064,0.0008837902471146847,0.001027679165144697,0.0010212392432564976,0.0009762973489771985,0.0008578671555904466,0.0007431028641549075,0.0004896820411313533,0.0009530556461306807
270,0.001,0.0009414145086173839,0.0009421579119317271,0.0013994169096209913,0.0009722222222222222,0.0008925619834710745,0.0006609012289485664,0.0006554040301241604,0.0008026994053194164,0.0009705204415868009,0.0009529968497459689,0.0011354858921777458,0.001004989580191395,0.0009725244212292891,0.0009877655703046475,0.000951818989041956,0.0010006209334352284,0.0010499266595348118,0.0009228870907609832,0.0010014551608577237,0.0005355738000274704,0.0009847867042604781
271,0.001,0.0010291498844204833,0.0010288089315692436,0.002099125364431487,0.00125,0.0008925619834710745,0.001021392808375057,0.0007427912341407151,0.0008949637047814184,0.0008492053863884508,0.0010498606415253948,0.0009958870075444887,0.001004989580191395,0.0010735659195388256,0.0010426414353215726,0.0010102916200756108,0.000984572770032706,0.0010533227808491668,0.000984696678530833,0.0008408340072340824,0.0008622378323021947,0.0010187913406432866
272,0.001,0.001033327759458726,0.0010329351705996017,0.002099125364431487,0.0009722222222222222,0.001041322314049587,0.0008111060537096042,0.0007864848361489924,0.0009410958545124193,0.0013344656071818512,0.000976570256042284,0.0009958870075444887,0.0009175991819138821,0.0009977847958066732,0.0006036345151861735,0.0010592261088217699,0.0010006209334352284,0.0009881023336445328,0.0009688930170050681,0.0009380075702548096,0.00068153061177268,0.0009754565648135168
273,0.001,0.0010458613845734546,0.0010453138876906753,0.0006997084548104956,0.0004166666666666667,0.0005206611570247935,0.0006008192990441513,0.0006262749621186421,0.0009595487144048197,0.0016984107727769015,0.0011920866451840483,0.000949541004809413,0.0013190488240012058,0.0012251281670031305,0.0013718966254231218,0.001075589891807695,0.0010006209334352284,0.000995448192654955,0.0009228180948024743,0.000953866856933962,0.00047719344060903667,0.0009713298876583339
274,0.001,0.0010667507597646687,0.0010659450828424649,0.0013994169096209913,0.00125,0.0009669421487603307,0.0008711879836140193,0.0008738720401655471,0.001024133724028221,0.0008492053863884508,0.0010563106795676957,0.0009958870075444887,0.0009593082356372406,0.0011872376051370542,0.0008780138402707979,0.0011016689511130528,0.000984572770032706,0.0010028711229730278,0.0010746072066426823,0.0010691539038388338,0.0008238488996014441,0.0010534459866688353
275,0.001,0.0010026900091782787,0.0010026760843769768,0.0006997084548104956,0.0004166666666666667,0.0008181818181818184,0.0006609012289485664,0.0006262749621186421,0.0009595487144048197,0.001091835496785151,0.0008784893781620166,0.0010444951052903542,0.0010552390592009648,0.0011872376051370542,0.0010975173003384972,0.001017313004817333,0.0009964723403139612,0.000980225646002669,0.0009312975308056829,0.0009656582849442176,0.0005904881003600791,0.000931601121681032
276,0.001,0.0009776227589488218,0.0009779186501948291,0.0010495626822157435,0.0006944444444444444,0.0008181818181818184,0.0008411470186618117,0.0008593075061627881,0.0010518130138668215,0.0009705204415868009,0.001099500858897014,0.0011859763348863975,0.0010552390592009648,0.001174607417848362,0.0010975173003384972,0.001034119256228902,0.0010006209334352284,0.000940607140305016,0.000861220858948223,0.0009050381838018812,0.0007814686888919251,0.0009554072045596922
277,0.001,0.0010375056344969688,0.0010370614096299594,0.0010495626822157435,0.0011111111111111111,0.0008925619834710745,0.0009012289485662269,0.0008447429721600289,0.0009687751443510198,0.0009705204415868009,0.000975319044438092,0.0010401700552204738,0.001004989580191395,0.0008335923610536763,0.0011523931653554223,0.0009512387757209959,0.0010006209334352284,0.0009687622523810277,0.0009440515728157488,0.0009697154894472203,0.0007297196736140119,0.0009916584747666937
278,0.001,0.0009511628837066172,0.0009517858030025624,0.0010495626822157435,0.0006944444444444444,0.0007438016528925622,0.0007510241238051891,0.0006699685641269195,0.000876510844889018,0.0006065752759917505,0.0009688812246150092,0.0011394492057712955,0.0011107779570536471,0.0009220036720745208,0.0008231379752538729,0.0009282511042789651,0.000984572770032706,0.0009762973489771985,0.0008749514031714709,0.0008660151283251232,0.0006163298490160779,0.0009330806082318172
279,0.001,0.0010152236342930072,0.0010150548014680506,0.0006997084548104956,0.0005555555555555556,0.0005950413223140497,0.0006909421939007739,0.0007427912341407151,0.0008396051251042171,0.0009705204415868009,0.0010682370299474413,0.001090939557516868,0.0012414577167070171,0.0009977847958066732,0.0009877655703046475,0.001057812869489148,0.0010006209334352284,0.001043309474705811,0.0008914948802839774,0.000898098606865306,0.0005761598412008715,0.0009507790183735747
280,0.001,0.0009387285899052088,0.0009395039459826237,0.0023323615160349854,0.0019444444444444444,0.0011359879789631855,0.0009913518434228495,0.0008548748219010788,0.0008927983181613916,0.0006065752759917505,0.0009789119673159344,0.0010322599019797689,0.0008739039827751259,0.0008266457580448956,0.0008318025855197033,0.0008072160684476339,0.0010006209334352284,0.0010533227808491668,0.0009493460988845354,0.0012095959667289716,0.0007661125260885943,0.0011063826566179605
281,0.001,0.0010262136507987415,0.0010259108782408796,0.0034985422740524785,0.0025,0.0011359879789631855,0.0015320892125625857,0.0009688581314878892,0.0009954188145017816,0.0007278903311901007,0.00094045135492848,0.0009053518250404443,0.0008739039827751259,0.0009125310316080017,0.000878013840270798,0.0008568053788923485,0.000984572770032706,0.0009881023336445328,0.0010129277565005107,0.001015591574731921,0.0012333896911318413,0.0011740096123166327
282,0.001,0.001030379606079386,0.0010300254940627015,0.0034985422740524785,0.0019444444444444444,0.001325319308790383,0.0012166590805644062,0.0010258497862812945,0.0010467290626719765,0.001213150551983501,0.0010684488206569765,0.0009053518250404443,0.000797912332099028,0.0008481170764356721,0.000508323802262041,0.0008983056074777525,0.0010006209334352284,0.000995448192654955,0.0009966710068203244,0.0011329615324661088,0.0009748967155695297,0.0010973723697410623
283,0.001,0.0010428774719213193,0.0010423693415281664,0.0011661807580174927,0.0008333333333333334,0.0006626596543951915,0.0009012289485662269,0.0008168803853721419,0.0010672531619400545,0.0008492053863884508,0.0009914525838146233,0.0009053518250404443,0.001146998977392353,0.0010413589419526609,0.0011552813687773658,0.0009121833602005936,0.0010006209334352284,0.0010028711229730278,0.0009492751248242143,0.001152116987400178,0.0006826022337148408,0.0010080431009892024
284,0.001,0.0010637072483245412,0.0010629424206372749,0.0023323615160349854,0.0025,0.0012306536438767843,0.001306781975421029,0.001139833095868105,0.0011390875093783273,0.0018197258279752516,0.0011408669742776904,0.0009053518250404443,0.0008341810744671658,0.001009151964366496,0.0007393800760175141,0.0009343004181324517,0.000984572770032706,0.000980225646002669,0.001105416003401061,0.0012913651059407929,0.0011784761718302836,0.0012123880360785583
285,0.001,0.0009998292673546602,0.0009998516447026755,0.0011661807580174927,0.0008333333333333334,0.0010413223140495868,0.0009913518434228495,0.0008168803853721419,0.0010672531619400545,0.0007278903311901007,0.0010361619180021288,0.000949541004809413,0.0009175991819138823,0.001009151964366496,0.0009242250950218926,0.0008627600558335767,0.0009964723403139612,0.000940607140305016,0.0009579976647437504,0.0011663591265599228,0.0008446647878759424,0.0009738479899096557
286,0.001,0.0009748335356707937,0.0009751639497717452,0.0017492711370262393,0.0013888888888888887,0.0010413223140495868,0.0012617205279927175,0.0011208358776036366,0.0011698736582804444,0.001091835496785151,0.0010491959136100482,0.0010401700552204738,0.0009175991819138823,0.0009984163051711078,0.0009242250950218926,0.0008770130559795857,0.0010006209334352284,0.0009687622523810277,0.0008859119072153455,0.0010931398425515699,0.0011178533215691784,0.001034011818441017
287,0.001,0.0010345455613600303,0.0010341401098845232,0.0017492711370262393,0.0022222222222222222,0.0011359879789631855,0.0013518434228493403,0.001101838659339168,0.0010775152115740933,0.001213150551983501,0.0010002146625626269,0.0009053518250404443,0.0008739039827751259,0.0007085535068956248,0.0009704363497729872,0.0008067240027069852,0.0010006209334352284,0.0009762973489771985,0.0009711173628611893,0.0011712595738239055,0.0010438288476028906,0.0011333376990593053
288,0.001,0.0009484491522267124,0.0009491047162335411,0.0017492711370262393,0.0013888888888888887,0.000946656649135988,0.0011265361857077836,0.0008738720401655471,0.0009748947152337036,0.001091835496785151,0.0009938640290696815,0.0009917632341062436,0.0009658938756988236,0.0007837031212633426,0.0006931688212664194,0.0007872286806154608,0.000984572770032706,0.001043309474705811,0.0009000361036900776,0.0010460062989252135,0.0008816301647117365,0.001013308815055366
289,0.001,0.0010123271331965934,0.0010121954921681407,0.0011661807580174927,0.0011111111111111111,0.0007573253193087903,0.001036413290851161,0.0009688581314878892,0.0009338465166975476,0.001091835496785151,0.001055140413949221,0.0009958870075444887,0.00107952844931045,0.0008481170764356721,0.0008318025855197033,0.0008971070712949404,0.0010006209334352284,0.0009732163317023199,0.0009170538793377934,0.0010847579552725655,0.0008241689032409032,0.001009510963782585
290,0.001,0.0010327357448313384,0.0010323927542012447,0.0018658892128279882,0.0009722222222222222,0.0006491359879789632,0.0006058261265361859,0.0006269082027274578,0.0009255615591948372,0.001213150551983501,0.0009451160553343322,0.0011307840670447822,0.0011823406825781117,0.0010940899738829503,0.0008837902471146847,0.0010306701969260647,0.0010006209334352284,0.0009881023336445328,0.0011269164007429763,0.0010535117056525768,0.0006697008970218356,0.0010513609809292613
291,0.001,0.0011289818275597027,0.0011273427447336217,0.0027988338192419825,0.00125,0.0006491359879789632,0.000936276741010469,0.0007104959630911188,0.0010319479453091865,0.0009705204415868009,0.001016316982883013,0.0009917632341062436,0.0011823406825781117,0.0012077616594811788,0.0009328897052877228,0.0010939868556984458,0.000984572770032706,0.000995448192654955,0.0012023906801844318,0.0008845413192270906,0.0010781734463286387,0.001087550187007093
292,0.001,0.0011335649743562915,0.0011318641728542114,0.0027988338192419825,0.0009722222222222222,0.0007573253193087903,0.0007435138825671372,0.0007522898432729493,0.001085141138366361,0.0009705204415868009,0.0010694836381592496,0.0010864221900485332,0.0010795284493104497,0.0011225078952825074,0.0005400940399034184,0.0011469752071950313,0.0010006209334352284,0.0010028711229730278,0.0011830931891441245,0.0009867660519196895,0.0008522105861574887,0.001041212555659329
293,0.001,0.0011473144147460578,0.0011454284572159795,0.0009329446064139941,0.0004166666666666667,0.00037866265965439517,0.0005507510241238053,0.0005990456159395708,0.0011064184155892309,0.0009705204415868009,0.0010441664401232046,0.0009917632341062436,0.0015518221458837717,0.0013782691878785219,0.001227486454325951,0.0011646946093363303,0.0010006209334352284,0.000980225646002669,0.0011268321513499499,0.0010034497186606718,0.0005966999789990032,0.0010481541290599146
294,0.001,0.0011702301487290015,0.0011680355978189263,0.0018658892128279882,0.00125,0.0007032306536438769,0.0007985889849795177,0.0008358776036366104,0.0011808888858692752,0.0007278903311901007,0.0010795211248878763,0.0010401700552204738,0.0011285979242791069,0.001335642305779186,0.0007855913307686087,0.001192934127038067,0.000984572770032706,0.000940607140305016,0.0013121783776644765,0.0011247294905082457,0.0010301705330717076,0.00112593416264151
295,0.001,0.001099955231181307,0.0010987070333032224,0.0009329446064139941,0.0004166666666666667,0.0005950413223140497,0.0006058261265361859,0.0005990456159395708,0.0011064184155892309,0.001213150551983501,0.0009915250306157513,0.0011394492057712955,0.0012414577167070174,0.001335642305779186,0.0009819891634607607,0.0011015899105626156,0.0009964723403139612,0.0009687622523810277,0.0011371861974697054,0.0010158540757609182,0.0007383677291002312,0.0010018173319911111
296,0.001,0.0010724563504017743,0.001071578464579686,0.0013994169096209913,0.0006944444444444444,0.0005950413223140497,0.0007710514337733274,0.0008219463102426669,0.0012128048017035799,0.0013344656071818512,0.001004961129448884,0.0010864221900485332,0.0012414577167070174,0.0013214333450794074,0.0009819891634607607,0.0011197884363867176,0.0010006209334352284,0.0009762973489771985,0.0010516171699946988,0.0009520828869474356,0.0009771767810870446,0.0010231765353101918
297,0.001,0.0011381481211528801,0.0011363856009748007,0.0013994169096209913,0.0011111111111111111,0.0006491359879789632,0.000826126536185708,0.0008080150168487233,0.0011170570542006657,0.0008492053863884508,0.0010323803622509765,0.0009917632341062436,0.0011823406825781117,0.0009377914061853859,0.0010310886216337988,0.001030041917195719,0.0010006209334352284,0.001043309474705811,0.0011527598675977128,0.001020122177422583,0.0009124679361998646,0.0010572109757397549
298,0.001,0.001043429754023379,0.0010429427531492867,0.0013994169096209913,0.0006944444444444444,0.000540946656649136,0.0006884387801547566,0.0006408394961214013,0.0010106706680863167,0.00048526022079340043,0.0009874725542271905,0.0010864221900485332,0.0013067975965337026,0.001037254131083836,0.0007364918725955706,0.0010051498861217466,0.000984572770032706,0.0009732163317023199,0.0010683832247279448,0.0009110313777616588,0.0007706811885238392,0.0009997209071150937
299,0.001,0.0011137046715710734,0.0011122713176649906,0.0009329446064139941,0.0005555555555555556,0.0004327573253193088,0.0006333636777423761,0.0007104959630911188,0.000968116113640577,0.0006065752759917505,0.0009542886205055214,0.0010401700552204738,0.0014605384902435497,0.0011225078952825074,0.0008837902471146847,0.0011454448913702515,0.0010006209334352284,0.0009772601668755982,0.0010885840877262853,0.000944782584526809,0.0007204511543701185,0.0010220798228790524
300,0.001,0.0009844972825777815,0.0009847424737773806,0.0003731778425655977,0.0004861111111111111,0.0010548459804658153,0.0008449021392808376,0.0009159373091797274,0.001052392456185134,0.0007278903311901007,0.0008484692959394922,0.0011394492057712955,0.0009136268910830864,0.0012034989712712452,0.0013451807437701452,0.0011254450282372134,0.0010362748113006723,0.0008370738808686158,0.0009539243261261825,0.0010813869673171276,0.0007270461565877958,0.0009522257627363099
301,0.001,0.0010762477689718645,0.0010753100297598258,0.0005597667638483966,0.000625,0.0010548459804658153,0.00130575785161584,0.0010380622837370243,0.0011733571063213565,0.0009705204415868009,0.0009639478042744138,0.0009958870075444887,0.0009136268910830864,0.0013285378254292966,0.0014199130073129312,0.0011945839429283501,0.001019654823704992,0.0010028711229730278,0.001017812606666409,0.0009079457300127203,0.0011704954611441954,0.0009684836122018255
302,0.001,0.0010806168397525353,0.0010796227705208948,0.0005597667638483966,0.0004861111111111111,0.0012306536438767845,0.0010369253527537552,0.001099124771015673,0.0012338394313894678,0.0009705204415868009,0.0009895580318495007,0.0009958870075444887,0.0008341810744671658,0.001234758684810758,0.0008220548989706442,0.0012524448153239803,0.0010362748113006723,0.0010745047746139583,0.0010014774587136287,0.0010128752652785661,0.000925183815677393,0.0009442970921123747
303,0.001,0.0010937240520945471,0.0010925609928041013,0.00018658892128279884,0.00020833333333333335,0.0006153268219383923,0.0007680928538916705,0.000875228984327295,0.0012580323614167122,0.0009705204415868009,0.0008822425773264933,0.001082643318807635,0.001199135294546551,0.001516096106666374,0.0018683065885696463,0.0012717935974103718,0.0010362748113006723,0.00099651652484359,0.0009538530097930309,0.001030000371420206,0.0006477943038399406,0.0009771672354289434
304,0.001,0.0011155694059979,0.0011141246966094452,0.0003731778425655977,0.000625,0.0011427498121713,0.0011137346381429223,0.0012212497455729699,0.0013427076165120678,0.001091835496785151,0.0010257352210592393,0.0011859763348863975,0.0008720983960338552,0.0014692065363571046,0.0011957162166845736,0.0013026298677246055,0.001019654823704992,0.0010615067329855636,0.0011107468786909788,0.0011544891302745016,0.001118382146463461,0.001007992330928121
305,0.001,0.0010485769873609504,0.0010479960049397234,0.00018658892128279884,0.00020833333333333335,0.0009669421487603307,0.0008449021392808376,0.000875228984327295,0.0012580323614167122,0.0008492053863884508,0.0010529477766088925,0.001090939557516868,0.0009593082356372408,0.0014692065363571046,0.001494645270855717,0.0012028861334077246,0.0010319783965343477,0.0010513971450523676,0.0009626176142135144,0.0010427329400610503,0.0008015928035606001,0.0009400643733546883
306,0.001,0.0010223625626769267,0.0010221195603733104,0.0002798833819241983,0.0003472222222222222,0.0009669421487603307,0.0010753299954483389,0.0012008955831467538,0.0013789970115529345,0.0009705204415868009,0.0008502452671049766,0.0009958870075444887,0.0009593082356372408,0.0014535766795873482,0.001494645270855717,0.0012227580967875402,0.0010362748113006723,0.0010499266595348118,0.0008901842226881519,0.000977274405425687,0.0010608506366880457,0.0009441890598534191
307,0.001,0.0010849859105332058,0.0010839355112819637,0.0002798833819241983,0.0005555555555555556,0.0010548459804658153,0.0011521392808375058,0.0011805414207205374,0.0012701288264303342,0.0007278903311901007,0.0009241347699227144,0.0009958870075444887,0.0009136268910830864,0.0010315705468039245,0.001569377534398503,0.0011247589753165326,0.0010362748113006723,0.0010533227808491668,0.0009758005821536175,0.0010471139730266496,0.0009906008920906064,0.0009467465665215538
308,0.001,0.0009946917810660129,0.000994805535553208,0.0002798833819241983,0.0003472222222222222,0.0008790383170548461,0.0009601160673645882,0.0009362914716059435,0.0011491641762941122,0.0007278903311901007,0.000902387376109855,0.0009958870075444887,0.001009798142776043,0.0011409795441922196,0.0011209839531417876,0.0010975780083122657,0.001019654823704992,0.0009881023336445328,0.000904376533184886,0.0009351366989493262,0.0008366732052510637,0.0009155345576414372
309,0.001,0.0010616841997029623,0.0010609342272229298,0.00018658892128279884,0.0002777777777777778,0.0007032306536438769,0.0008833067819754211,0.0010380622837370243,0.0011007783162396232,0.00048526022079340043,0.0010146458658585177,0.000949541004809413,0.0011285979242791067,0.001234758684810758,0.0013451807437701452,0.0012507737799707045,0.0010362748113006723,0.000995448192654955,0.0009214763771574774,0.0009697809415630816,0.0007821420653957356,0.0009430421049547373
310,0.001,0.0009120890953430284,0.0009131476765767291,0.0007463556851311954,0.0007777777777777778,0.0012982719759579264,0.001063950842057351,0.0008396092000814169,0.0008784432898735417,0.0009705204415868009,0.000967403840181377,0.0010401700552204738,0.0008039916641531159,0.0012173322927801103,0.0010527501472983748,0.0010724046991713477,0.0010212392432564976,0.0010028711229730278,0.0008858263806030338,0.0008589060573448281,0.0007657591166608249,0.0009433232580539669
311,0.001,0.0009970914814474822,0.0009971306015757568,0.0011195335276967932,0.001,0.0012982719759579264,0.0016442876649977246,0.0009515570934256058,0.0009794137829624548,0.001091835496785151,0.0009215603646806857,0.0009958870075444887,0.0008039916641531159,0.001343808375146875,0.0011112362665927288,0.0011382852132347625,0.0010048603991795666,0.0010745047746139583,0.0009451538584373856,0.0007211480356407895,0.0012328207256990672,0.0009734894649848609
312,0.001,0.0010011392141191229,0.0010011297884804724,0.0011195335276967932,0.0007777777777777778,0.0015146506386175807,0.00130575785161584,0.0010075310400977002,0.0010298990295069112,0.0008492053863884508,0.0010840851971982953,0.0009958870075444887,0.0007340793455311057,0.0012489513133718015,0.0006433473122378956,0.0011934192001451824,0.0010212392432564976,0.00099651652484359,0.0009299848302542085,0.0008044897219733038,0.0009744469935265514,0.0009375038212079121
313,0.001,0.0010132824121340449,0.0010131273491946191,0.0003731778425655977,0.0003333333333333334,0.0007573253193087903,0.0009672280382339556,0.0008022932356333539,0.0010500931281246936,0.00048526022079340043,0.0009990110408592235,0.0009958870075444887,0.0010552390592009646,0.001533522498697022,0.0014621529823588538,0.0012118561067128793,0.0010212392432564976,0.0010615067329855636,0.0008857601553401452,0.0008180915664954545,0.0006822873477723762,0.0009421730729497101
314,0.001,0.0010335210754922482,0.001033123283718197,0.0007463556851311954,0.001,0.0014064613072877537,0.0014024806554392357,0.001119478933441889,0.0011207724732869328,0.0009705204415868009,0.0010263862748988682,0.0010401700552204738,0.0007674465885097925,0.0014860939678094853,0.0009357779087096664,0.0012412391155317978,0.0010048603991795666,0.0010513971450523676,0.001031453817005182,0.0009169684276773199,0.0011779325381272127,0.0010086572619554632
315,0.001,0.0009714558411937581,0.0009718024178458913,0.0003731778425655977,0.0003333333333333334,0.0011900826446280995,0.001063950842057351,0.0008022932356333539,0.0010500931281246936,0.0016984107727769015,0.0010487953336492828,0.001090939557516868,0.0008441912473607717,0.0014860939678094853,0.001169722385887083,0.0011461961354567408,0.0010170051662367443,0.0010499266595348118,0.0008938990795698511,0.0008282045793777086,0.0008442751421135054,0.0009087625792676438
316,0.001,0.0009471694451639142,0.0009478072964175978,0.0005597667638483966,0.0005555555555555556,0.0011900826446280995,0.001354119253527538,0.0011008209512178577,0.0011510636212136065,0.0003639451655950503,0.0008482936112298877,0.000949541004809413,0.0008441912473607717,0.0014702844575136397,0.001169722385887083,0.0011651315666644777,0.0010212392432564976,0.0010533227808491668,0.0008266365019288371,0.0007762132630381786,0.0011173376533229965,0.0009259276719206534
317,0.001,0.0010051869467907636,0.001005128975385188,0.0005597667638483966,0.0008888888888888889,0.0012982719759579264,0.0014508420573509334,0.0010821629689938262,0.0010601901774335849,0.0008492053863884508,0.0009766042739587496,0.0010401700552204738,0.0008039916641531159,0.0010434276795258089,0.0012282085051814372,0.0010717509787695875,0.0010212392432564976,0.0009881023336445328,0.0009061409529094379,0.0008316842733867055,0.0010433473270126921,0.0009436945412996672
318,0.001,0.00092153380491019,0.0009224791126877323,0.0005597667638483966,0.0005555555555555556,0.001081893313298272,0.0012090350477924445,0.0008582671823054483,0.0009592196843446722,0.0014557806623802013,0.0009644720728585223,0.0010444951052903542,0.0008886223656429177,0.001154094251596728,0.0008772917894153122,0.0010458510049707308,0.0010048603991795666,0.000995448192654955,0.0008398156637296165,0.0007427448262722389,0.0008812234667379992,0.0008968206114294394
319,0.001,0.00098359903920868,0.0009837999785600382,0.0003731778425655977,0.00044444444444444447,0.0008655146506386176,0.001112312243969049,0.0009515570934256058,0.0009188314871091069,0.0013344656071818512,0.0011048530435415628,0.0010401700552204738,0.0009931661733656137,0.0012489513133718015,0.0010527501472983748,0.0011918269178742824,0.0010212392432564976,0.0010028711229730278,0.0008556947984578713,0.0007702614791748551,0.0008237887122760499,0.000915934887623439
320,0.001,0.0009209813288630858,0.0009219400200925987,0.0005597667638483966,0.00029166666666666675,0.000405709992486852,0.0005319754210286755,0.0006564217382454714,0.0006957966652463698,0.0007278903311901007,0.0008596405276468505,0.0010401700552204738,0.0014356994002734213,0.0009821658271294072,0.000818805670120958,0.0010071570280167006,0.0010212392432564976,0.0010745047746139583,0.0009200301633333735,0.000903341213254896,0.00046252450632489365,0.000953808795065598
321,0.001,0.0010068124290381958,0.0010067315839843267,0.0008396501457725948,0.00037500000000000006,0.000405709992486852,0.0008221438324988623,0.0007439446366782009,0.0007757732934356076,0.0007278903311901007,0.0009333384481420029,0.0010401700552204738,0.0014356994002734213,0.001084209029948047,0.0008642948740165668,0.0010690292137685831,0.0010048603991795666,0.00099651652484359,0.0009816484107882956,0.0007584563362679823,0.0007446333776965262,0.0009628000775928551
322,0.001,0.0010108996242846296,0.0010107692775029806,0.0008396501457725948,0.00029166666666666675,0.000473328324567994,0.00065287892580792,0.0007877060858945655,0.0008157616075302267,0.0014557806623802013,0.0010504377664200236,0.0009958870075444887,0.001310855974162689,0.0010076766278340672,0.0005003812428516966,0.0011208087168258873,0.0010212392432564976,0.0010615067329855636,0.000965893671730427,0.0008461096708818481,0.0005885736190592095,0.000939780612256418
323,0.001,0.001023161210023931,0.0010228823580589416,0.0002798833819241983,0.00012500000000000003,0.000236664162283997,0.0004836140191169778,0.0006272474387678949,0.0008317569331680742,0.0014557806623802013,0.0010050111611184169,0.0010401700552204738,0.0018843554628588653,0.0012372738341760066,0.0011372300973902195,0.0011381238778270387,0.0010212392432564976,0.0010513971450523676,0.0009199613809616059,0.0008604152013040315,0.0004121069038998014,0.0010122900830078936
324,0.001,0.0010435971862561,0.0010430708256522101,0.0005597667638483966,0.00037500000000000006,0.00043951915852742305,0.0007012403277196178,0.000875228984327295,0.0008877405729005407,0.001213150551983501,0.001129861818563973,0.0010401700552204738,0.0013704403366246295,0.0011990076331190166,0.0007278272623297405,0.001165719153993879,0.0010048603991795666,0.0010499266595348118,0.001071280608152684,0.0009644074167262622,0.0007114804823442077,0.0009928857217199594
325,0.001,0.000980926859144115,0.0009811595250328532,0.0002798833819241983,0.00012500000000000003,0.0003719008264462811,0.0005319754210286755,0.0006272474387678949,0.0008317569331680742,0.0014557806623802013,0.0010224210436684815,0.001090939557516868,0.0015074843702870926,0.0011990076331190166,0.0009097840779121756,0.0010764588165296635,0.0010170051662367443,0.0010533227808491668,0.0009284145676722079,0.0008710514067989128,0.0005099488008856322,0.0009566094559237996
326,0.001,0.0009564036876655121,0.0009569333639209309,0.0004198250728862974,0.00020833333333333337,0.0003719008264462811,0.000677059626763769,0.0008606418345885069,0.0009117335613573122,0.0003639451655950503,0.0009708087293220161,0.0009958870075444887,0.0015074843702870926,0.0011862522327666866,0.0009097840779121756,0.001094242170737394,0.0010212392432564976,0.0009881023336445328,0.0008585548280569144,0.0008163703408322134,0.0006748806971505335,0.0009547037541581724
327,0.001,0.0010149868195310635,0.0010148069710216342,0.0004198250728862974,0.0003333333333333334,0.000405709992486852,0.0007254210286754667,0.0008460546848497185,0.000839754595986998,0.001091835496785151,0.0010123389193230348,0.0009958870075444887,0.0014356994002734213,0.0008418564232537775,0.0009552732818077843,0.0010065430815303607,0.0010212392432564976,0.000995448192654955,0.0009411291277426127,0.0008747111213636933,0.0006301899603314648,0.0009476820675130721
328,0.001,0.0009305181177714314,0.0009313613049694574,0.0004198250728862974,0.00020833333333333337,0.00033809166040571004,0.0006045175238962222,0.0006710088879842595,0.0007597779677977601,0.0006065752759917505,0.0009945251132074135,0.0010444951052903542,0.0015868256529337815,0.0009311442257200873,0.0006823380584341317,0.0009822189241883396,0.0010048603991795666,0.0010028711229730278,0.0008722428674398843,0.0007811704280881463,0.0005322658784556604,0.0009356624358735768
329,0.001,0.0009931884448834164,0.0009932726055888145,0.0002798833819241983,0.0001666666666666667,0.000270473328324568,0.0005561561219845245,0.0007439446366782009,0.0007277873165220649,0.001091835496785151,0.0010673894468756554,0.0009958870075444887,0.0017735110238671673,0.0010076766278340672,0.000818805670120958,0.0011193133128231238,0.0010212392432564976,0.000980225646002669,0.0008887351318807824,0.0008101106438488832,0.0004975748367489106,0.0009742443672407816
330,0.001,0.0009108187762687345,0.0009118916275030335,0.0007463556851311954,0.0004861111111111111,0.000811419984973704,0.0006884387801547566,0.0006716873600651334,0.0008001661650333251,0.0014557806623802013,0.0009785468457563003,0.0012387118823757228,0.001057883768622521,0.001120499042218056,0.001228208505181437,0.0011410556031191308,0.0010212392432564976,0.00099651652484359,0.0009758397991304755,0.0008564122691760783,0.0007154632310540721,0.0009426621817405876
331,0.001,0.0009957027746488089,0.0009957590326602468,0.0011195335276967932,0.000625,0.000811419984973704,0.0010639508420573513,0.0007612456747404845,0.0008921392874509487,0.001213150551983501,0.0009961164150272255,0.0010864221900485332,0.001057883768622521,0.001236914527123828,0.0012964423110248503,0.0012111535146319347,0.0010048603991795666,0.0010615067329855636,0.001041195850068335,0.0007190542205793873,0.0011518477293033112,0.0009615307928144868
332,0.001,0.0009997448698097647,0.0009997527186201142,0.0011195335276967932,0.0004861111111111111,0.000946656649135988,0.0008449021392808378,0.00080602483207816,0.0009381258486597605,0.0015770957175785514,0.0011482035324755409,0.0010401700552204738,0.0009658938756988235,0.001149602913444499,0.0007505718642775448,0.001269816950865516,0.0010212392432564976,0.0010513971450523676,0.0010244854181604489,0.0008021539287472788,0.0009104442628375955,0.0009341491425244607
333,0.001,0.0010118711552926326,0.001011733776499716,0.0003731778425655977,0.00020833333333333335,0.000473328324567994,0.0006258534365043242,0.000641834588506683,0.0009565204731432851,0.0007278903311901007,0.0010055256280889523,0.0011307840670447822,0.001388472446317059,0.0014115377544824863,0.0017058451460853293,0.0012894341117745556,0.0010212392432564976,0.0010499266595348118,0.0009757668443747246,0.0008157162810354972,0.0006374739780744301,0.0009729417212374283
334,0.001,0.001032081631097412,0.0010317022062990525,0.0007463556851311954,0.000625,0.0008790383170548461,0.0009074874829312702,0.0008955831467535112,0.0010209016588356217,0.0009705204415868009,0.0011561615804542569,0.0010864221900485332,0.001009798142776043,0.0013678819476428217,0.0010917408934946107,0.0013206980990316357,0.0010048603991795666,0.0010533227808491668,0.0011362651955719501,0.0009143060584967742,0.0011005646571564146,0.0009952191788067661
335,0.001,0.0009701028386294213,0.0009704656882477539,0.0003731778425655977,0.00020833333333333335,0.0007438016528925622,0.0006884387801547566,0.000641834588506683,0.0009565204731432851,0.0014557806623802013,0.0010560131332445365,0.0011394492057712955,0.0011107779570536473,0.0013678819476428217,0.0013646761168682633,0.0012195708613054461,0.0010170051662367443,0.0009881023336445328,0.000984732806959907,0.0008257999313213876,0.0007888222391777458,0.0009306604472760668
336,0.001,0.0009458502676636857,0.0009465035724885502,0.0005597667638483966,0.0003472222222222222,0.0007438016528925622,0.0008761948111060539,0.000880656760974286,0.0010484935955609087,0.0014557806623802013,0.0009379447115222551,0.0010401700552204738,0.0011107779570536473,0.0013533300120296,0.0013646761168682633,0.0012397184603357007,0.0010212392432564976,0.000995448192654955,0.000910635329517971,0.000773959569010481,0.0010439497098131546,0.0009357871144158644
337,0.001,0.0010037869649707207,0.0010037464045799815,0.0005597667638483966,0.0005555555555555556,0.000811419984973704,0.0009387801547564863,0.0008657303751950608,0.0009657177853850475,0.0007278903311901007,0.0010957838422126988,0.0009917632341062436,0.001057883768622521,0.0009604277504726194,0.0014329099227116766,0.0011403600342467842,0.0010212392432564976,0.0010028711229730278,0.0009982186406201675,0.0008292695222234425,0.0009748191480255853,0.0009388773562401234
338,0.001,0.0009202503316442983,0.0009212102280760573,0.0005597667638483966,0.0003472222222222222,0.0006761833208114201,0.0007823167956304053,0.0006866137458443586,0.000873744662967424,0.0007278903311901007,0.0009626316863538392,0.0010401700552204738,0.001169239954793313,0.00106229129976517,0.0010235070876511974,0.0011128020514752988,0.0010048603991795666,0.000980225646002669,0.0009251536943871969,0.0007405883060750432,0.0008233437579461392,0.0009109944638196536
339,0.001,0.000982229124112289,0.000982446746127356,0.0003731778425655977,0.0002777777777777778,0.000540946656649136,0.0007197314519799729,0.0007612456747404845,0.0008369554140003745,0.0008492053863884508,0.0011304401968043431,0.0010401700552204738,0.0013067975965337026,0.001149602913444499,0.001228208505181437,0.0012681227372833101,0.0010212392432564976,0.000940607140305016,0.0009426463904537073,0.0007680250658358364,0.0007696813801721315,0.0009399009338332305
340,0.001,0.0009133594144173225,0.0009144037256504249,0.0007463556851311954,0.0007777777777777778,0.0009737039819684447,0.0009074874829312701,0.0009159373091797274,0.0009219305814514398,0.0009705204415868009,0.0009175100625032285,0.0010401700552204738,0.0009571329335156143,0.001120499042218056,0.0010527501472983748,0.000991744994319514,0.0010212392432564976,0.0010615067329855636,0.0009366673991630992,0.0009688191734669658,0.0006703838112750724,0.0009723673723528675
341,0.001,0.0009984801882461556,0.0009985021704912668,0.0011195335276967932,0.001,0.0009737039819684447,0.0014024806554392354,0.0010380622837370243,0.0010278996138021802,0.0009705204415868009,0.00104025258498767,0.000949541004809413,0.0009571329335156143,0.001236914527123828,0.0011112362665927288,0.0010526703801333527,0.0010048603991795666,0.0010513971450523676,0.000999399911514085,0.0008134324328747183,0.0010792728923906547,0.001000619469041566
342,0.001,0.001002533558428481,0.001002506858340831,0.0011195335276967932,0.0007777777777777778,0.0011359879789631855,0.0011137346381429223,0.001099124771015673,0.0010808841299775503,0.001091835496785151,0.0011743524938002312,0.0009958870075444887,0.000873903982775126,0.001149602913444499,0.0006433473122378956,0.0011036575266625847,0.0010212392432564976,0.0010499266595348118,0.0009833602738522488,0.000907439248844341,0.0008530796110589549,0.0009642158114841785
343,0.001,0.0010146936689754574,0.0010145209218895225,0.0003731778425655977,0.0003333333333333334,0.0005679939894815927,0.0008249886208466092,0.000875228984327295,0.0011020779364476982,0.0009705204415868009,0.0009312929053534745,0.000949541004809413,0.001256236975239244,0.0014115377544824863,0.0014621529823588538,0.0011207077221842743,0.0010212392432564976,0.0010533227808491668,0.0009365973729750029,0.00092278170411624,0.0005973084520089345,0.0009752829799082152
344,0.001,0.0010349605198870843,0.0010345443611373421,0.0007463556851311954,0.001,0.0010548459804658153,0.0011962335002275832,0.0012212497455729699,0.0011762562590932164,0.0013344656071818512,0.0010026820475329842,0.001090939557516868,0.0009136268910830865,0.0013678819476428217,0.0009357779087096664,0.0011478807212738208,0.0010048603991795666,0.0009881023336445328,0.0010906529600906607,0.001034311711508846,0.0010312210291116976,0.0010366168232492248
345,0.001,0.0009728088437580949,0.0009731391474440288,0.0003731778425655977,0.0003333333333333334,0.0008925619834710744,0.0009074874829312701,0.000875228984327295,0.0011020779364476982,0.0007278903311901007,0.0011184466018952072,0.001090939557516868,0.0010049895801913951,0.0013678819476428217,0.001169722385887083,0.0010599862913002473,0.0010170051662367443,0.000995448192654955,0.0009452034216964628,0.0009341888663990795,0.0007391206649982941,0.0009367581378854105
346,0.001,0.0009484886226641425,0.0009491110203466455,0.0005597667638483966,0.0005555555555555556,0.0008925619834710744,0.0011549840691852528,0.0012008955831467538,0.0012080469687984386,0.0008492053863884508,0.000959713408025075,0.000949541004809413,0.0010049895801913951,0.0013533300120296,0.001169722385887083,0.001077497515495801,0.0010212392432564976,0.0010028711229730278,0.00087408038332282,0.0008755442874107388,0.000978173237795859,0.0009529584308948239
347,0.001,0.0010065869286108066,0.0010065115461903949,0.0005597667638483966,0.0008888888888888889,0.0009737039819684447,0.0012374829312699136,0.0011805414207205374,0.0011126748396827722,0.0008492053863884508,0.0010183469181774746,0.000949541004809413,0.0009571329335156143,0.0009604277504726194,0.0012282085051814372,0.0009911404427573741,0.0010212392432564976,0.000980225646002669,0.0009581479037224653,0.0009381138524262311,0.0009133984073430623,0.0009737911033533082
348,0.001,0.0009228172781760817,0.0009237479972994074,0.0005597667638483966,0.0005555555555555556,0.000811419984973704,0.0010312357760582614,0.0009362914716059435,0.001006705807332032,0.001091835496785151,0.0009437299123882842,0.0009958870075444887,0.0010578837686225212,0.00106229129976517,0.0008772917894153122,0.000967188506153711,0.0010048603991795666,0.000940607140305016,0.0008880159484373768,0.0008377929373445331,0.0007714670754334803,0.0009269403058141571
349,0.001,0.000984968954305071,0.0009851532109927206,0.0003731778425655977,0.00044444444444444447,0.0006491359879789632,0.0009487369139736005,0.0010380622837370243,0.0009643181943917359,0.0015770957175785514,0.0010197865997955712,0.0009958870075444887,0.001182340682578112,0.001149602913444499,0.0010527501472983748,0.0011021850060992855,0.0010212392432564976,0.0009687622523810277,0.0009048064484185916,0.0008688308613336841,0.0007211858201952177,0.0009486016904211769
350,0.001,0.0009387657959032006,0.0009395247071243376,0.0005597667638483966,0.0007777777777777778,0.0011359879789631855,0.0008449021392808376,0.0008701404437207411,0.0008262585399800639,0.0006065752759917505,0.0009339731564425893,0.0010401700552204738,0.0008739039827751259,0.0010374991131648667,0.0007603195508266039,0.0009953999334576932,0.0010212392432564976,0.0010513971450523676,0.0009321783877337298,0.0010784994231217333,0.000694073970535015,0.0009622936151705353
351,0.001,0.001026254324219623,0.0010259335488014664,0.0008396501457725948,0.001,0.0011359879789631855,0.00130575785161584,0.0009861591695501733,0.000921230785954784,0.001091835496785151,0.0010694836381592496,0.000949541004809413,0.0008739039827751259,0.0011452912288183593,0.0008025595258725264,0.0010565498513623367,0.0010048603991795666,0.0010499266595348118,0.000994610252314559,0.000905521312573202,0.0011174124570335461,0.000988270054297811
352,0.001,0.0010304204446156433,0.0010300482555479964,0.0008396501457725948,0.0007777777777777778,0.001325319308790383,0.0010369253527537552,0.0010441685324648893,0.000968716908942144,0.0016984107727769015,0.0011942313305374707,0.000949541004809413,0.000797912332099028,0.0010644471420782398,0.0004646397255051468,0.0011077249039747464,0.0010212392432564976,0.0010533227808491668,0.0009786474851799253,0.0010101706625958004,0.0008832259115923133,0.0009543474611256363
353,0.001,0.0010429188058037036,0.0010423923757875862,0.0002798833819241983,0.0003333333333333334,0.0006626596543951915,0.0007680928538916705,0.0008314675351109304,0.000987711358137088,0.001091835496785151,0.0009776215057424786,0.0009053518250404443,0.001146998977392353,0.0013069794022985985,0.001055999376148061,0.0011248379356360513,0.0010212392432564976,0.0009881023336445328,0.000932108697148601,0.0010272500408876242,0.0006184162593834703,0.0009592759345960623
354,0.001,0.0010637494077838042,0.001062965909520236,0.0005597667638483966,0.001,0.0012306536438767843,0.0011137346381429223,0.0011601872582943215,0.001054191930319392,0.001213150551983501,0.0011436715901704106,0.0010401700552204738,0.0008341810744671658,0.0012665573589285386,0.000675839600734759,0.0011521110770590032,0.0010048603991795666,0.000995448192654955,0.0010854259674487718,0.0011514063870128172,0.0010676625272519832,0.001026020782304701
355,0.001,0.000999868895044829,0.0009998737394067768,0.0002798833819241983,0.0003333333333333334,0.0010413223140495868,0.0008449021392808376,0.0008314675351109304,0.000987711358137088,0.0008492053863884508,0.0010464813012639122,0.0009917632341062436,0.0009175991819138823,0.0012665573589285386,0.0008447995009184488,0.0010638927243089313,0.0010170051662367443,0.0010028711229730278,0.0009406735010791063,0.0010399486107326786,0.000765239861153733,0.0009241839318893248
356,0.001,0.0009748721726687082,0.0009751854989275971,0.0004198250728862974,0.0005555555555555556,0.0010413223140495868,0.0010753299954483389,0.0011408508039894162,0.001082683604111808,0.001091835496785151,0.0009050143381640518,0.0009053518250404443,0.0009175991819138823,0.001253083344471852,0.0008447995009184488,0.001081468483701573,0.0010212392432564976,0.000980225646002669,0.000869891322366466,0.0009746648649725634,0.0010127401223140313,0.0009399592584536554
357,0.001,0.0010345865650116634,0.0010341629622945263,0.0004198250728862974,0.0008888888888888889,0.0011359879789631855,0.0011521392808375058,0.0011215143496845106,0.00099720858273456,0.00048526022079340043,0.0010179289061526748,0.000949541004809413,0.0008739039827751259,0.0008892849541413143,0.0008870394759643713,0.0009947931539043074,0.0010212392432564976,0.000940607140305016,0.0009535559462200694,0.0010443179453639242,0.0009456762657486502,0.000964432478826688
358,0.001,0.0009484867434939142,0.0009491256895329075,0.0004198250728862974,0.0005555555555555556,0.000946656649135988,0.0009601160673645882,0.0008894768980256464,0.0009022363367598399,0.001213150551983501,0.0009804461909293353,0.000949541004809413,0.0009658938756988236,0.0009836030553381204,0.0006335996256888366,0.0009707529457479475,0.0010048603991795666,0.0009687622523810277,0.0008837601007954503,0.0009326396755630997,0.0007987293356095726,0.0009147887510637448
359,0.001,0.0010123672562328894,0.0010122178596463666,0.0002798833819241983,0.00044444444444444447,0.0007573253193087903,0.0008833067819754211,0.0009861591695501733,0.0008642474383699519,0.0013344656071818512,0.001112076791065658,0.0009053518250404443,0.00107952844931045,0.0010644471420782398,0.0007603195508266039,0.0011062469566403828,0.0010212392432564976,0.0009762973489771985,0.0009004701317154082,0.0009671914103284283,0.0007466712311629159,0.000934668557696107
360,0.001,0.0008777904803370928,0.000879234351586947,0.0005597667638483966,0.00029166666666666675,0.0005679939894815927,0.0006884387801547566,0.0006258904946061471,0.0008262585399800639,0.0008492053863884508,0.000794937807608118,0.0010401700552204738,0.0012562369752392437,0.0010789990776914613,0.0009942640280040205,0.0009957273748424141,0.0010212392432564976,0.0010499266595348118,0.0008287853476318047,0.0007863583572973369,0.0005078327994317394,0.0009151619315683723
361,0.001,0.0009595963978833011,0.0009600982408569873,0.0008396501457725948,0.00037500000000000006,0.0005679939894815927,0.0010639508420573513,0.0007093425605536334,0.000921230785954784,0.0008492053863884508,0.0009333384481420029,0.000949541004809413,0.0012562369752392437,0.0011911028779710937,0.0010495009184486883,0.001056897408293705,0.0010048603991795666,0.0010533227808491668,0.0008842925501917338,0.0006602360989602669,0.0008175766852887856,0.0009258065564148331
362,0.001,0.000963491917766454,0.0009639489022507988,0.0008396501457725948,0.00029166666666666675,0.0006626596543951915,0.0008449021392808378,0.0007510685935273765,0.000968716908942144,0.0006065752759917505,0.0009925703920348348,0.0010444951052903542,0.0011469989773923528,0.0011070250277613694,0.0006076057948913458,0.0011080892951749622,0.0010212392432564976,0.0009881023336445328,0.000870100301494565,0.0007365383103585906,0.0006462295176821454,0.0009035576803599313
363,0.001,0.0009751784774159123,0.0009755008864322331,0.0002798833819241983,0.00012500000000000003,0.00033132982719759574,0.0006258534365043242,0.0005980731392903184,0.000987711358137088,0.0006065752759917505,0.000897138398608018,0.000949541004809413,0.0016488110300015074,0.0013592585783905424,0.001380922261116695,0.0011252079562467136,0.0010212392432564976,0.000995448192654955,0.000828723386813379,0.0007489912719172934,0.0004524763548973472,0.0009684581565914451
364,0.001,0.0009946560768316762,0.0009947541934012902,0.0005597667638483966,0.00037500000000000006,0.0006153268219383922,0.0009074874829312702,0.0008345206594748627,0.001054191930319392,0.0008492053863884508,0.001007251991461334,0.001090939557516868,0.001199135294546551,0.0013172196532856802,0.0008837902471146848,0.001152490069294932,0.0010048603991795666,0.0010028711229730278,0.0009650353940812222,0.0008395164760054431,0.0007811761758545696,0.0009545737891101221
365,0.001,0.000934924771956667,0.0009357107186961814,0.0002798833819241983,0.00012500000000000003,0.0005206611570247934,0.0006884387801547566,0.0005980731392903184,0.000987711358137088,0.001091835496785151,0.0009723501982066193,0.0011394492057712955,0.001319048824001206,0.0013172196532856802,0.001104737808893356,0.0010642426967121161,0.0010170051662367443,0.000980225646002669,0.0008363382211587659,0.0007582500868126034,0.0005599027155951395,0.0009188003057788281
366,0.001,0.0009115516526577502,0.0009126067503333128,0.0004198250728862974,0.00020833333333333337,0.0005206611570247934,0.0008761948111060539,0.0008206119818169484,0.001082683604111808,0.0008492053863884508,0.000863635780128432,0.001082643318807635,0.001319048824001206,0.001303206678250726,0.001104737808893356,0.0010818242377316192,0.0010212392432564976,0.000940607140305016,0.0007734068838070048,0.0007106502291088808,0.0007409911237776792,0.0009183003461552095
367,0.001,0.0009673874376496068,0.0009677995636446102,0.0004198250728862974,0.0003333333333333334,0.0005679939894815927,0.0009387801547564863,0.000806703304159034,0.00099720858273456,0.0009705204415868009,0.0009340596741580896,0.000949541004809413,0.0012562369752392437,0.0009248563523069669,0.0011599746993380237,0.0009951203956861045,0.0010212392432564976,0.0009687622523810277,0.0008477918033432422,0.0007614358676572174,0.0006919225410817546,0.0009078795424295994
368,0.001,0.0008868800267311161,0.000888219228172507,0.0004198250728862974,0.00020833333333333337,0.000473328324567994,0.0007823167956304053,0.0006397991722640614,0.0009022363367598399,0.001213150551983501,0.0009109929120851459,0.0010444951052903542,0.001388472446317059,0.0010229471775516452,0.0008285533566700169,0.0009710722793927403,0.0010048603991795666,0.0009762973489771985,0.0007857373996210846,0.0006800087116442903,0.000584405944770118,0.0008959111232692462
369,0.001,0.0009466113316061252,0.0009472627028776158,0.0002798833819241983,0.0001666666666666667,0.00037866265965439517,0.0007197314519799729,0.0007093425605536334,0.0008642474383699519,0.001213150551983501,0.0009963624608294284,0.000949541004809413,0.0015518221458837717,0.0011070250277613694,0.0009942640280040205,0.0011066108616630277,0.0010212392432564976,0.001043309474705811,0.0008005940289606734,0.0007052011640548749,0.0005463166141849684,0.0009313534648012723
370,0.001,0.000890493671080032,0.0008917948423239035,0.0005597667638483966,0.0004861111111111111,0.0008925619834710745,0.000751024123805189,0.0007022186037044576,0.0008523509149268029,0.0009705204415868009,0.0008636669690119989,0.001090939557516868,0.001004989580191395,0.001106665720709191,0.0011112362665927288,0.0010249241858110913,0.0010006209334352284,0.0010533227808491668,0.0008612730880920538,0.0009503762927744662,0.0005975160216233033,0.0009182341630589158
371,0.001,0.0009734834658700349,0.0009738139300120872,0.0008396501457725948,0.000625,0.0008925619834710745,0.0011606736458807465,0.000795847750865052,0.0009503222844586194,0.001091835496785151,0.0010171329741689265,0.0009958870075444887,0.001004989580191395,0.0012216439774062498,0.0011729716147367694,0.0010878878526893105,0.000984572770032706,0.0009881023336445328,0.0009189561297828197,0.0007979475645713458,0.0009619606471113466,0.0009348283934340313
372,0.001,0.0009774353608600352,0.0009777196008543818,0.0008396501457725948,0.0004861111111111111,0.001041322314049587,0.0009217114246700046,0.0008426623244453492,0.0009993079692245277,0.001091835496785151,0.0010206191714708032,0.0010444951052903542,0.0009175991819138821,0.001135410284883456,0.0006790888295844453,0.001140580792852987,0.0010006209334352284,0.000995448192654955,0.0009042075559846601,0.0008901648242040463,0.0007603535866392653,0.0009090740564242883
373,0.001,0.0009892910458300355,0.000989436613381265,0.0002798833819241983,0.00020833333333333335,0.0005206611570247935,0.0006827492034592626,0.0006710088879842595,0.0010189022431308908,0.001091835496785151,0.0010438834951021934,0.000949541004809413,0.0013190488240012058,0.0013941113624518383,0.0015433837036010123,0.001158201408901549,0.0010006209334352284,0.0010028711229730278,0.0008612086984577792,0.0009052152135467617,0.0005323836344549022,0.0009455187741763615
374,0.001,0.0010090505207800361,0.0010089649675927375,0.0005597667638483966,0.000625,0.0009669421487603307,0.000989986345015931,0.0009362914716059434,0.0010874822018031624,0.0009705204415868009,0.0011049018024746407,0.001090939557516868,0.0009593082356372406,0.0013509945161904412,0.0009877655703046477,0.0011862834906135003,0.000984572770032706,0.000980225646002669,0.0010028640302986102,0.0010146220851919457,0.0009191318113084362,0.0009690571874183222
375,0.001,0.000948454797600034,0.0009490780146775556,0.0002798833819241983,0.00020833333333333335,0.0008181818181818184,0.000751024123805189,0.0006710088879842595,0.0010189022431308908,0.0007278903311901007,0.0009431569875371869,0.001090939557516868,0.0010552390592009648,0.0013509945161904412,0.0012347069628808097,0.0010954485203399102,0.0009964723403139612,0.000940607140305016,0.000869122028381747,0.0009164052239205719,0.0006587814798351961,0.000905213225861173
376,0.001,0.0009247434276600332,0.0009256439896237888,0.0004198250728862974,0.0003472222222222222,0.0008181818181818184,0.0009558488848429678,0.0009206866137458445,0.0011168736126627075,0.0009705204415868009,0.0009933977545757706,0.001082643318807635,0.0010552390592009648,0.0013366222341033088,0.0012347069628808097,0.0011135455889452305,0.0010006209334352284,0.0009687622523810277,0.0008037238315946177,0.000858877029705742,0.0008718500830061738,0.0009109844167415791
377,0.001,0.0009813872558500352,0.0009816252716966763,0.0004198250728862974,0.0005555555555555556,0.0008925619834710745,0.0010241238051888941,0.0009050817558857453,0.0010286993800840726,0.0009705204415868009,0.0009629263845656579,0.0010401700552204738,0.001004989580191395,0.0009485706177507351,0.0012964423110248503,0.0010242994087553401,0.0010006209334352284,0.0009762973489771985,0.0008810245820718279,0.0009202554921355652,0.000814115993455497,0.0009140208507183425
378,0.001,0.0008997147593900323,0.0009009080742892572,0.0004198250728862974,0.0003472222222222222,0.0007438016528925622,0.0008534365043240783,0.0007178234615645567,0.0009307280105522561,0.0009705204415868009,0.0009565703653716535,0.001090939557516868,0.0011107779570536471,0.0010491765923606618,0.0009260302221606073,0.0009995461513527628,0.000984572770032706,0.001043309474705811,0.0008165376940299348,0.0008218443314419778,0.0006876119768608716,0.000885698237848031
379,0.001,0.0009603104825700345,0.0009607950272044391,0.0002798833819241983,0.0002777777777777778,0.0005950413223140497,0.0007851615839781521,0.000795847750865052,0.0008915394627395295,0.0015770957175785514,0.0010865083895790536,0.0010401700552204738,0.0012414577167070171,0.001135410284883456,0.0011112362665927288,0.001139059008575704,0.0010006209334352284,0.0009732163317023199,0.0008319766916745111,0.000852291403448889,0.0006427960742586757,0.0009133963337344124
380,0.001,0.0008879530329314442,0.0008892827441765121,0.0009329446064139941,0.0009722222222222222,0.0011359879789631855,0.0011265361857077836,0.0009159373091797274,0.0009480229563981786,0.0003639451655950503,0.0008070041033040705,0.0009917632341062436,0.0008739039827751259,0.0009406658626028123,0.0009357779087096663,0.000869214925581667,0.0010006209334352284,0.0009881023336445328,0.0008859656337594049,0.001147900950083721,0.0008547178907570846,0.000971286901344976
381,0.001,0.0009707060522726881,0.0009710707921810671,0.0013994169096209913,0.00125,0.0011359879789631855,0.00174101046882112,0.0010380622837370243,0.0010569911123060154,0.0003639451655950503,0.0008288189563181606,0.0009053518250404443,0.0008739039827751259,0.0010383973807953123,0.0009877655703046477,0.000922612981533083,0.000984572770032706,0.000995448192654955,0.0009453024379569459,0.0009637916838333915,0.0013760383747645842,0.0010026880015961282
382,0.001,0.0009746466722413189,0.0009749654611336652,0.0013994169096209913,0.0009722222222222222,0.001325319308790383,0.001382567137005007,0.001099124771015673,0.0011114751902599337,0.001213150551983501,0.0010157602493529403,0.000949541004809413,0.000797912332099028,0.0009650987421509373,0.000571864277544796,0.0009673006674098717,0.0010006209334352284,0.0010028711229730278,0.0009301310251811443,0.0010751752281739856,0.0010876491847638036,0.0009624469531801935
383,0.001,0.000986468532147211,0.0009866494679914586,0.00046647230320699706,0.0004166666666666667,0.0006626596543951915,0.0010241238051888941,0.000875228984327295,0.001133268821441501,0.00048526022079340043,0.0007897568783931218,0.0009053518250404443,0.001146998977392353,0.0011849946580840625,0.0012996915398745365,0.0009822443117099946,0.0010006209334352284,0.000980225646002669,0.0008858993980858116,0.0010933536658696455,0.0007615491478850383,0.0009508080076286833
384,0.001,0.0010061716319903643,0.0010061228127544479,0.0009329446064139941,0.00125,0.0012306536438767843,0.0014849795175238966,0.0012212497455729699,0.0012095465305769866,0.0014557806623802013,0.001085536122369044,0.0009917632341062436,0.0008341810744671658,0.001148345338761875,0.0008318025855197033,0.0010060600874555099,0.000984572770032706,0.000940607140305016,0.0010316159629999435,0.001225499483123315,0.001314773787914521,0.001040209637797482
385,0.001,0.0009457487924713606,0.0009464045554812807,0.00046647230320699706,0.0004166666666666667,0.0010413223140495868,0.0011265361857077836,0.000875228984327295,0.001133268821441501,0.0009705204415868009,0.001011934396777947,0.0009917632341062436,0.0009175991819138823,0.001148345338761875,0.001039753231899629,0.0009290250120620173,0.0009964723403139612,0.0009687622523810277,0.0008940396017658853,0.0011068693897331317,0.0009423551779998156,0.0009160910418612383
386,0.001,0.0009221050726595766,0.0009230365417656935,0.0006997084548104956,0.0006944444444444444,0.0010413223140495868,0.0014337733272644518,0.0012008955831467538,0.0012422369773493376,0.0008492053863884508,0.0008623060860678661,0.000949541004809413,0.0009175991819138823,0.0011361288989878123,0.001039753231899629,0.0009443727249551142,0.0010006209334352284,0.0009762973489771985,0.0008267664503528011,0.0010373846295409126,0.0012471395528088774,0.0009395509379236895
387,0.001,0.0009785872922099495,0.000978860130086263,0.0006997084548104956,0.0011111111111111111,0.0011359879789631855,0.0015361857077833413,0.0011805414207205374,0.0011441656370322847,0.0014557806623802013,0.0008982906076538624,0.0009053518250404443,0.0008739039827751259,0.0008062850250881248,0.0010917408934946107,0.0008686850663496007,0.0010006209334352284,0.001043309474705811,0.0009062833995452266,0.0011115198914088051,0.0011645537183546427,0.0009780462731912736
388,0.001,0.0008971478128582491,0.0008983703050659071,0.0006997084548104956,0.0006944444444444444,0.000946656649135988,0.0012801547564861176,0.0009362914716059435,0.001035197481124448,0.0007278903311901007,0.0008925871175602969,0.000949541004809413,0.0009658938756988236,0.0008918001035065624,0.0007798149239247219,0.0008476923909020427,0.000984572770032706,0.0009732163317023199,0.0008399476839364031,0.0009926551157216671,0.0009835958154312903,0.0009163710798844499
389,0.001,0.0009575706523772526,0.0009580885623390743,0.00046647230320699706,0.0005555555555555556,0.0007573253193087903,0.0011777423759672283,0.0010380622837370243,0.0009916102187613133,0.0008492053863884508,0.0009762318511583565,0.000949541004809413,0.00107952844931045,0.0009650987421509373,0.0009357779087096663,0.0009660100767245877,0.0010006209334352284,0.0009772601668755982,0.0008558293148870325,0.0010294302574731197,0.0009194888252279835,0.0009317864525323191
390,0.001,0.000976875368132018,0.0009772061793352068,0.0007463556851311954,0.0004861111111111111,0.0006491359879789632,0.0006884387801547566,0.0006716873600651334,0.0009828127896604972,0.0007278903311901007,0.0008679602861189019,0.0009917632341062436,0.0011823406825781117,0.00124499893579784,0.0009942640280040205,0.0011098316219636168,0.0010006209334352284,0.000995448192654955,0.0010516809458123138,0.0009997777118199355,0.0007471556966481931,0.0009842339919088065
391,0.001,0.0010679155281798243,0.001067080616266766,0.0011195335276967932,0.000625,0.0006491359879789632,0.0010639508420573513,0.0007612456747404845,0.0010957797769777958,0.0009705204415868009,0.0009977807711001863,0.0009053518250404443,0.0011823406825781117,0.0013743494745820312,0.0010495009184486883,0.0011780113658935846,0.000984572770032706,0.0010028711229730278,0.0011221163938501283,0.0008394256004960651,0.0012028704694612227,0.0010030789457531645
392,0.001,0.0010722507738963867,0.001071360351358745,0.0011195335276967932,0.0004861111111111111,0.0007573253193087903,0.0008449021392808378,0.00080602483207816,0.001152263270636445,0.0009705204415868009,0.0011326461216661697,0.0010401700552204738,0.0010795284493104497,0.0012773365704938878,0.0006076057948913458,0.0012350695288850314,0.0010006209334352284,0.000980225646002669,0.001104107246396338,0.0009364363966689505,0.0009507736916928495,0.0009742178939306748
393,0.001,0.0010852565110460732,0.001084199556634682,0.0003731778425655977,0.00020833333333333335,0.00037866265965439517,0.0006258534365043242,0.000641834588506683,0.0011748566680999046,0.0008492053863884508,0.0009265605538805454,0.0009053518250404443,0.0015518221458837717,0.0015683752827583182,0.001380922261116695,0.0012541498834711588,0.0010006209334352284,0.000940607140305016,0.0010516023210968657,0.0009522691188585284,0.0006657117983290177,0.0010221553314163749
394,0.001,0.0011069327396288843,0.001105598232094577,0.0007463556851311954,0.000625,0.0007032306536438769,0.0009074874829312702,0.0008955831467535112,0.0012539335592220136,0.001213150551983501,0.0011442555430244785,0.0010401700552204738,0.0011285979242791069,0.0015198688307142463,0.0008837902471146848,0.0012845583592647372,0.000984572770032706,0.0009687622523810277,0.001224574419528205,0.0010673630586194576,0.0011493157403946797,0.001040979874398012
395,0.001,0.0010404589719749304,0.001039975627350899,0.0003731778425655977,0.00020833333333333335,0.0005950413223140497,0.0006884387801547566,0.000641834588506683,0.0011748566680999046,0.001091835496785151,0.0010787256914897043,0.0010864221900485332,0.0012414577167070174,0.0015198688307142463,0.001104737808893356,0.0011861983792921928,0.0009964723403139612,0.0009762973489771985,0.0010612651079806394,0.0009640407960897746,0.000823764246802913,0.000975166204076452
396,0.001,0.0010144474976755572,0.0010142972167990249,0.0005597667638483966,0.0003472222222222222,0.0005950413223140497,0.0008761948111060539,0.000880656760974286,0.0012878236554172032,0.0008492053863884508,0.0009201036072437035,0.0009053518250404443,0.0012414577167070174,0.0015037000133662224,0.001104737808893356,0.0012057946570277359,0.0010006209334352284,0.001043309474705811,0.0009814088598260973,0.0009035222343216472,0.0010901929531053395,0.0009786217696113304
397,0.001,0.0010765860196129489,0.001075640086450724,0.0005597667638483966,0.0005555555555555556,0.0006491359879789632,0.0009387801547564863,0.0008657303751950608,0.0011861533668316344,0.0014557806623802013,0.0010328707654275145,0.0009053518250404443,0.0011823406825781117,0.0010671419449695772,0.0011599746993380237,0.0011091550867205723,0.0010006209334352284,0.0009732163317023199,0.0010757990451202477,0.000968091204728064,0.0010180001543559532,0.0009787580752757697
398,0.001,0.0009869909414706632,0.0009871922278831579,0.0005597667638483966,0.0003472222222222222,0.000540946656649136,0.0007823167956304053,0.0006866137458443586,0.001073186379514336,0.0008492053863884508,0.000987941625215989,0.000949541004809413,0.0013067975965337026,0.0011803236664057444,0.0008285533566700169,0.0010823512038653298,0.000984572770032706,0.0009772601668755982,0.0009970555753125133,0.0008645645429165117,0.0008598149455463727,0.0009518126708923512
399,0.001,0.001053464709124617,0.001052814832626836,0.0003731778425655977,0.0002777777777777778,0.0004327573253193088,0.0007197314519799729,0.0007612456747404845,0.0010279995845874166,0.0007278903311901007,0.00098356953579397,0.0009053518250404443,0.0014605384902435497,0.0012773365704938878,0.0009942640280040205,0.0012334216759646718,0.0010006209334352284,0.0009271936361588187,0.0010159077835954992,0.0008965942812571233,0.0008037755161120082,0.0009842446326363355
400,0.001,0.0009584087911287187,0.0009589709765297633,0.0005597667638483966,0.0016203703703703703,0.0015236664162283997,0.0009124943104233046,0.001119478933441889,0.000980870638774494,0.001213150551983501,0.0010265314805691002,0.0010864221900485332,0.0007475129108861616,0.0009238982001678246,0.0014199130073129312,0.001036553871031875,0.0010068520094066627,0.0010028711229730278,0.0010532347479257,0.001379981730513594,0.0010972763550100122,0.0010841344137794624
401,0.001,0.0010477279536155665,0.001047168307217902,0.0008396501457725948,0.0020833333333333333,0.0015236664162283997,0.0014102184797451071,0.001268742791234141,0.0010936143903577692,0.0015770957175785514,0.001223683342870766,0.0010401700552204738,0.0007475129108861616,0.0010198876235618843,0.0014987970632747607,0.0011002319786816918,0.0009907039107319288,0.0010745047746139583,0.0011237742605550182,0.0011586495469090873,0.001766541204464742,0.0011386826068552707
402,0.001,0.0010519812470673215,0.0010513681801078134,0.0008396501457725948,0.0016203703703703703,0.001777610818933133,0.0011198793809740557,0.0013433747201302667,0.0011499862661494067,0.0008492053863884508,0.0010419636356986774,0.0009917632341062436,0.0006825117882004084,0.0009478955560163396,0.0008677246155801245,0.0011535228189788072,0.0010068520094066627,0.00099651652484359,0.0011057385055531067,0.0012925524383202846,0.0013963106960708548,0.0010766440335267604
403,0.001,0.0010647411274225854,0.0010639677987775474,0.0002798833819241983,0.0006944444444444445,0.0008888054094665664,0.0008295402822030042,0.001069724314177805,0.0011725350164660617,0.0015770957175785514,0.0011782255470008532,0.0011859763348863975,0.0009811106955380873,0.001163871758652974,0.001972101399045738,0.0011713433739310249,0.0010068520094066627,0.0010615067329855636,0.0010531560070464576,0.0013144061635109996,0.0009776674645386194,0.0010067927478132027
404,0.001,0.0010860075946813586,0.0010849671632271044,0.0005597667638483966,0.0020833333333333333,0.0016506386175807665,0.001202833409194356,0.0014926385779225186,0.0012514556425743545,0.0016984107727769015,0.0012518176697132535,0.0011859763348863975,0.0007135350513004271,0.0011278757248802014,0.001262144895389272,0.00119974409947554,0.0009907039107319288,0.0010513971450523676,0.0012263836624631826,0.0014732690110071639,0.001687890478562086,0.0011834730438362038
405,0.001,0.0010207904284211203,0.0010205691122484634,0.0002798833819241983,0.0006944444444444445,0.0013966942148760334,0.0009124943104233046,0.001069724314177805,0.0011725350164660617,0.0014557806623802013,0.0011849793704385612,0.001090939557516868,0.0007848885564304698,0.0011278757248802014,0.00157768111923659,0.0011078784362727114,0.0010026775821277744,0.0010499266595348118,0.0010628330701788799,0.0013306544748351756,0.0012097840305232642,0.0009771868570948425
406,0.001,0.0009952706677105925,0.0009953698749089951,0.0004198250728862974,0.0011574074074074073,0.0013966942148760334,0.001161356395084206,0.0014677612682904768,0.001285278768049337,0.0007278903311901007,0.0010284731633782506,0.0010401700552204738,0.0007848885564304698,0.001115877046955944,0.00157768111923659,0.0011261808500286413,0.0010068520094066627,0.0010533227808491668,0.0009828588387066368,0.0012471213968223145,0.0016010624762783448,0.001022828359252313
407,0.001,0.001056234540519076,0.001055568052997725,0.0004198250728862974,0.0018518518518518517,0.0015236664162283997,0.0012443104233045062,0.0014428839586584346,0.0011838093916243892,0.0013344656071818512,0.001197918702779352,0.0010401700552204738,0.0007475129108861616,0.0007919127430009925,0.0016565651751984196,0.0010359220047098227,0.0010068520094066627,0.0009881023336445328,0.001077388480430018,0.001336245207510921,0.0014950397939578251,0.0011034919826217373
408,0.001,0.0009683331425161463,0.0009687706799395566,0.0004198250728862974,0.0011574074074074073,0.0012697220135236666,0.0010369253527537552,0.001144356243073931,0.0010710656400411142,0.0003639451655950503,0.0009602558843003468,0.0010401700552204738,0.0008261984804531262,0.0008759034884707948,0.0011832608394274425,0.0010108878752234697,0.0009907039107319288,0.000995448192654955,0.0009985286713748245,0.0011933485413500615,0.0012627282555224798,0.0009985686552385267
409,0.001,0.0010335503087763845,0.0010331687309181976,0.0002798833819241983,0.0009259259259259259,0.0010157776108189332,0.0009539713245334549,0.001268742791234141,0.001025968139407804,0.0014557806623802013,0.001128373198920745,0.0009917632341062436,0.0009233983016829055,0.0009478955560163396,0.0014199130073129312,0.0011519837672076317,0.0010068520094066627,0.0010028711229730278,0.0010174087327830276,0.0012375588225161766,0.0011804284870238478,0.0010001361333424408
410,0.001,0.0008879193703618324,0.0008892498723687983,0.0011195335276967932,0.0025925925925925925,0.001875281743050338,0.0011490669094219393,0.0010261890223217318,0.0008187432604646604,0.0008492053863884508,0.0009385093378390076,0.0009053518250404443,0.0006578113615798222,0.0009345177197099837,0.0011112362665927288,0.0009877028325230093,0.000992243344086653,0.0010745047746139583,0.0009780473137414876,0.0010960689403386626,0.0011557029285303854,0.0011637155851688076
411,0.001,0.000970669252510938,0.0009710348971268046,0.0016793002915451896,0.0033333333333333327,0.001875281743050338,0.0017758306781975426,0.0011630142252979626,0.0009128516812077249,0.0007278903311901007,0.0009380672355904799,0.000949541004809413,0.0006578113615798222,0.0010316104698097222,0.0011729716147367694,0.001048379898185615,0.0009763295421773717,0.00099651652484359,0.0010435512111163258,0.0009202728942156852,0.001860604062092332,0.001259182564479616
412,0.001,0.0009746097230894669,0.0009749294221152811,0.0016793002915451896,0.0025925925925925925,0.0021878287002253943,0.0014102184797451073,0.0012314268267860778,0.0009599058915792572,0.00048526022079340043,0.0009153124257617022,0.0009053518250404443,0.0006006103736163593,0.0009587909072349183,0.0006790888295844453,0.001099159230914935,0.000992243344086653,0.0010615067329855636,0.0010268029773862289,0.0010266270560513864,0.001470659923746068,0.0011583686893573675
413,0.001,0.0009864311348250535,0.0009866129970807105,0.0005597667638483966,0.0011111111111111111,0.0010939143501126972,0.001044606281292672,0.0009805806213296546,0.0009787275757278699,0.001091835496785151,0.0010698068133511542,0.0009958870075444887,0.0008633774120735166,0.00117724959495933,0.0015433837036010123,0.0011161399331199398,0.000992243344086653,0.0010513971450523676,0.0009779741939497447,0.0010439846694766922,0.001029725234429069,0.001008788757710588
414,0.001,0.0010061334877176976,0.001006085622023093,0.0011195335276967932,0.0033333333333333327,0.0020315552216378665,0.0015146791078743745,0.0013682520297623089,0.001044603470248015,0.0013344656071818512,0.001004410616600425,0.000949541004809413,0.0006279108451443758,0.001140839813671928,0.0009877655703046477,0.0011432021802929703,0.0009763295421773717,0.0010499266595348118,0.0011388356195528582,0.0011701636101569418,0.0017777654281951217,0.0012981944634404378
415,0.001,0.000945712938846922,0.0009463695721997869,0.0005597667638483966,0.0011111111111111111,0.00171900826446281,0.0011490669094219393,0.0009805806213296546,0.0009787275757278699,0.0013344656071818512,0.0009464318645410623,0.0009958870075444887,0.0006907019296588134,0.001140839813671928,0.0012347069628808097,0.0010556659911060905,0.0009881294846076501,0.0010533227808491668,0.0009869604390581714,0.0010568901079919934,0.0012742012899314432,0.0009820849679515124
416,0.001,0.000922070115375749,0.000923002422268928,0.0008396501457725948,0.0018518518518518515,0.00171900826446281,0.001462448793809741,0.0013454478292662703,0.0010728359964709345,0.001091835496785151,0.0008227911020912611,0.0009053518250404443,0.0006907019296588134,0.0011287032199094606,0.0012347069628808097,0.0010731058429207813,0.000992243344086653,0.0009881023336445328,0.0009126953405945902,0.0009905428439113974,0.0016863141032307308,0.0010674268377748944
417,0.001,0.0009785501936679956,0.0009788239471037576,0.0008396501457725948,0.0029629629629629624,0.001875281743050338,0.001566909421939008,0.0013226436287702317,0.0009881384178021763,0.0008492053863884508,0.0010150917660627966,0.0009917632341062436,0.0006578113615798222,0.0008010151883228431,0.0012964423110248503,0.0009871007449967278,0.000992243344086653,0.000995448192654955,0.0010004767799542233,0.001061330622169917,0.0015746460408606515,0.001202241558921099
418,0.001,0.000897113801711733,0.0008983370973419102,0.0008396501457725948,0.0018518518518518515,0.0015627347858752818,0.00130575785161584,0.0010489932228177701,0.000894029997059112,0.0006065752759917505,0.0008229591386705871,0.0009958870075444887,0.000727054662798751,0.0008859713446601144,0.0009260302221606073,0.0009632464318785839,0.0009763295421773717,0.0010028711229730278,0.0009272465484597724,0.0009478330344891226,0.0013299646312273617,0.0010431265746201042
419,0.001,0.0009575343505825086,0.0009580531471652164,0.0005597667638483966,0.0014814814814814812,0.0012501878287002252,0.0012012972234865728,0.0011630142252979626,0.0008563866287618862,0.0009705204415868009,0.0009852295699469492,0.0009917632341062436,0.0008125905054809568,0.0009587909072349183,0.0011112362665927288,0.0010976927120621557,0.000992243344086653,0.000980225646002669,0.0009447788159622781,0.0009829476414135083,0.0012432826544974671,0.001023325575541642
420,0.001,0.0008965759658946078,0.000897812113230671,0.0008396501457725949,0.0009722222222222222,0.0005860255447032308,0.0005745334547109696,0.0008022932356333539,0.0006485095132393348,0.001091835496785151,0.0008606781146601881,0.000949541004809413,0.0011746631456782538,0.0007539858874932822,0.0008642948740165667,0.0009276086258631803,0.000992243344086653,0.00099651652484359,0.0010158119576398018,0.0011527736216430326,0.0006980536239746954,0.0010111571321306189
421,0.001,0.0009801326017694011,0.0009803846141555356,0.0012594752186588923,0.00125,0.0005860255447032308,0.0008879153390987713,0.0009092656670511344,0.0007230508366001781,0.0009705204415868009,0.0009804883161104701,0.0010401700552204738,0.0011746631456782538,0.0008323220835964804,0.0009123112559063761,0.0009845939534813316,0.0009763295421773717,0.0010615067329855636,0.0010838451103211643,0.0009678828384984116,0.001123819431674516,0.0010420215894039236
422,0.001,0.0009841114891920104,0.0009843166380091007,0.0012594752186588923,0.0009722222222222222,0.0006836964688204358,0.0007051092398725537,0.0009627518827600247,0.0007603214982805996,0.0009705204415868009,0.0009153124257617022,0.000949541004809413,0.0010725185243149274,0.0007735699365190817,0.0005281802007879019,0.0010322837499507533,0.000992243344086653,0.0010513971450523676,0.0010664501889780487,0.0010797391896858368,0.0008882901168302273,0.0009990756034579616
423,0.001,0.000996048151459838,0.0009961127095697957,0.00041982507288629745,0.0004166666666666667,0.0003418482344102179,0.000522303140646336,0.0007666357584940937,0.0007752297629527681,0.0007278903311901007,0.0011107058086247455,0.001090939557516868,0.0015417453787027083,0.0009498263777512776,0.0012004095472452317,0.0010482313055513994,0.000992243344086653,0.0010499266595348118,0.0010157360145256508,0.0010979947921894411,0.0006219621096793871,0.00099959137940118
424,0.001,0.001015942588572884,0.0010157728288376206,0.0008396501457725949,0.00125,0.0006348610067618333,0.0007573395539371872,0.001069724314177805,0.0008274086893053583,0.0009705204415868009,0.0011410873167048137,0.0009958870075444887,0.0011212693663292424,0.0009204503042125783,0.0007682621102369483,0.0010736470207709462,0.0009763295421773717,0.0010533227808491668,0.0011828086677141021,0.0012307015491002885,0.0010737842477448595,0.001077514244843385
425,0.001,0.0009549329814262095,0.0009554817964162908,0.00041982507288629745,0.0004166666666666667,0.0005371900826446282,0.0005745334547109696,0.0007666357584940937,0.0007752297629527681,0.0009705204415868009,0.0009521853027292186,0.0010444951052903542,0.0012333963029621667,0.0009204503042125783,0.0009603276377961853,0.0009914367430525729,0.0009881294846076501,0.0009881023336445328,0.0010250692391122016,0.001111567888322955,0.0007696275627171174,0.0009546587966258334
426,0.001,0.0009310596568905542,0.0009318896532949009,0.0006297376093294462,0.0006944444444444444,0.0005371900826446282,0.0007312243969048705,0.001051895575608175,0.0008497710863136113,0.001213150551983501,0.0009717849072753523,0.0009958870075444887,0.0012333963029621667,0.0009106582796996784,0.0009603276377961853,0.0010078155125006253,0.000992243344086653,0.000995448192654955,0.0009479365953283215,0.0010417881754915125,0.0010185469309286269,0.0009769878364436955
427,0.001,0.0009880903766146195,0.0009882486618626658,0.0006297376093294462,0.0011111111111111111,0.0005860255447032308,0.000783454710969504,0.001034066837038545,0.0007826838952888524,0.0009705204415868009,0.0010859396858554124,0.0009958870075444887,0.0011746631456782538,0.0006462736178513847,0.0010083440196859946,0.0009270431707844736,0.000992243344086653,0.0010028711229730278,0.0010391074768465517,0.001116238130697728,0.0009510985463175493,0.0010205981178207462
428,0.001,0.0009058600365473627,0.0009069868355556561,0.0006297376093294462,0.0006944444444444444,0.0004883546205860257,0.00065287892580792,0.000820121974202984,0.0007081425719280094,0.001091835496785151,0.0008757849070022962,0.0010444951052903542,0.0012983118978549123,0.0007148177894416831,0.0007202457283471389,0.0009046402112263758,0.0009763295421773717,0.000980225646002669,0.0009630496586125599,0.0009968687914314305,0.000803309057775759,0.0009606088525021698
429,0.001,0.0009668696436940371,0.0009672778679769859,0.00041982507288629745,0.0005555555555555556,0.00039068369646882045,0.0006006486117432864,0.0009092656670511344,0.0006783260425836722,0.001091835496785151,0.0009823107866721763,0.0009958870075444887,0.001451054474073137,0.0007735699365190817,0.0008642948740165667,0.0010309064576184493,0.000992243344086653,0.000940607140305016,0.000981258887065379,0.0010338000382782652,0.0007509524646618718,0.00098049109464744
430,0.001,0.0008866827138571502,0.0008880266951028164,0.0011195335276967932,0.0016203703703703703,0.0011720510894064615,0.0007435138825671371,0.0008209512178573852,0.0007457859402252351,0.0007278903311901007,0.0009694093086275309,0.0010322599019797689,0.0008655412652366081,0.0008601810829148714,0.00129644231102485,0.0010509314740394862,0.000992243344086653,0.0010615067329855636,0.0010774317801778112,0.0010928865623216761,0.0010797951123202134,0.0010677878112762625
431,0.001,0.0009693173454740147,0.0009696992232655572,0.0016793002915451896,0.0020833333333333333,0.0011720510894064615,0.0011490669094219393,0.0009304113802383699,0.0008315084620902048,0.0013344656071818512,0.0010354164240441884,0.0009917632341062436,0.0008655412652366081,0.0009495505460748579,0.0013684668838595641,0.0011154928339520663,0.0009763295421773717,0.0010513971450523676,0.0011495918687191011,0.0009176009306918621,0.001738397578316436,0.001125981800572047
432,0.001,0.0009732523279319607,0.0009735883912733069,0.0016793002915451896,0.0016203703703703703,0.0013673929376408717,0.0009124943104233047,0.0009851414614288623,0.0008743697230226895,0.0008492053863884508,0.0009899644420650433,0.0009053518250404443,0.0007902768073899465,0.000882523448704868,0.0007922703011818528,0.0011695228490930046,0.000992243344086653,0.0010499266595348118,0.0011311417599880404,0.0010236462988612303,0.0013740653920169333,0.0010604233831051043
433,0.001,0.0009850572753057985,0.0009852558952965554,0.0005597667638483966,0.0006944444444444445,0.0006836964688204358,0.0006759217114246702,0.0007844644970637236,0.0008915142273956834,0.0014557806623802013,0.0010995702696390988,0.001082643318807635,0.0011360229106230483,0.001083604740814838,0.0018006143208678476,0.001187590585471715,0.000992243344086653,0.0010533227808491668,0.0010773512303043267,0.0010409535153768535,0.0009620917691912391,0.0009953227027191785
434,0.001,0.001004732187595528,0.0010047017353353033,0.0011195335276967932,0.0020833333333333333,0.0012697220135236666,0.0009800864815657717,0.0010946016238098468,0.0009515199927011621,0.0014557806623802013,0.0011553505234758318,0.000949541004809413,0.0008261984804531261,0.001050091192129843,0.0011523931653554223,0.0012163852455414088,0.0009763295421773717,0.0009881023336445328,0.0012545586206978282,0.001166766102197187,0.0016609998753381835,0.0011641412551504043
435,0.001,0.0009443957899070238,0.0009450678258831434,0.0005597667638483966,0.0006944444444444445,0.0010743801652892565,0.0007435138825671371,0.0007844644970637236,0.0008915142273956834,0.0009705204415868009,0.0009731117128426035,0.0009958870075444887,0.0009088183284984387,0.001050091192129843,0.0014404914566942778,0.0011232453523419797,0.0009881294846076501,0.000995448192654955,0.0010872506144427565,0.0010538214836361159,0.0011905103733964532,0.0009613746047212673
436,0.001,0.0009207858951593483,0.000921732817836646,0.0008396501457725948,0.0011574074074074073,0.0010743801652892565,0.0009462903959945382,0.0010763582634130161,0.000977236749260653,0.0007278903311901007,0.0009289993337623854,0.000949541004809413,0.0009088183284984387,0.0010389200092348447,0.0014404914566942778,0.0011418016311853091,0.000992243344086653,0.0010028711229730278,0.0010054390536741883,0.0009876668553167633,0.0015755551721415518,0.0010082932211477353
437,0.001,0.0009771873103899065,0.0009774775592810564,0.0008396501457725948,0.0018518518518518517,0.0011720510894064615,0.0010138825671370051,0.0010581149030161852,0.0009000864795821803,0.0008492053863884508,0.0011630713288750553,0.0009053518250404443,0.0008655412652366081,0.0007372980710698897,0.0015125160295289919,0.0010502908433652992,0.000992243344086653,0.000980225646002669,0.0011021404209260578,0.0010582491050167126,0.0014712215886809557,0.0010887758217571321
438,0.001,0.0008958643395923574,0.0008971014204542322,0.0008396501457725948,0.0011574074074074073,0.0009767092411720514,0.0008449021392808376,0.0008391945782542159,0.0008143639577172108,0.0009705204415868009,0.0008387712610210852,0.000949541004809413,0.0009566508721036197,0.000815496351334878,0.0010803685925207084,0.00102490947599247,0.0009763295421773717,0.000940607140305016,0.0010214688853332982,0.0009450810515602025,0.0012426111182258749,0.00098746756188887
439,0.001,0.0009562007372808616,0.0009567353299063921,0.0005597667638483966,0.0009259259259259259,0.0007813673929376409,0.0007773099681383707,0.0009304113802383699,0.000780074948971223,0.0014557806623802013,0.0010293789590248128,0.000949541004809413,0.0010691980335275748,0.000882523448704868,0.00129644231102485,0.0011679624497816842,0.000992243344086653,0.0009687622523810277,0.0010407826975797792,0.0009800937050863678,0.0011616225073220183,0.0009899271253667773
440,0.001,0.0008891560268665147,0.0008904730496347801,0.0011195335276967932,0.0025925925925925925,0.0014064613072877537,0.0009800864815657717,0.001119478933441889,0.0008592751050421186,0.0007278903311901007,0.0008687461262854124,0.0009053518250404443,0.0007831087637855025,0.0008601810829148714,0.0011112362665927288,0.0009134138826385246,0.000992243344086653,0.0010513971450523676,0.0010341812500515605,0.0012363314890622484,0.0010117601176051374,0.0011940864942250116
441,0.001,0.0009720211595478612,0.0009723705709880519,0.0016793002915451896,0.0033333333333333327,0.0014064613072877537,0.0015146791078743743,0.001268742791234141,0.0009580423584952359,0.001091835496785151,0.0010334756230425681,0.0009053518250404443,0.0007831087637855025,0.0009495505460748579,0.0011729716147367694,0.0009695271915296402,0.0009763295421773717,0.0010499266595348118,0.001103444670663812,0.0010380390464287384,0.0016288658081648536,0.0012874751145287883
442,0.001,0.0009759671182469731,0.0009762704529572555,0.0016793002915451896,0.0025925925925925925,0.0016408715251690457,0.001202833409194356,0.0013433747201302667,0.0010074259852217945,0.001213150551983501,0.0009677332705635131,0.0009053518250404443,0.000715012349543285,0.000882523448704868,0.0006790888295844453,0.00101648721425996,0.000992243344086653,0.0010533227808491668,0.0010857351907114694,0.0011580032151330105,0.0012874892160207613,0.0011866676388890467
443,0.001,0.0009878049943443084,0.0009879700988648656,0.0005597667638483966,0.0011111111111111111,0.0008204357625845229,0.0008909877105143379,0.001069724314177805,0.0010271794359124177,0.00048526022079340043,0.0009733580390616717,0.000949541004809413,0.0010278302524684723,0.001083604740814838,0.0015433837036010123,0.0010321907321808126,0.000992243344086653,0.0009881023336445328,0.0010341039336308048,0.0011775820602794155,0.0009014729465224685,0.0010423929139145901
444,0.001,0.0010075347878398672,0.0010074695087108826,0.0011195335276967932,0.0033333333333333327,0.0015236664162283997,0.0012919321802457898,0.0014926385779225186,0.0010963165133295997,0.0007278903311901007,0.0009576679471696033,0.0009958870075444887,0.0007475129108861616,0.001050091192129843,0.0009877655703046477,0.0010572175230831918,0.0009763295421773717,0.000995448192654955,0.0012041978216032587,0.0013199079595712154,0.001556344726920672,0.0013283749410005503
445,0.001,0.0009470300877868202,0.0009476713185164303,0.0005597667638483966,0.0011111111111111111,0.0012892561983471077,0.0009800864815657717,0.001069724314177805,0.0010271794359124177,0.0013344656071818512,0.0009850655154008204,0.0009958870075444887,0.0008222642019747778,0.001050091192129843,0.0012347069628808097,0.0009762652692232685,0.0009881294846076501,0.0010028711229730278,0.001043605934269149,0.001192138991353198,0.0011154995069476972,0.0010115560801502372
446,0.001,0.0009233543355921497,0.0009242720267012098,0.0008396501457725948,0.0018518518518518515,0.0012892561983471077,0.001247382794720073,0.0014677612682904768,0.001125946689365535,0.0007278903311901007,0.0009085235865581245,0.0009053518250404443,0.0008222642019747778,0.0010389200092348447,0.0012347069628808097,0.0009923934023359435,0.000992243344086653,0.000980225646002669,0.0009650784731891129,0.0011173013522439055,0.0014762836653650208,0.0010956991437509468
447,0.001,0.000979913076946085,0.0009801703349264588,0.0008396501457725948,0.0029629629629629624,0.0014064613072877537,0.0013364815657715067,0.0014428839586584346,0.0010370561612577294,0.001213150551983501,0.0010330793770226188,0.0009053518250404443,0.0007831087637855025,0.0007372980710698897,0.0012964423110248503,0.0009128570804436134,0.000992243344086653,0.000940607140305016,0.0010578980304976314,0.001197147752484681,0.0013785238612430753,0.0012333219574383063
448,0.001,0.0008983632638311087,0.0008995727742295883,0.0008396501457725948,0.0018518518518518515,0.0011720510894064615,0.0011137346381429223,0.001144356243073931,0.0009382889078046124,0.0009705204415868009,0.0007859367384484739,0.000949541004809413,0.0008655412652366082,0.000815496351334878,0.0009260302221606073,0.0008907969424694607,0.0009763295421773717,0.0009687622523810277,0.0009804648314238758,0.0010691260228122635,0.0011643175235459225,0.001073678761168149
449,0.001,0.0009588679638841555,0.0009593709644240406,0.0005597667638483966,0.0014814814814814812,0.0009376408715251691,0.0010246358670914885,0.001268742791234141,0.0008987820064233655,0.0007278903311901007,0.0008875513249488491,0.000949541004809413,0.0009673696493820914,0.000882523448704868,0.0011112362665927288,0.0010151309979617258,0.000992243344086653,0.0009762973489771985,0.0009990033438938074,0.0011087342013391063,0.0010884317878560367,0.001056165758672746
450,0.001,0.0009138891569601589,0.0009149365949544169,0.0008396501457725949,0.0025925925925925925,0.0016408715251690457,0.0009124943104233046,0.0010635049867697946,0.0007701050469717101,0.0008492053863884508,0.0008969382115256178,0.0009958870075444887,0.000715012349543285,0.0007964639656619178,0.0008025595258725263,0.0009167801432883226,0.000992243344086653,0.0010499266595348118,0.0010292249000647144,0.0013762968717570833,0.001047513902102611,0.0011902958657026943
451,0.001,0.0009990593002863275,0.0009990840482129982,0.0012594752186588923,0.0033333333333333327,0.0016408715251690457,0.0014102184797451071,0.001205305651672434,0.0008586228684627114,0.0007278903311901007,0.0010776597567516177,0.0009958870075444887,0.000715012349543285,0.0008792134685878313,0.0008471461661987778,0.0009731002500256723,0.0009763295421773717,0.0010533227808491668,0.0010981563732994405,0.0011555556944078183,0.0016864269988730626,0.0012811657481496225
452,0.001,0.0010031150213970976,0.0010030910697967402,0.0012594752186588923,0.0025925925925925925,0.0019143501126972198,0.0011198793809740557,0.0012762059841237535,0.000902881779208212,0.0009705204415868009,0.0009981406559707168,0.000949541004809413,0.0006528373626264775,0.0008171513413933962,0.000490453043588766,0.0010202333374308731,0.000992243344086653,0.0009881023336445328,0.0010805317666521637,0.0012891010352579983,0.0013329867713912855,0.0011827761990233568
453,0.001,0.0010152821847294073,0.0010151121345479662,0.00041982507288629745,0.0011111111111111111,0.0009571750563486099,0.0008295402822030042,0.001016238098468915,0.0009205853435064121,0.0015770957175785514,0.0010363421429810346,0.0009958870075444887,0.0009384537087755616,0.0010033377229767017,0.0011146660081562867,0.0010359947284971258,0.000992243344086653,0.000995448192654955,0.0010291479541856224,0.001310896406132239,0.0009333293805718346,0.001033639388345728
454,0.001,0.0010355607902832568,0.001035147242466676,0.0008396501457725949,0.0033333333333333327,0.001777610818933133,0.001202833409194356,0.0014180066490263926,0.000982547818550113,0.001213150551983501,0.0011078963527171783,0.0010444951052903542,0.0006825117882004085,0.0009723066593794841,0.0007133862452200234,0.0010611137521791976,0.0009763295421773717,0.0010028711229730278,0.0011984266612220722,0.0014693350544221842,0.0016113431529327733,0.0013244969530331896
455,0.001,0.0009733730665847846,0.0009737062448492991,0.00041982507288629745,0.0011111111111111111,0.0015041322314049588,0.0009124943104233046,0.001016238098468915,0.0009205853435064121,0.0009705204415868009,0.0009348187638194626,0.0009958870075444887,0.0007507629670204494,0.0009723066593794841,0.0008917328065250292,0.0009798631599735794,0.0009881294846076501,0.000980225646002669,0.0010386044161519625,0.0013271013308441594,0.0011549192550524663,0.0010056457351100816
456,0.001,0.000949038739920165,0.0009496641153468473,0.0006297376093294462,0.0018518518518518515,0.0015041322314049588,0.001161356395084206,0.001394373204875953,0.0010091031649974134,0.00012131505519835011,0.0008689528082111794,0.000949541004809413,0.0007507629670204494,0.0009619629715137448,0.0008917328065250292,0.000996050731092271,0.000992243344086653,0.000940607140305016,0.0009604533006889753,0.0012437913047653696,0.0015284528773255985,0.0010891914489057299
457,0.001,0.0010071707425078674,0.0010070980913804823,0.0006297376093294462,0.0029629629629629624,0.0016408715251690457,0.0012443104233045062,0.001370739760725513,0.0009294371256555122,0.0013344656071818512,0.0010473732376275297,0.0009958870075444887,0.000715012349543285,0.0006826833991387866,0.0009363194468512807,0.0009162212890758604,0.000992243344086653,0.0009687622523810277,0.0010528280170069785,0.001332677135017737,0.0014272384173931781,0.0012299258818263103
458,0.001,0.000923352506218622,0.0009242863119831482,0.0006297376093294462,0.0018518518518518515,0.0013673929376408715,0.0010369253527537552,0.0010871384309202345,0.0008409193041645112,0.0007278903311901007,0.0008281513614000731,0.0009958870075444887,0.0007902768073899467,0.000755089214198961,0.0006687996048937719,0.0008940798515114529,0.0009763295421773717,0.0009762973489771985,0.0009757659192611496,0.0011901620348007853,0.0012054624126348792,0.0010676021127039707
459,0.001,0.0009855402299170945,0.0009857273096005252,0.00041982507288629745,0.0014814814814814812,0.0010939143501126972,0.0009539713245334549,0.001205305651672434,0.0008055121755681106,0.001213150551983501,0.0009816689165575326,0.000949541004809413,0.0008832505494358226,0.0008171513413933962,0.0008025595258725263,0.0010188721229848726,0.000992243344086653,0.001043309474705811,0.0009942155852585388,0.001234254264663698,0.0011268950114068114,0.0010487930604734111
460,0.001,0.0008545296447354124,0.0008562240861872886,0.0008396501457725949,0.0009722222222222222,0.0008204357625845229,0.0007435138825671371,0.0007649772711852908,0.0007701050469717101,0.0007278903311901007,0.0007790335653234043,0.0009053518250404443,0.001027830252468472,0.0008283225242883945,0.001049500918448688,0.0009170817223315924,0.000992243344086653,0.0010533227808491668,0.000915067896677196,0.0010034892221784763,0.0007664340400755557,0.0009711311568461081
461,0.001,0.0009341677625140085,0.0009349717028731267,0.0012594752186588923,0.00125,0.0008204357625845229,0.0011490669094219393,0.0008669742406766629,0.0008586228684627114,0.0008492053863884508,0.000959713408025075,0.0009053518250404443,0.001027830252468472,0.0009143820073313446,0.0011078065250291708,0.0009734203558269997,0.0009763295421773717,0.0009881023336445328,0.0009763538004906337,0.0008425418300085175,0.0012339073070480012,0.0010038025964273873
462,0.001,0.0009379600538367989,0.0009387215893819763,0.0012594752186588923,0.0009722222222222222,0.0009571750563486099,0.0009124943104233047,0.0009179727254223489,0.000902881779208212,0.00048526022079340043,0.0008465633958819635,0.000949541004809413,0.0009384537087755614,0.000849837395049132,0.0006413616723853093,0.001020568947878009,0.000992243344086653,0.000995448192654955,0.0009606840360557932,0.0009399127628104047,0.0009753058498927845,0.0009611381368927615
463,0.001,0.0009493369278051698,0.0009499712489085245,0.00041982507288629745,0.0004166666666666667,0.00047858752817430496,0.0006759217114246702,0.0007309782813548334,0.0009205853435064121,0.001091835496785151,0.0009704803429075463,0.000949541004809413,0.0013490272063648697,0.0010434712318957698,0.001457640164512067,0.0010363355237263201,0.000992243344086653,0.0010028711229730278,0.0009149994852894282,0.0009558042613776872,0.0006828887009872021,0.0009554295495185883
464,0.001,0.0009682983844191211,0.0009687206814527718,0.0008396501457725949,0.00125,0.0008888054094665664,0.0009800864815657717,0.0010199696949137209,0.000982547818550113,0.001091835496785151,0.0009957053018302701,0.0009958870075444887,0.000981110695538087,0.0010111989257546635,0.0009328897052877228,0.0010614628104267233,0.0009763295421773717,0.000980225646002669,0.0010655025584178958,0.0010713254684647207,0.001178970742222545,0.0010367963161517385
465,0.001,0.0009101499174696701,0.0009112224216504136,0.00041982507288629745,0.0004166666666666667,0.0007520661157024794,0.0007435138825671371,0.0007309782813548334,0.0009205853435064121,0.0008492053863884508,0.0008863669224929789,0.0010401700552204738,0.0010792217650918959,0.0010111989257546635,0.0011661121316096535,0.0009801854904652283,0.0009881294846076501,0.000940607140305016,0.0009234070789659926,0.0009676196390250005,0.0008450192678437643,0.00091535603752701
466,0.001,0.0008873961695329283,0.000888723102597317,0.0006297376093294462,0.0006944444444444444,0.0007520661157024794,0.0009462903959945382,0.0010029701999984923,0.0010091031649974134,0.0008492053863884508,0.000846186793970057,0.0010322599019797689,0.0010792217650918959,0.0010004414903742947,0.0011661121316096535,0.000996378386559866,0.000992243344086653,0.0009687622523810277,0.0008539241342323432,0.0009068764120475662,0.0011183224504060225,0.000939376973379767
467,0.001,0.0009417523451595892,0.0009424714758908257,0.0006297376093294462,0.0011111111111111111,0.0008204357625845229,0.0010138825671370051,0.0009859707050832636,0.0009294371256555122,0.001213150551983501,0.0009807391981803007,0.0009053518250404443,0.001027830252468472,0.0007099907351043382,0.0012244177381901362,0.0009165226842814674,0.000992243344086653,0.0009762973489771985,0.0009360530618962124,0.0009716850841393381,0.0010442669106328888,0.0009797519621496953
468,0.001,0.0008633783244885898,0.000864973821374604,0.0006297376093294462,0.0006944444444444444,0.0006836964688204357,0.0008449021392808376,0.0007819767661005194,0.0008409193041645112,0.0008492053863884508,0.0007852281126273121,0.0009958870075444887,0.0011360229106230483,0.0007852927827669195,0.0008745840987072401,0.0008943739631893722,0.0009763295421773717,0.001043309474705811,0.0008675383459256073,0.0008677740966190248,0.0008820001579172113,0.0009204942522165142
469,0.001,0.000921526791438041,0.0009224720811769621,0.00041982507288629745,0.0005555555555555556,0.0005469571750563486,0.0007773099681383707,0.0008669742406766629,0.0008055121755681106,0.0006065752759917505,0.0008975166302500967,0.0009053518250404443,0.001269672664813995,0.000849837395049132,0.001049500918448688,0.001019207285654258,0.000992243344086653,0.0009732163317023199,0.0008839416578330108,0.0008999227400964754,0.0008245147817130428,0.0009375676309753627
470,0.001,0.0008668962097822347,0.0008684558588471071,0.0008396501457725949,0.0016203703703703703,0.0012892561983471075,0.0008111060537096042,0.0008582671823054482,0.0007944241537181852,0.001213150551983501,0.0008442363913362558,0.0009958870075444887,0.0008222642019747777,0.0008495615633727123,0.0011729716147367692,0.000943972478141115,0.0009722104469750672,0.0009881023336445328,0.000950937845893482,0.001212796122738356,0.0009017862158077839,0.0010458537242196222
471,0.001,0.0009476868328832418,0.0009483284414856002,0.0012594752186588923,0.0020833333333333333,0.0012892561983471075,0.0012535275375512064,0.0009727028066128413,0.0008857372748352181,0.001091835496785151,0.0010432175406515723,0.0009958870075444887,0.0008222642019747777,0.00093782769982702,0.0012381367044443673,0.001001963078303261,0.0009566179367712965,0.000995448192654955,0.0010146261094284713,0.0010182784648756998,0.0014518152155281324,0.00110133996582926
472,0.001,0.0009515340054118611,0.000952131897801719,0.0012594752186588923,0.0016203703703703703,0.0015041322314049588,0.000995448338643605,0.0010299206187665377,0.0009313938353937345,0.0014557806623802013,0.0008682736734390354,0.0009958870075444887,0.0007507629670204492,0.0008716280974862893,0.000716815986783581,0.0010504941657685102,0.0009722104469750672,0.0010028711229730278,0.0009983421024258934,0.0011359589413168737,0.0011475447665963599,0.0010375148932163579
473,0.001,0.0009630755229977193,0.000963542266750075,0.00041982507288629745,0.0006944444444444445,0.0007520661157024794,0.0007373691397360038,0.0008201219742029838,0.0009496564596171409,0.0009705204415868009,0.001126351832391862,0.0009958870075444887,0.0010792217650918959,0.0010702269045084819,0.0016291272426899573,0.001066723050624585,0.0009722104469750672,0.000980225646002669,0.0009508667528325685,0.0011551650746972225,0.0008034867780930426,0.0009707808224373052
474,0.001,0.0009823113856408162,0.0009825595483306687,0.0008396501457725949,0.0020833333333333333,0.0013966942148760332,0.0010691852526172054,0.0011443562430739308,0.001013575644399064,0.001091835496785151,0.0010894595448338316,0.0010444951052903542,0.0007848885564304697,0.0010371271033381164,0.0010426414353215726,0.0010925871219695435,0.0009566179367712965,0.000940607140305016,0.0011072694292687429,0.0012947815936918735,0.0013871768587837695,0.0011403595549455995
475,0.001,0.0009233214068686523,0.0009242398848168482,0.00041982507288629745,0.0006944444444444445,0.001181818181818182,0.0008111060537096042,0.0008201219742029838,0.0009496564596171409,0.0003639451655950503,0.0008575699634708077,0.0010444951052903542,0.0008633774120735167,0.0010371271033381164,0.0013033017941519657,0.0010089265808504177,0.0009681796442624973,0.0009687622523810277,0.0009596039176363734,0.0011694448934363244,0.0009942495870334403,0.0009384556795768822
476,0.001,0.000900238371696936,0.000901419146920136,0.0006297376093294462,0.0011574074074074073,0.001181818181818182,0.0010323167956304052,0.0011252836390226986,0.0010409695807341737,0.0013344656071818512,0.0009708531223407338,0.001082643318807635,0.0008633774120735167,0.0010260938362813279,0.0013033017941519657,0.0010255942865548498,0.0009722104469750672,0.0009762973489771985,0.0008873972955580764,0.0010960318975289844,0.0013158180846261963,0.0009860025228667418
477,0.001,0.0009553811779404805,0.0009559353541178376,0.0006297376093294462,0.0018518518518518517,0.0012892561983471075,0.0011060537096040056,0.0011062110349714664,0.0009587877717288442,0.0008492053863884508,0.0010084787199923795,0.0010401700552204738,0.0008222642019747777,0.0007281956257480391,0.001368466883859564,0.0009433970479251361,0.0009722104469750672,0.001043309474705811,0.0009727456132532082,0.001174358305521778,0.0012286843438478853,0.0010662678135795077
478,0.001,0.0008758729456823466,0.0008773305902513842,0.0006297376093294462,0.0011574074074074073,0.0010743801652892565,0.0009217114246700048,0.0008773397863566803,0.0008674746506118115,0.001091835496785151,0.0008224178071608223,0.001090939557516868,0.0009088183284984387,0.0008054284951455584,0.0009774763456139742,0.000920598879967099,0.0009566179367712965,0.0009732163317023199,0.0009015451737517504,0.0010487736554933838,0.001037761298639112,0.0009645723703339091
479,0.001,0.0009348629244545105,0.0009356502537652045,0.00041982507288629745,0.0009259259259259259,0.0008595041322314051,0.0008479745106964044,0.0009727028066128413,0.0008309494021649983,0.0003639451655950503,0.0009762318511583565,0.0010401700552204738,0.0010157381318511962,0.0008716280974862893,0.0011729716147367692,0.0010490925767580154,0.0009722104469750672,0.0009772601668755982,0.0009185914827167865,0.0010876278347900052,0.0009701240106784497,0.000966065980217596
480,0.001,0.0008644228967728703,0.0008660095043151433,0.0013994169096209913,0.0032407407407407406,0.0016408715251690457,0.0012166590805644062,0.001119478933441889,0.0008835942117885937,0.00048526022079340043,0.0007899296688316681,0.000949541004809413,0.000715012349543285,0.0007221273288668055,0.0009877655703046477,0.0008005616207497751,0.0009722104469750672,0.000995448192654955,0.0009782010641586133,0.0014648616891368396,0.0012899617489670705,0.001263763602655009
481,0.001,0.0009449830188093951,0.0009456570937631054,0.002099125364431487,0.004166666666666667,0.0016408715251690457,0.0018802913063268097,0.001268742791234141,0.0009851567648677425,0.0008492053863884508,0.000851239458240926,0.000949541004809413,0.000715012349543285,0.0007971535448529671,0.0010426414353215728,0.0008497421317594613,0.0009566179367712965,0.0010028711229730278,0.0010437152588385033,0.0012299157987919174,0.0020767517420102804,0.0013774656686970357
482,0.001,0.0009488192150968488,0.0009494498361177704,0.002099125364431487,0.0032407407407407406,0.0019143501126972198,0.0014931725079654077,0.0013433747201302667,0.001035938041407317,0.0006065752759917505,0.0008653245969233804,0.000949541004809413,0.0006528373626264775,0.0007408838828633459,0.0006036345151861736,0.000890900244879917,0.0009722104469750672,0.000980225646002669,0.0010269643922624428,0.001372054793356658,0.0016415075193965628,0.0012552659964568343
483,0.001,0.0009603278039592095,0.0009608280631817649,0.0006997084548104956,0.001388888888888889,0.0009571750563486099,0.0011060537096040056,0.001069724314177805,0.0010562505520231465,0.0008492053863884508,0.0008533169655839798,0.0009958870075444887,0.0009384537087755616,0.0009096928688322096,0.001371896625423122,0.0009046635935624179,0.0009722104469750672,0.000940607140305016,0.000978127932872336,0.0013952526981469546,0.0011493491377137452,0.0010550473971045033
484,0.001,0.0009795087853964773,0.000979791774955089,0.0013994169096209913,0.004166666666666667,0.001777610818933133,0.0016037778789258082,0.0014926385779225186,0.0011273443391785507,0.001213150551983501,0.0010718317805331846,0.0009958870075444887,0.0006825117882004085,0.000881558037837399,0.000878013840270798,0.0009265983250875172,0.0009566179367712965,0.0009687622523810277,0.001139014646118428,0.001563886886541398,0.001984289685865825,0.001421103397580676
485,0.001,0.0009206871089888559,0.0009216363921835613,0.0006997084548104956,0.001388888888888889,0.0015041322314049588,0.0012166590805644062,0.001069724314177805,0.0010562505520231465,0.0006065752759917505,0.0009213674328398172,0.0009958870075444887,0.0007507629670204494,0.000881558037837399,0.0010975173003384975,0.0008556477201260044,0.0009681796442624973,0.0009762973489771985,0.0009871155906311677,0.0014125004111026148,0.0014222261481903365,0.001027365401986743
486,0.001,0.0008976699312641345,0.0008988799380555721,0.0010495626822157435,0.0023148148148148147,0.0015041322314049588,0.001548475193445608,0.0014677612682904768,0.0011578131051022953,0.001091835496785151,0.0008438917347016284,0.0009958870075444887,0.0007507629670204494,0.0008721797608391286,0.0010975173003384975,0.0008697832228042145,0.0009722104469750672,0.001043309474705811,0.000912838817589367,0.0013238293779642427,0.0018822143962873576,0.00113603417433004
487,0.001,0.0009526554113843022,0.0009532425784724352,0.0010495626822157435,0.0037037037037037034,0.0016408715251690457,0.0016590805644060085,0.0014428839586584346,0.0010664068073310614,0.001091835496785151,0.0009420749044927424,0.000949541004809413,0.000715012349543285,0.0006189662818858332,0.0011523931653554225,0.000800073611451835,0.0009722104469750672,0.0009732163317023199,0.0010006340563150713,0.0014184350187353236,0.0017575737767279306,0.001316427098344055
488,0.001,0.0008733740214435953,0.0008748592364760281,0.0010495626822157435,0.0023148148148148147,0.0013673929376408715,0.001382567137005007,0.001144356243073931,0.0009648442542519128,0.0003639451655950503,0.00076845974394456,0.0009958870075444887,0.0007902768073899467,0.0006846142208737246,0.0008231379752538731,0.0007807390029613919,0.0009566179367712965,0.0009772601668755982,0.0009273923129249482,0.0012667490600476571,0.00148446755598689,0.0011158543892020474
489,0.001,0.0009321956978512166,0.0009330146192475559,0.0006997084548104956,0.0018518518518518517,0.0010939143501126972,0.0012719617660446065,0.001268742791234141,0.0009242192330202533,0.001091835496785151,0.000878350365679437,0.0009958870075444887,0.0008832505494358226,0.0007408838828633459,0.0009877655703046477,0.0008897115890707177,0.0009722104469750672,0.0009271936361588187,0.0009449273365246321,0.0013136786285442687,0.001387715673175097,0.0010840204332526982
490,0.001,0.0009509888521006255,0.0009516319129338723,0.0011195335276967932,0.0016203703703703703,0.000937640871525169,0.0007435138825671371,0.0008209512178573852,0.0009160196874505605,0.0006065752759917505,0.0008235851547854091,0.0009053518250404443,0.0009673696493820914,0.0009557567587943015,0.001049500918448688,0.0010221736602647271,0.0009722104469750672,0.0010028711229730278,0.0011611685387655948,0.00127583836183,0.001127626178908347,0.001108349677392919
491,0.001,0.0010396165113940269,0.001039154264050418,0.0016793002915451896,0.0020833333333333333,0.000937640871525169,0.0011490669094219393,0.0009304113802383699,0.0010213093066977514,0.001213150551983501,0.0009933977545757706,0.0009053518250404443,0.0009673696493820914,0.0010550561623053978,0.0011078065250291708,0.0010849683554505628,0.0009566179367712965,0.000980225646002669,0.0012389368263827072,0.0010712095002253365,0.0018154023817058829,0.0011657880225669859
492,0.001,0.0010438368761222841,0.001043321995055968,0.0016793002915451896,0.0016203703703703703,0.0010939143501126972,0.0009124943104233047,0.0009851414614288623,0.0010739541163213469,0.0009705204415868009,0.0009353583994345101,0.0009917632341062436,0.0008832505494358226,0.0009805816096720755,0.0006413616723853093,0.0011375198868348979,0.0009722104469750672,0.000940607140305016,0.001219052796424192,0.0011950071142406904,0.0014349315809004794,0.0010995312558510944
493,0.001,0.0010564979703070558,0.0010558251880726174,0.0005597667638483966,0.0006944444444444445,0.0005469571750563486,0.0006759217114246702,0.0007844644970637236,0.001095012040170785,0.0009705204415868009,0.0009704803429075463,0.000949541004809413,0.0012696726648139952,0.0012040052675720422,0.001457640164512067,0.0011550932155277168,0.0009722104469750672,0.0009687622523810277,0.0011610817286485994,0.0012152115998006752,0.0010047089980997868,0.0010417312223264575
494,0.001,0.0010775997939483418,0.0010766638431003663,0.0011195335276967932,0.0020833333333333333,0.0010157776108189332,0.0009800864815657717,0.0010946016238098468,0.0011687147736438187,0.0008492053863884508,0.0010952199548695722,0.0009958870075444887,0.0009233983016829055,0.0011667679912553811,0.0009328897052877228,0.0011830999350965815,0.0009566179367712965,0.0009762973489771985,0.0013520614735821747,0.001362085511696394,0.0017345762369402188,0.00120887852975583
495,0.001,0.0010128875347817311,0.0010127586343486026,0.0005597667638483966,0.0006944444444444445,0.000859504132231405,0.0007435138825671371,0.0007844644970637236,0.001095012040170785,0.0007278903311901007,0.000952110805580669,0.0010401700552204738,0.0010157381318511962,0.0011667679912553811,0.0011661121316096535,0.0010925087330057503,0.0009681796442624973,0.001043309474705811,0.001171750481535026,0.0012302336964299004,0.0012432457305897565,0.0010040497561989976
496,0.001,0.000987565346412188,0.0009877522483153038,0.0008396501457725948,0.0011574074074074073,0.000859504132231405,0.0009462903959945382,0.0010763582634130161,0.001200301659417976,0.0008492053863884508,0.0008728869246681313,0.0009053518250404443,0.0010157381318511962,0.0011543555658164938,0.0011661121316096535,0.0011105572356291157,0.0009722104469750672,0.0009732163317023199,0.0010835806203712004,0.0011530046266139675,0.0016453466385893392,0.001049048454088463
497,0.001,0.0010480572408505414,0.0010474897260615177,0.0008396501457725948,0.0018518518518518517,0.000937640871525169,0.0010138825671370051,0.0010581149030161852,0.001105541002095504,0.0014557806623802013,0.001050051341576663,0.0009053518250404443,0.0009673696493820914,0.0008192200789665441,0.0012244177381901362,0.0010215505598844573,0.0009722104469750672,0.0009772601668755982,0.0011877975066504945,0.00123540251211835,0.0015363914500474243,0.001127920757241685
498,0.001,0.0009608363697998923,0.0009613566186134885,0.0008396501457725948,0.0011574074074074073,0.0007813673929376409,0.0008449021392808376,0.0008391945782542159,0.0010002513828483131,0.00048526022079340043,0.0008245134870223863,0.000949541004809413,0.001069198033527575,0.0009061070570387533,0.0008745840987072401,0.0009968637312653785,0.0009566179367712965,0.0009271936361588187,0.0011008562721077728,0.001103289858425618,0.0012976543523180396,0.0010265609998497622
499,0.001,0.0010255486289665028,0.0010252618273652522,0.0005597667638483966,0.0009259259259259259,0.0006250939143501126,0.0007773099681383707,0.0009304113802383699,0.0009581355351494369,0.00048526022079340043,0.0008578588873323735,0.0009053518250404443,0.0011949860374719954,0.0009805816096720755,0.001049500918448688,0.0011360021864758097,0.0009722104469750672,0.0010225126081003797,0.0011216711316254103,0.001144163713094714,0.0012130782352319232,0.0010320709601409845
500,0.001,0.0009227087501984226,0.0009237047171382868,0.0007463556851311954,0.0014583333333333332,0.0012892561983471075,0.0008449021392808376,0.0008955831467535112,0.0009195662238510881,0.001213150551983501,0.0010228951550056568,0.0010401700552204738,0.0008222642019747777,0.0007050802053912346,0.0011957162166845734,0.0008321875713445995,0.0010362748113006723,0.0010745047746139583,0.0009008734074150852,0.0010604806386333469,0.0007491513155574962,0.001019027102807385
501,0.001,0.0010087008378648437,0.0010086585816342169,0.0011195335276967932,0.0018749999999999997,0.0012892561983471075,0.00130575785161584,0.0010149942329873126,0.0010252634909604086,0.0007278903311901007,0.0010495655440296923,0.0009958870075444887,0.0008222642019747777,0.0007783352916656486,0.001262144895389272,0.0008833109439293433,0.001019654823704992,0.00099651652484359,0.00096120864723216,0.0008903925206322021,0.00120608328181756,0.0010681583813646968
502,0.001,0.0010127956991822923,0.0010127040037530707,0.0011195335276967932,0.0014583333333333332,0.0015041322314049588,0.0010369253527537552,0.0010746997761042134,0.001078112124515069,0.0008492053863884508,0.0010360821931078852,0.000949541004809413,0.0007507629670204492,0.0007233939769598381,0.0007307154657516837,0.0009260949961635234,0.0010362748113006723,0.0010615067329855636,0.0009457819514306064,0.0009932934653756871,0.0009533131650129648,0.001010853437855356
503,0.001,0.0010250802831346382,0.001024840270109632,0.0003731778425655977,0.000625,0.0007520661157024794,0.0007680928538916705,0.0008557794513422439,0.001099251577936933,0.0008492053863884508,0.0010610516109793352,0.001082643318807635,0.0010792217650918959,0.0008882179210772696,0.0016607169676174632,0.000940402061874383,0.0010362748113006723,0.0010513971450523676,0.0009008060572214786,0.0010100874938286158,0.0006674898842873412,0.0009538383477421929
504,0.001,0.001045554589721881,0.0010450673807039011,0.0007463556851311954,0.0018749999999999997,0.0013966942148760332,0.0011137346381429223,0.0011941108623380148,0.0011732396649134574,0.0009705204415868009,0.001037485148649823,0.0011354858921777458,0.0007848885564304697,0.0008607472637243643,0.0010628588592751765,0.0009632033184957939,0.001019654823704992,0.0010499266595348118,0.0010489745339083115,0.0011321695259618554,0.001152385510503615,0.0011021323751122145
505,0.001,0.000982766716187669,0.0009830375748814762,0.0003731778425655977,0.000625,0.001181818181818182,0.0008449021392808376,0.0008557794513422439,0.001099251577936933,0.002062355938371952,0.0011256485217816744,0.0009958870075444887,0.0008633774120735167,0.0008607472637243643,0.0013285735740939705,0.0008894498308216622,0.0010319783965343477,0.0010533227808491668,0.0009090832327087529,0.0010225739051982522,0.0008259644836680035,0.0009216741829521034
506,0.001,0.0009581975482829773,0.0009587650421683532,0.0005597667638483966,0.0010416666666666664,0.001181818181818182,0.0010753299954483389,0.0011742090146323813,0.0012049488450462534,0.0006065752759917505,0.0009365364500650816,0.0010444951052903542,0.0008633774120735167,0.0008515903779400625,0.0013285735740939705,0.0009041437523620149,0.0010362748113006723,0.0009881023336445328,0.000840678104076513,0.000958380872812875,0.0010931048089364145,0.0009645237812210502
507,0.001,0.001016890560499741,0.0010167494258719245,0.0005597667638483966,0.0016666666666666666,0.0012892561983471075,0.0011521392808375058,0.0011543071669267476,0.0011098213046478649,0.0013344656071818512,0.0011122156531241459,0.0009958870075444887,0.0008222642019747777,0.0006043544617639154,0.001395002252798669,0.0008316802833833479,0.0010362748113006723,0.000995448192654955,0.0009215330517591516,0.0010268702401621914,0.0010207191865025593,0.0010383534004153126
508,0.001,0.0009322634266058028,0.0009331440354156125,0.0005597667638483966,0.0010416666666666664,0.0010743801652892565,0.0009601160673645882,0.0009154849944591446,0.0010041240375385444,0.0013344656071818512,0.0009768276594842877,0.000949541004809413,0.0009088183284984387,0.0006684526622540276,0.0009964301805704778,0.0008115818668898229,0.001019654823704992,0.0010028711229730278,0.0008540811327718882,0.0009170578097233874,0.0008621114721893888,0.0009463040209035966
509,0.001,0.0009950513001400149,0.0009951738412380376,0.0003731778425655977,0.0008333333333333333,0.0008595041322314051,0.0008833067819754211,0.0010149942329873126,0.0009618451306948163,0.0009705204415868009,0.0010651562747047694,0.0009958870075444887,0.0010157381318511962,0.0007233939769598381,0.0011957162166845734,0.000924859382857335,0.0010362748113006723,0.000980225646002669,0.000870229997292843,0.0009510322792170904,0.0008059223639858634,0.0009498549078151518
510,0.001,0.0008548450098612483,0.0008565476139789981,0.0014927113702623907,0.0023333333333333335,0.0015867768595041324,0.001063950842057351,0.0008209512178573852,0.0007675718066856189,0.0008492053863884508,0.0009513069972435616,0.000949541004809413,0.0007235924977378043,0.0007131845755681453,0.0009357779087096663,0.0007929679724115649,0.0010212392432564976,0.00099651652484359,0.0008365626161487234,0.0008423009262622049,0.0007890413070044595,0.0010908325677488032
511,0.001,0.0009345125181767197,0.0009353249857756066,0.0022390670553935864,0.003,0.0015867768595041324,0.0016442876649977246,0.0009304113802383699,0.0008557984511322419,0.001091835496785151,0.0008184605061570825,0.0009958870075444887,0.0007235924977378043,0.0007872816743284721,0.0009877655703046477,0.0008416819865320407,0.0010048603991795666,0.0010615067329855636,0.0008925906947354369,0.0007072061643972571,0.0012703034877985444,0.0011763123190240879
512,0.001,0.000938306209048885,0.0009390762891944928,0.0022390670553935864,0.0023333333333333335,0.0018512396694214876,0.00130575785161584,0.0009851414614288623,0.0008999117733555534,0.001091835496785151,0.00092583639546286,0.000949541004809413,0.0006606714109779953,0.0007317088502582271,0.000571864277544796,0.0008824496984276559,0.0010212392432564976,0.0010513971450523676,0.0008782652668872465,0.000788936615584363,0.0010040741437484099,0.001084624010785002
513,0.001,0.000949687281665381,0.0009503301994511512,0.0007463556851311954,0.001,0.0009256198347107438,0.0009672280382339556,0.0007844644970637236,0.0009175571022448779,0.001091835496785151,0.0009800239233508567,0.0009958870075444887,0.0009497151532808682,0.0008984273224689624,0.0012996915398745365,0.0008960824962229518,0.0010212392432564976,0.0010499266595348118,0.0008365000738939538,0.0008022754972256207,0.0007030316569869488,0.0009548515146256384
514,0.001,0.0009686557360262074,0.0009690867165455818,0.0014927113702623907,0.003,0.0017190082644628101,0.0014024806554392357,0.0010946016238098468,0.0009793157533575139,0.0006065752759917505,0.0008467892766337617,0.0009958870075444887,0.0006907019296588133,0.0008706409104338398,0.0008318025855197033,0.0009178091680143873,0.0010048603991795666,0.0010533227808491668,0.0009740912242905111,0.0008992407835304398,0.0012137464761763311,0.001205949845845334
515,0.001,0.0009104858093196727,0.000911566730789328,0.0007463556851311954,0.001,0.0014545454545454549,0.001063950842057351,0.0007844644970637236,0.0009175571022448779,0.0003639451655950503,0.0009145440179328803,0.0009958870075444887,0.0007597721226246947,0.0008706409104338398,0.001039753231899629,0.0008475315580222766,0.0010170051662367443,0.0009881023336445328,0.0008441863653561746,0.0008121929964040023,0.0008699445388381575,0.0009260061470017947
516,0.001,0.0008877236640866809,0.0008890589102760112,0.0011195335276967932,0.0016666666666666666,0.0014545454545454549,0.001354119253527538,0.0010763582634130161,0.0010057837466915008,0.00048526022079340043,0.00076215719062346,0.0009958870075444887,0.0007597721226246947,0.0008613787730887989,0.001039753231899629,0.0008615329797832407,0.0010212392432564976,0.000995448192654955,0.0007806644843731681,0.0007612068221467679,0.0011513092605252892,0.0010043591012938544
517,0.001,0.0009420998999210503,0.000942827592613379,0.0011195335276967932,0.0026666666666666666,0.0015867768595041324,0.0014508420573509334,0.0010581149030161852,0.0009263797666895402,0.0007278903311901007,0.0009587165100640898,0.0010401700552204738,0.0007235924977378043,0.000611301064772696,0.0010917408934946107,0.0007924845920777149,0.0010212392432564976,0.0010028711229730278,0.0008557474272208645,0.0008156054178927361,0.0010750693274871458,0.0011273381517569166
518,0.001,0.0008636969552296341,0.0008653006552897325,0.0011195335276967932,0.0016666666666666666,0.0013223140495867772,0.0012090350477924445,0.0008391945782542159,0.0008381531222429173,0.001213150551983501,0.0008515937933561848,0.0009958870075444887,0.000799760129078626,0.0006761360261879819,0.0007798149239247219,0.0007733333801101976,0.0010048603991795666,0.000980225646002669,0.0007931107089563668,0.0007283854267829426,0.0009080162427448163,0.000985893018603599
519,0.001,0.0009218668819361687,0.0009228206410459863,0.0007463556851311954,0.0013333333333333333,0.0010578512396694217,0.001112312243969049,0.0009304113802383699,0.0008028624644642682,0.001091835496785151,0.0009460655964898282,0.001090939557516868,0.0008938495560290524,0.0007317088502582271,0.0009357779087096663,0.0008812723174959629,0.0010212392432564976,0.000940607140305016,0.0008081067519522907,0.0007553701034298373,0.0008488352382459703,0.0009699734682440801
520,0.001,0.0008631791534114276,0.0008647949775248755,0.0011195335276967932,0.000875,0.0004958677685950414,0.0005319754210286755,0.000641834588506683,0.0006079776686618764,0.0006065752759917505,0.0008919591983003381,0.000949541004809413,0.001292129460246079,0.0005754102825606627,0.0007278272623297404,0.0007447219011848572,0.0010212392432564976,0.0010615067329855636,0.0008688642122511069,0.0008858770224622454,0.00047658713171263884,0.0009692366791700525
521,0.001,0.0009436233644542086,0.0009443308659687691,0.0016793002915451896,0.001125,0.0004958677685950414,0.0008221438324988623,0.0007274125336409074,0.0006778601593126669,0.001091835496785151,0.0008746379533580769,0.0010401700552204738,0.001292129460246079,0.0006351931690604718,0.0007682621102369482,0.0007904720379776677,0.0010048603991795666,0.0010513971450523676,0.000927055663106632,0.0007437931879801369,0.0007672732596888589,0.0009968822412792914
522,0.001,0.0009474540411705315,0.0009481182892280023,0.0016793002915451896,0.000875,0.000578512396694215,0.00065287892580792,0.0007702015062080195,0.0007128014046380621,0.0007278903311901007,0.0009465779526587096,0.000949541004809413,0.00117977037674642,0.000590356004185615,0.00044478332697928574,0.0008287593446106541,0.0010212392432564976,0.0010499266595348118,0.0009121770977222744,0.0008297519308529782,0.0006064686499273146,0.0009557966054810212
523,0.001,0.0009589460713195002,0.0009594805590057013,0.0005597667638483966,0.000375,0.0002892561983471075,0.0004836140191169778,0.0006133086067952749,0.00072677790276822,0.0015770957175785514,0.001040285383563734,0.0010401700552204738,0.001695919916572979,0.0007248674988101856,0.0010108711976801951,0.000841562690326756,0.0010212392432564976,0.0010533227808491668,0.0008687992550968261,0.0008437808941164655,0.00042463662920083346,0.0009673736522787715
524,0.001,0.0009780994549011147,0.0009784176753018664,0.0011195335276967932,0.001125,0.0005371900826446282,0.0007012403277196178,0.0008557794513422439,0.0007756956462237734,0.0013344656071818512,0.00098356953579397,0.0009958870075444887,0.0012333963029621665,0.0007024489163727571,0.0006469575665153248,0.0008619674593538452,0.0010048603991795666,0.0009881023336445328,0.0010117031145262501,0.0009457626401120435,0.0007331123815345843,0.0010227799645676691
525,0.001,0.0009193624119174968,0.0009203438519936266,0.0005597667638483966,0.000375,0.0004545454545454547,0.0005319754210286755,0.0006133086067952749,0.00072677790276822,0.0007278903311901007,0.0009407167325099789,0.0009958870075444887,0.0013567359332583833,0.0007024489163727571,0.0008086969581441559,0.0007959657075240896,0.0010170051662367443,0.000995448192654955,0.0008767823318534708,0.0008542114710854399,0.0005254533176317074,0.000918242139892308
526,0.001,0.0008963783516195594,0.0008976193124382285,0.0008396501457725948,0.0006249999999999999,0.0004545454545454547,0.000677059626763769,0.0008415164604865399,0.0007966603934190105,0.001213150551983501,0.0009203377799577162,0.0010444951052903542,0.0013567359332583833,0.0006949760555602809,0.0008086969581441559,0.0008091152492406423,0.0010212392432564976,0.0010028711229730278,0.0008108077257503498,0.0008005875478182828,0.0006953998140744305,0.0009399110262981472
527,0.001,0.0009512847178868544,0.0009519057124872353,0.0008396501457725948,0.001,0.0004958677685950414,0.0007254210286754667,0.0008272534696308358,0.0007337661518332991,0.001091835496785151,0.0010486069739545445,0.0009958870075444887,0.001292129460246079,0.0004932088136234251,0.0008491318060513638,0.0007442679308685966,0.0010212392432564976,0.000980225646002669,0.000888789792760694,0.0008578004328134538,0.0006493502971656698,0.000979276086420445
528,0.001,0.0008721173990828478,0.000873632298463086,0.0008396501457725948,0.0006249999999999999,0.00041322314049586787,0.0006045175238962222,0.000656097579362387,0.0006638836611825088,0.0007278903311901007,0.0009265605538805454,0.0009958870075444887,0.0014281430876404034,0.0005455188393107582,0.000606522718608117,0.0007262819245194761,0.0010048603991795666,0.000940607140305016,0.0008237345275333005,0.0007660681509003806,0.0005484489250900441,0.0009288389587286251
529,0.001,0.0009308544420664655,0.0009317061217713258,0.0005597667638483966,0.0005,0.0003305785123966943,0.0005561561219845245,0.0007274125336409074,0.0006359306649221925,0.0006065752759917505,0.0009643948007298194,0.0010444951052903542,0.0015961599214804505,0.000590356004185615,0.0007278272623297404,0.0008276535983556035,0.0010212392432564976,0.0009687622523810277,0.0008393096020501623,0.0007944488688299438,0.0005127031346788223,0.0009506524790811976
530,0.001,0.0008536544179255086,0.0008553694191867298,0.0014927113702623907,0.0014583333333333332,0.0009917355371900829,0.0006884387801547566,0.0006567609742859081,0.0006991743189611578,0.0006065752759917505,0.0010000458835977555,0.001082643318807635,0.000952095391760269,0.0006564539843297701,0.0010917408934946107,0.0008437304953189702,0.0010212392432564976,0.0010513971450523676,0.0009215700877489077,0.0008398553502105781,0.0007372162219971115,0.0010106249659186514
531,0.001,0.000933210968708507,0.0009340384314622976,0.0022390670553935864,0.0018749999999999997,0.0009917355371900829,0.0010639508420573513,0.0007443291041906958,0.0007795391832095669,0.0007278903311901007,0.0009194104970833856,0.0010401700552204738,0.000952095391760269,0.0007246569956887073,0.0011523931653554225,0.0008955629787140397,0.0010048603991795666,0.0010499266595348118,0.000983291470348176,0.000705152828819333,0.001186868583116275,0.0010626053505412114
532,0.001,0.00093699937588865,0.0009377845749039915,0.0022390670553935864,0.0014583333333333332,0.00115702479338843,0.0008449021392808378,0.0007881131691430897,0.0008197216153337714,0.0014557806623802013,0.0010190960883797204,0.000949541004809413,0.0008693044881289411,0.0006735047371695044,0.0006671749904689287,0.0009389404705515736,0.0010212392432564976,0.0010533227808491668,0.0009675103613860341,0.0007866459799775775,0.0009381254698431189,0.0010020877178016246
533,0.001,0.0009483645974290784,0.0009490230052290725,0.0007463556851311954,0.000625,0.000578512396694215,0.0006258534365043242,0.0006275715976509789,0.0008357945881834531,0.0013344656071818512,0.0010251441894797392,0.001082643318807635,0.0012496252016853532,0.0008269615127271131,0.0015163067965202927,0.0009534459835566291,0.0010212392432564976,0.0009881023336445328,0.0009215011902508562,0.0007999461328836763,0.0006568557786612283,0.0009508981593316443
534,0.001,0.0009673066333297922,0.000967753722437541,0.0014927113702623907,0.0018749999999999997,0.0010743801652892565,0.0009074874829312702,0.0008756812990478774,0.0008920499931573394,0.0008492053863884508,0.0009913076743286841,0.0009958870075444887,0.0009088183284984387,0.0008013853834675116,0.0009704363497729872,0.0009765635068236423,0.0010048603991795666,0.000995448192654955,0.0010730736919342043,0.0008966298856241451,0.0011340262970845514,0.0010912657594100486
535,0.001,0.0009092177232342695,0.0009103128563315709,0.0007463556851311954,0.000625,0.0009090909090909094,0.0006884387801547566,0.0006275715976509789,0.0008357945881834531,0.0007278903311901007,0.0009569926611903435,0.0009958870075444887,0.0009997001613482827,0.0008013853834675116,0.001213045437216234,0.0009017870155258302,0.0010170051662367443,0.0010028711229730278,0.0009299685257025795,0.0008098348371293605,0.0008128056422091234,0.0009139714303385824
536,0.001,0.0008864872801534127,0.0008878359956814086,0.0011195335276967932,0.0010416666666666664,0.0009090909090909094,0.0008761948111060539,0.0008610866107304128,0.0009161594524318621,0.0008492053863884508,0.0008757920835544798,0.0010444951052903542,0.0009997001613482827,0.0007928600070476444,0.001213045437216234,0.0009166847502749667,0.0010212392432564976,0.000980225646002669,0.0008599918565310781,0.0007589966985240409,0.0010756900251737325,0.0009577743581782533
537,0.001,0.0009407877830687926,0.0009415307183456851,0.0011195335276967932,0.0016666666666666666,0.0009917355371900829,0.0009387801547564863,0.0008464919224129482,0.000843831074608294,0.0019410408831736017,0.0011179487614860362,0.000949541004809413,0.000952095391760269,0.0005626748437112315,0.0012736977090770458,0.0008432161709796574,0.0010212392432564976,0.000940607140305016,0.0009427043670986033,0.0008132373508333457,0.00100445761325721,0.0010312063968057773
538,0.001,0.0008624940346791751,0.0008641104205506819,0.0011195335276967932,0.0010416666666666664,0.0008264462809917357,0.0007823167956304053,0.0006713556626033727,0.0007634662103598851,0.0008492053863884508,0.0008833410329218798,0.000949541004809413,0.0010523159593139818,0.0006223524786503015,0.0009097840779121755,0.0008228389777997476,0.0010048603991795666,0.0009687622523810277,0.0008737028066259862,0.0007262705983403346,0.0008483767554954664,0.0009425177482985622
539,0.001,0.0009205829447746978,0.000921551286656652,0.0007463556851311954,0.0008333333333333333,0.0006611570247933886,0.0007197314519799729,0.0007443291041906958,0.0007313202646605214,0.0009705204415868009,0.00100598092611006,0.0010444951052903542,0.0011761178368803324,0.0006735047371695044,0.0010917408934946107,0.0009376877185726314,0.0010212392432564976,0.0009762973489771985,0.0008902226754234502,0.0007531769264102411,0.00079308282327249,0.0009474458533575904
540,0.001,0.0008560356017969883,0.0008577258087712663,0.0014927113702623907,0.0023333333333333335,0.0011900826446280995,0.0009074874829312701,0.0008955831467535112,0.0008055704109769862,0.001091835496785151,0.0008737937050584791,0.000949541004809413,0.0008614196401640528,0.0006564539843297701,0.0009357779087096663,0.0007333257844753348,0.0010212392432564976,0.0010499266595348118,0.0008845761958135334,0.00095008910487191,0.0006907662045862455,0.001120647447979089
541,0.001,0.0009358140676449324,0.0009366115400889155,0.0022390670553935864,0.003,0.0011900826446280995,0.0014024806554392354,0.0010149942329873126,0.0008981647110892835,0.0006065752759917505,0.0008947422290827874,0.000949541004809413,0.0008614196401640528,0.0007246569956887073,0.0009877655703046477,0.0007783758291968124,0.0010048603991795666,0.0010533227808491668,0.00094381994357164,0.0007977064380942215,0.0011120871761081466,0.0012045766519224231
542,0.001,0.0009396130422091204,0.0009403680034849941,0.0022390670553935864,0.0023333333333333335,0.0013884297520661158,0.0011137346381429223,0.0010746997761042134,0.0009444618611454322,0.0009705204415868009,0.0009713024873832363,0.000949541004809413,0.0007865135844976135,0.0006735047371695044,0.000571864277544796,0.0008160772438153588,0.0010212392432564976,0.0009881023336445328,0.0009286723237464903,0.0008898958312054455,0.0008790166994341568,0.001112375385206083
543,0.001,0.0009510099659016838,0.0009516373936732296,0.0007463556851311954,0.001,0.0006942148760330579,0.0008249886208466092,0.0008557794513422439,0.0009629807211678915,0.001213150551983501,0.0008847852529199557,0.000949541004809413,0.0011306132777153194,0.0008269615127271131,0.0012996915398745365,0.0008286846661648711,0.0010212392432564976,0.000995448192654955,0.0008845100640157054,0.000904941672570922,0.0006154690573102141,0.0009889718611073804
544,0.001,0.0009700048387226228,0.0009704197106536224,0.0014927113702623907,0.003,0.0012892561983471077,0.0011962335002275832,0.0011941108623380148,0.0010277967312464996,0.0003639451655950503,0.0008011483536281602,0.0010444951052903542,0.0008222642019747778,0.0008013853834675116,0.0008318025855197033,0.0008487771909449554,0.0010048603991795666,0.0010028711229730278,0.0010299981052524858,0.0010143154832798938,0.0010625743408304422,0.0012354680856068812
545,0.001,0.0009117538954050763,0.0009128206052470848,0.0007463556851311954,0.001,0.0010909090909090912,0.0009074874829312701,0.0008557794513422439,0.0009629807211678915,0.0009705204415868009,0.0009445268604269307,0.0009958870075444887,0.0009044906221722556,0.0008013853834675116,0.001039753231899629,0.0007837854317925846,0.0010170051662367443,0.000980225646002669,0.0008926375016160924,0.0009161283015097856,0.0007615929381126423,0.0009554328667834868
546,0.001,0.0008889600480199494,0.0008902818248706136,0.0011195335276967932,0.0016666666666666666,0.0010909090909090912,0.0011549840691852528,0.0011742090146323813,0.0010555750212801888,0.0008492053863884508,0.0008350742824662074,0.0009958870075444887,0.0009044906221722556,0.0007928600070476444,0.001039753231899629,0.0007967337524736876,0.0010212392432564976,0.000940607140305016,0.0008254698530190883,0.0008586174913580473,0.001007913680992567,0.0010328152908331036
547,0.001,0.0009434120167733081,0.0009441244668810726,0.0011195335276967932,0.0026666666666666666,0.0011900826446280995,0.0012374829312699136,0.0011543071669267476,0.0009722401511791213,0.0007278903311901007,0.0009681720275762576,0.000949541004809413,0.0008614196401640528,0.0005626748437112315,0.0010917408934946107,0.0007328787610458228,0.0010212392432564976,0.0009687622523810277,0.0009048620977508236,0.0009199774062377881,0.0009411694323516397,0.0011577081323173382
548,0.001,0.0008648998757800932,0.0008664908900287829,0.0011195335276967932,0.0016666666666666666,0.0009917355371900829,0.0010312357760582614,0.0009154849944591446,0.000879645851066824,0.0006065752759917505,0.0008070041033040705,0.000949541004809413,0.0009520953917602691,0.0006223524786503015,0.0007798149239247219,0.0007151679857959445,0.0010048603991795666,0.0009762973489771985,0.0008386304148007415,0.0008215959837595188,0.0007949228109295359,0.0010164223813904799
549,0.001,0.0009231508190976397,0.0009240899954353204,0.0007463556851311954,0.0013333333333333333,0.0007933884297520662,0.0009487369139736005,0.0010149942329873126,0.000842608131021905,0.0009705204415868009,0.0008456900596777818,0.0010444951052903542,0.0010641066143203008,0.0006735047371695044,0.0009357779087096663,0.0008149884182569515,0.0010212392432564976,0.001043309474705811,0.0008544871389831575,0.0008520338551678723,0.0007431128011133599,0.0010030292506185787
550,0.001,0.0008798474405117862,0.0008812897046166307,0.0011195335276967932,0.0023333333333333335,0.0013884297520661158,0.0008449021392808376,0.0008508039894158356,0.0007219734815359783,0.0009705204415868009,0.0009044347579969139,0.000949541004809413,0.0007865135844976134,0.0006078277632683057,0.000675839600734759,0.0007360283553237555,0.0010212392432564976,0.0010533227808491668,0.0008803368333069455,0.001057648918994621,0.0007151766410001399,0.001114555620490676
551,0.001,0.0009618450570091862,0.0009623426263550946,0.0016793002915451896,0.003,0.0013884297520661158,0.00130575785161584,0.000964244521337947,0.0008049589391837919,0.00048526022079340043,0.0009353583994345101,0.000949541004809413,0.0007865135844976134,0.000670978699711766,0.0007133862452200234,0.0007812444257600815,0.0010048603991795666,0.0009881023336445328,0.0009392966533218186,0.0008880149741735528,0.0011513863385727542,0.0011965484735598506
552,0.001,0.0009657497054138245,0.0009662022892950215,0.0016793002915451896,0.0023333333333333335,0.0016198347107438016,0.0010369253527537552,0.0010209647872990028,0.0008464516680076988,0.0008492053863884508,0.0010043596610355395,0.0009053518250404443,0.0007181210988891252,0.0006236154973791707,0.00041301308933790827,0.0008190847837326587,0.0010212392432564976,0.000995448192654955,0.0009242216289970392,0.0009906411504625669,0.0009100795700636502,0.001106478039804452
553,0.001,0.0009774636506277388,0.0009777812781148019,0.0005597667638483966,0.001,0.0008099173553719008,0.0007680928538916705,0.0008129904787751318,0.0008630487595372614,0.0003639451655950503,0.0009444241888835622,0.0009053518250404443,0.0010322990796531176,0.0007657051043769565,0.0009386661121316099,0.0008317386689951585,0.0010212392432564976,0.0010028711229730278,0.0008802710184480828,0.0010073903351168906,0.0006372186278428219,0.0009780889983321537
554,0.001,0.0009969868926509291,0.000997079592814436,0.0011195335276967932,0.003,0.0015041322314049588,0.0011137346381429223,0.0011344053192211142,0.000921138579890731,0.001091835496785151,0.0009291713547496505,0.0009958870075444887,0.0007507629670204492,0.0007420235032106589,0.0006007463117642302,0.0008519052419989537,0.0010048603991795666,0.000980225646002669,0.0010250618031341046,0.0011291463810177245,0.0011001238086672676,0.00122944948467439
555,0.001,0.000937115617113145,0.0009378980944022245,0.0005597667638483966,0.001,0.0012727272727272728,0.0008449021392808376,0.0008129904787751318,0.0008630487595372614,0.0008492053863884508,0.000898618396972335,0.0009053518250404443,0.0008258392637224941,0.0007420235032106589,0.0007509328897052878,0.0007866739646987267,0.0010170051662367443,0.000940607140305016,0.0008883595050181337,0.001019843404985509,0.0007885062640189163,0.000947560465504837
556,0.001,0.0009136877266853164,0.0009147401167626635,0.0008396501457725948,0.0016666666666666666,0.0012727272727272728,0.0010753299954483389,0.0011154985639007622,0.000946034217185075,0.001091835496785151,0.0008007257239263596,0.000949541004809413,0.0008258392637224941,0.0007341296361552263,0.0007509328897052878,0.0007996700046265132,0.0010212392432564976,0.0009687622523810277,0.0008215137597376165,0.0009558217823023488,0.0010435315393319167,0.0010244877736945996
557,0.001,0.0009696543538184625,0.0009700619522349483,0.0008396501457725948,0.0026666666666666666,0.0013884297520661158,0.0011521392808375058,0.0010965918085804104,0.0008713473053020427,0.001213150551983501,0.0009840541537672442,0.000949541004809413,0.0007865135844976134,0.0005209952256585476,0.0007884795341905522,0.0007355796844511633,0.0010212392432564976,0.0009762973489771985,0.0009005255143462596,0.001024128267777634,0.0009744286688785364,0.0011519140292037121
558,0.001,0.0008889582867892751,0.0008902955848097934,0.0008396501457725948,0.0016666666666666666,0.0011570247933884298,0.0009601160673645882,0.0008697107447361874,0.0007883618476542292,0.0008492053863884508,0.0008525042645285807,0.0009053518250404443,0.0008693044881289412,0.0005762522950465755,0.0005631996672789658,0.0007178036385863597,0.0010048603991795666,0.001043309474705811,0.0008346112490644074,0.0009146090610003676,0.0008230139546498231,0.0010082435229854154
559,0.001,0.0009488295623270594,0.0009494770832220051,0.0005597667638483966,0.0013333333333333333,0.0009256198347107438,0.0008833067819754211,0.000964244521337947,0.0007551676645951037,0.001091835496785151,0.0009377379158557076,0.000949541004809413,0.0009715756043794047,0.0006236154973791707,0.000675839600734759,0.000817991945458109,0.0010212392432564976,0.0009732163317023199,0.0008503919793388995,0.0009484928110891369,0.0007693730721855294,0.000993445907703309
560,0.001,0.0008226990275962712,0.000824736354587756,0.0011195335276967932,0.000875,0.0006942148760330579,0.0006884387801547566,0.0006119818169482326,0.0007219734815359783,0.0008492053863884508,0.0008281166664394848,0.0009053518250404443,0.0011306132777153194,0.0006321408737990379,0.0008837902471146847,0.0007362704752353207,0.0010212392432564976,0.0009881023336445328,0.0007826938255875838,0.000771155782476519,0.0005232729811310028,0.0009304944222563545
561,0.001,0.0008993706825349768,0.000900588019316265,0.0016793002915451896,0.001125,0.0006942148760330579,0.0010639508420573513,0.0006935793925413303,0.0008049589391837919,0.0006065752759917505,0.0008781295359171338,0.0009053518250404443,0.0011306132777153194,0.0006978178477002366,0.0009328897052877228,0.0007815014197059096,0.0010048603991795666,0.000995448192654955,0.0008351140871709205,0.0006474718311163465,0.0008424343403832694,0.0009594477542796317
562,0.001,0.0009030217137225343,0.000904200003350956,0.0016793002915451896,0.000875,0.0008099173553719008,0.0008449021392808378,0.0007343781803378791,0.0008464516680076988,0.0014557806623802013,0.0008980026939901678,0.000949541004809413,0.0010322990796531176,0.0006485601172743376,0.0005400940399034184,0.0008193542254382227,0.0010212392432564976,0.0010028711229730278,0.0008217111168382302,0.00072229890072084,0.000665877522268704,0.0009191917532193496
563,0.001,0.0009139748072852065,0.0009150359554550286,0.0005597667638483966,0.000375,0.0004049586776859504,0.0006258534365043242,0.0005847826250838668,0.0008630487595372614,0.0007278903311901007,0.0009323335726860401,0.0009053518250404443,0.0014839299270013567,0.0007963333085520348,0.001227486454325951,0.000832012273254459,0.0010212392432564976,0.000980225646002669,0.0007826353106172737,0.0007345111106195904,0.00046623347563088996,0.0009233209015048111
564,0.001,0.0009322299632229935,0.0009330958756284831,0.0011195335276967932,0.001125,0.0007520661157024794,0.0009074874829312702,0.0008159757559309768,0.000921138579890731,0.001213150551983501,0.0008803353407887476,0.0009958870075444887,0.0010792217650918959,0.0007717044433390853,0.0007855913307686087,0.0008521854801451649,0.0010048603991795666,0.000940607140305016,0.000911366551760534,0.0008232862014476102,0.0008049271074758178,0.000983617531962869
565,0.001,0.0008762474850137798,0.0008777121204298893,0.0005597667638483966,0.000375,0.0006363636363636364,0.0006884387801547566,0.0005847826250838668,0.0008630487595372614,0.0007278903311901007,0.0008982186378898841,0.0009917632341062436,0.0011871439416010856,0.0007717044433390853,0.0009819891634607607,0.0007869327447163522,0.0010170051662367443,0.0009687622523810277,0.0007898266585845575,0.0007435909259215319,0.0005769260344362494,0.0008796978582171995
566,0.001,0.0008543412978884354,0.0008560402162217439,0.0008396501457725948,0.0006249999999999999,0.0006363636363636364,0.0008761948111060539,0.000802376159998794,0.000946034217185075,0.0008492053863884508,0.0008220050207977355,0.001082643318807635,0.0011871439416010856,0.0007634948216014353,0.0009819891634607607,0.0007999330597512256,0.0010212392432564976,0.0009762973489771985,0.0007303951431482167,0.0006969113107401732,0.0007635202664432793,0.0009027550116104886
567,0.001,0.0009066727449100916,0.0009078119873856469,0.0008396501457725948,0.001,0.0006942148760330579,0.0009387801547564863,0.000788776564066611,0.0008713473053020427,0.0007278903311901007,0.0009713856803195346,0.0009053518250404443,0.0011306132777153194,0.0005418350346848896,0.0010310886216337988,0.0007358216567703822,0.0010212392432564976,0.001043309474705811,0.0008006432687988493,0.000746715116434965,0.0007129597993448542,0.0009398819447252748
568,0.001,0.0008312181003672384,0.0008331643173353682,0.0008396501457725948,0.0006249999999999999,0.0005785123966942149,0.0007823167956304053,0.0006255814128804156,0.0007883618476542292,0.0008492053863884508,0.0008521250197638155,0.000949541004809413,0.0012496252016853532,0.0005993023868484385,0.0007364918725955706,0.0007180397633935614,0.0010048603991795666,0.0009732163317023199,0.0007420399177832502,0.000666862182175066,0.0006021742613961361,0.0008893750636028532
569,0.001,0.0008872005785764521,0.0008885480725339621,0.0005597667638483966,0.0005,0.0004628099173553719,0.0007197314519799729,0.0006935793925413303,0.0007551676645951037,0.0007278903311901007,0.0009038150698405721,0.000949541004809413,0.0013966399312953944,0.0006485601172743376,0.0008837902471146847,0.0008182610276694978,0.0010212392432564976,0.0009772601668755982,0.0007560703203312275,0.0006915675918281879,0.0005629268603088526,0.0009081231416021196
570,0.001,0.0008346049469536701,0.0008365183025104382,0.0011195335276967932,0.0014583333333333332,0.0010909090909090914,0.000751024123805189,0.0006866137458443585,0.0007447726441107987,0.0006065752759917505,0.000792154379606604,0.0010401700552204738,0.0009044906221722555,0.0006483496141528594,0.0009877655703046475,0.0007578594667910325,0.0010006209334352284,0.000995448192654955,0.0008133748142635871,0.000932002778250512,0.0006156829378847349,0.0009881161288987127
571,0.001,0.0009123861772171038,0.0009134535624493544,0.0016793002915451896,0.0018749999999999997,0.0010909090909090914,0.0011606736458807465,0.000778162245290273,0.000830378695158017,0.0014557806623802013,0.0008425628510050085,0.0010401700552204738,0.0009044906221722555,0.0007157106130258838,0.0010426414353215726,0.0008044166772346257,0.000984572770032706,0.0010028711229730278,0.0008678499092945035,0.0007825209369518742,0.000991208161638885,0.0010379544995394706
572,0.001,0.0009160900453248865,0.0009171171462559695,0.0016793002915451896,0.0014583333333333332,0.001272727272727273,0.0009217114246700046,0.0008239364950132301,0.0008731817206816261,0.00024263011039670022,0.000812989974556025,0.0010401700552204738,0.0008258392637224941,0.0006651898638711155,0.0006036345151861735,0.0008433794064676113,0.0010006209334352284,0.000980225646002669,0.0008539215529582973,0.0008729553710110598,0.0007834714268940379,0.0009789321066339563
573,0.001,0.0009272016496482341,0.0009281078976758147,0.0005597667638483966,0.000625,0.0006363636363636365,0.0006827492034592626,0.0006560975793623871,0.0008903029308910697,0.001091835496785151,0.0009551444435813221,0.0009917632341062436,0.0011871439416010854,0.0008167521113354204,0.0013718966254231218,0.0008564086147426847,0.0010006209334352284,0.000940607140305016,0.0008133140055519918,0.0008877147929240508,0.0005485702613504004,0.0009257608236862342
574,0.001,0.0009457209901871468,0.00094642581670889,0.0011195335276967932,0.0018749999999999997,0.0011818181818181823,0.000989986345015931,0.0009154849944591446,0.0009502271666241225,0.0006065752759917505,0.0008502347068229478,0.001090939557516868,0.0008633774120735167,0.0007914917367580362,0.0008780138402707979,0.0008771733422876391,0.000984572770032706,0.0009687622523810277,0.0009470914111373942,0.0009950065142224974,0.0009470771551067407,0.001067226308508998
575,0.001,0.0008889283458678143,0.0008902508650074591,0.0005597667638483966,0.000625,0.0010000000000000005,0.000751024123805189,0.0006560975793623871,0.0008903029308910697,0.001091835496785151,0.0007670938250593453,0.0010401700552204738,0.0009497151532808684,0.0007914917367580362,0.0010975173003384972,0.0008100072600636701,0.0009964723403139612,0.0009762973489771985,0.0008207872487614973,0.00089868846812653,0.0006788111151012662,0.0008906026485258639
576,0.001,0.0008667051372211189,0.0008682693621677687,0.0008396501457725948,0.0010416666666666664,0.0010000000000000005,0.0009558488848429678,0.0009002269112181589,0.000975908981938288,0.0008492053863884508,0.0008324768445022948,0.0011859763348863975,0.0009497151532808684,0.000783071611898908,0.0010975173003384972,0.0008233887715486929,0.0010006209334352284,0.001043309474705811,0.0007590260641844407,0.000842272459811095,0.0008983578700400097,0.0009349891905407665
577,0.001,0.0009197939134326689,0.0009207807300625847,0.0008396501457725948,0.0016666666666666666,0.0010909090909090914,0.0010241238051888941,0.0008849688279771731,0.0008988635359957915,0.0007278903311901007,0.0008816887629036394,0.0010864221900485332,0.0009044906221722555,0.0005557282407024509,0.0011523931653554223,0.0007573974880291983,0.0010006209334352284,0.0009732163317023199,0.0008320278616760125,0.0009024642995531615,0.0008388684294487906,0.0010082225836257085
578,0.001,0.0008432473058718294,0.0008450666647258734,0.0008396501457725948,0.0010416666666666664,0.0009090909090909094,0.0008534365043240783,0.0007018718290853442,0.0008132574849485733,0.0003639451655950503,0.0007877898594523595,0.0010864221900485332,0.0009997001613482827,0.0006146691147163473,0.0008231379752538729,0.0007390941923160498,0.000984572770032706,0.0009772601668755982,0.0007711273049203074,0.000805955710403151,0.0007085181764470381,0.0009191699173853
579,0.001,0.0009000399501911619,0.0009012416164273043,0.0005597667638483966,0.0008333333333333333,0.0007272727272727274,0.0007851615839781521,0.000778162245290273,0.0007790150645296859,0.0007278903311901007,0.0008677616454740945,0.0011394492057712955,0.0011173119450363157,0.0006651898638711155,0.0009877655703046475,0.000842254153851936,0.0010006209334352284,0.0009271936361588187,0.0007857076883262161,0.0008358141527020361,0.0006623396882064809,0.000923034317229314
580,0.001,0.0008322237630821903,0.0008341619129259019,0.0018658892128279882,0.0029166666666666664,0.0013884297520661158,0.0011265361857077836,0.0008955831467535112,0.0008283695735518065,0.0016984107727769015,0.0009044347579969139,0.0009053518250404443,0.0007865135844976134,0.0005510971720299305,0.0008318025855197033,0.0006427234025186183,0.0010006209334352284,0.0010028711229730278,0.0008366941249718423,0.0011257087142937767,0.0008807047894955431,0.0011797742377046365
581,0.001,0.0009097830782806784,0.0009108804538227366,0.0027988338192419825,0.0037499999999999994,0.0013884297520661158,0.00174101046882112,0.0010149942329873126,0.0009235844670635086,0.0007278903311901007,0.000838923253640077,0.0009053518250404443,0.0007865135844976134,0.0006083540210720011,0.000878013840270798,0.0006822075153644797,0.000984572770032706,0.000980225646002669,0.0008927310112515298,0.0009451588111117006,0.0014178755356476517,0.0012826033660393336
582,0.001,0.000913476379004416,0.0009145337176749669,0.0027988338192419825,0.0029166666666666664,0.0016198347107438016,0.001382567137005007,0.0010746997761042134,0.0009711919138193595,0.0009705204415868009,0.0009886684270690302,0.0009053518250404443,0.0007181210988891252,0.0005654113842904481,0.000508323802262041,0.0007152509211690827,0.0010006209334352284,0.000940607140305016,0.0008784033314258776,0.0010543889903218398,0.0011207181418232937,0.0011709168794225057
583,0.001,0.0009245562811756287,0.0009254935092316575,0.0009329446064139941,0.00125,0.0008099173553719008,0.0010241238051888941,0.0008557794513422439,0.0009902348925216998,0.0007278903311901007,0.0008829750328925276,0.0009053518250404443,0.0010322990796531176,0.0006942392946351073,0.0011552813687773658,0.0007263006968090669,0.0010006209334352284,0.0009687622523810277,0.0008366315728853421,0.0010722159863921527,0.0007847033380622419,0.000996728838855693
584,0.001,0.0009430227847943162,0.0009437598284928087,0.0018658892128279882,0.0037499999999999994,0.0015041322314049588,0.0014849795175238966,0.0011941108623380148,0.0010568853179798911,0.001213150551983501,0.0010206983448143394,0.000949541004809413,0.0007507629670204492,0.0006727679762443307,0.0007393800760175141,0.0007439107906653531,0.000984572770032706,0.0009762973489771985,0.0009742443528047958,0.0012018070439037605,0.0013547482562858923,0.0013156869670194575
585,0.001,0.0008863921736970075,0.0008877431160919452,0.0009329446064139941,0.00125,0.0012727272727272728,0.0011265361857077836,0.0008557794513422439,0.0009902348925216998,0.001091835496785151,0.0010056684888736596,0.0009053518250404443,0.0008258392637224941,0.0006727679762443307,0.0009242250950218926,0.0006869487616976028,0.0009964723403139612,0.001043309474705811,0.0008443190726434212,0.0010854704123354408,0.0009710066065602401,0.0009664422527637022
586,0.001,0.0008642323693545822,0.0008658235329785639,0.0013994169096209913,0.002083333333333333,0.0012727272727272728,0.0014337733272644518,0.0011742090146323813,0.0010854497860334018,0.0007278903311901007,0.0008829750328925276,0.0009958870075444887,0.0008258392637224941,0.0006656108701140718,0.0009242250950218926,0.0006982973176890097,0.0010006209334352284,0.0009732163317023199,0.000780787205931135,0.0010173289929444303,0.0012850576654657492,0.0010660013454281032
587,0.001,0.0009171696797281536,0.0009181869815271972,0.0013994169096209913,0.003333333333333333,0.0013884297520661158,0.0015361857077833413,0.0011543071669267476,0.00099975638187287,0.0008492053863884508,0.001005025455423674,0.0009053518250404443,0.0007865135844976134,0.00047236900459708323,0.0009704363497729872,0.000642331608822414,0.0010006209334352284,0.0009772601668755982,0.0008558819519233415,0.0010900310064021691,0.0011999608858910228,0.0012287755401070649
588,0.001,0.0008408414647709113,0.0008426861952477724,0.0013994169096209913,0.002083333333333333,0.0011570247933884298,0.0012801547564861176,0.0009154849944591446,0.0009045414883611682,0.0009705204415868009,0.0008982186378898841,0.0009053518250404443,0.0008693044881289412,0.0005224687475088952,0.0006931688212664194,0.0006268089994026614,0.000984572770032706,0.0009271936361588187,0.0007932353870783919,0.0009734642296224937,0.0010135011270336293,0.001050858119492034
589,0.001,0.00089747207586822,0.000898702907648636,0.0009329446064139941,0.0016666666666666666,0.0009256198347107438,0.0011777423759672283,0.0010149942329873126,0.0008664555309564874,0.0007278903311901007,0.0009527047347601216,0.0009958870075444887,0.0009715756043794047,0.0005654113842904481,0.0008318025855197033,0.0007142966199806288,0.0010006209334352284,0.0010225126081003797,0.0008082337874734248,0.0010095284018282746,0.0009474450237008838,0.0010243627207896446
590,0.001,0.0009155651985839834,0.0009166355483846774,0.0014927113702623907,0.0014583333333333332,0.0007933884297520662,0.0006884387801547566,0.0006567609742859081,0.0008587684569849004,0.0009705204415868009,0.0009623592900614853,0.000949541004809413,0.0010641066143203006,0.0007293933159219668,0.0008837902471146847,0.0008206425537548978,0.0010006209334352284,0.000980225646002669,0.0009931934548885117,0.0009804491253973696,0.0007698722673911558,0.0010452176260972324
591,0.001,0.0010008915410555674,0.001000939255754363,0.0022390670553935864,0.0018749999999999997,0.0007933884297520662,0.0010639508420573513,0.0007443291041906958,0.000957477475029142,0.001091835496785151,0.000999156630382844,0.000949541004809413,0.0010641066143203006,0.0008051744396541193,0.0009328897052877228,0.0008710566869132681,0.000984572770032706,0.000940607140305016,0.0010597117523454115,0.0008231970828239039,0.0012394426220081673,0.0010967123946811121
592,0.001,0.001004954700220881,0.0010049537180100625,0.0022390670553935864,0.0014583333333333332,0.0009256198347107438,0.0008449021392808378,0.0007881131691430897,0.0010068319840512627,0.001213150551983501,0.0010906604927033293,0.0010401700552204738,0.0009715756043794047,0.000748338596855005,0.0005400940399034184,0.000913247191908087,0.0010006209334352284,0.0009687622523810277,0.0010427041537477103,0.0009183323805379007,0.0009796810772950478,0.001035199944194183
593,0.001,0.0010171441777168217,0.0010169971047771604,0.0007463556851311954,0.000625,0.0004628099173553719,0.0006258534365043242,0.0006275715976509789,0.001026573787660111,0.0008492053863884508,0.0010248603732535137,0.000949541004809413,0.0013966399312953946,0.000918846125252348,0.001227486454325951,0.000927355774331072,0.0010006209334352284,0.0009762973489771985,0.0009931192027561645,0.0009338590105476593,0.0006859521434525411,0.0009914449483551097
594,0.001,0.0010374599735433893,0.001037069416055657,0.0014927113702623907,0.0018749999999999997,0.0008595041322314051,0.0009074874829312702,0.0008756812990478774,0.0010956701002910799,0.0007278903311901007,0.0010644175911401366,0.0010444951052903542,0.0010157381318511962,0.0008904282038527907,0.0007855913307686087,0.0009498407069435382,0.000984572770032706,0.001043309474705811,0.0011564717449167948,0.001046727852534271,0.0011842596114510088,0.0011290363376871232
595,0.001,0.0009751581996752485,0.0009755143281349341,0.0007463556851311954,0.000625,0.0007272727272727274,0.0006884387801547566,0.0006275715976509789,0.001026573787660111,0.001091835496785151,0.001060594556635071,0.0010401700552204738,0.0011173119450363159,0.0008904282038527907,0.0009819891634607607,0.0008771104084419196,0.0009964723403139612,0.0009732163317023199,0.0010022446097792364,0.0009454031073097545,0.0008488100289229856,0.0009504319160775932
596,0.001,0.0009507792446833672,0.0009514275546007382,0.0011195335276967932,0.0010416666666666664,0.0007272727272727274,0.0008761948111060539,0.0008610866107304128,0.0011252828057043524,0.0006065752759917505,0.0009320937441103202,0.0009958870075444887,0.0011173119450363159,0.0008809555633862717,0.0009819891634607607,0.000891600479806559,0.0010006209334352284,0.0009772601668755982,0.0009268294343737495,0.0008860545438697308,0.0011233392510641138,0.0009926780103126109
597,0.001,0.0010090178593861947,0.0010089681802657618,0.0011195335276967932,0.0016666666666666666,0.0007933884297520662,0.0009387801547564863,0.0008464919224129482,0.001036444689464535,0.0014557806623802013,0.0011432522788491965,0.000949541004809413,0.0010641066143203006,0.0006251942707902572,0.0010310886216337988,0.0008201423034479413,0.0010006209334352284,0.0009271936361588187,0.0010159702661185462,0.000949375209868116,0.0010489514977325971,0.0010647384496260742
598,0.001,0.0009250459033030482,0.0009260026269813092,0.0011195335276967932,0.0010416666666666664,0.0006611570247933886,0.0007823167956304053,0.0006713556626033727,0.0009377356714202937,0.0009705204415868009,0.000983554929663306,0.000949541004809413,0.0011761178368803324,0.0006915027540558906,0.0007364918725955706,0.000800322714204345,0.000984572770032706,0.0010225126081003797,0.0009416059837383553,0.0008478500169893146,0.0008859568154725249,0.0009764658143501502
599,0.001,0.000987347677171189,0.0009875577149020321,0.0007463556851311954,0.0008333333333333333,0.0005289256198347109,0.0007197314519799729,0.0007443291041906958,0.0008982520642025971,0.0015770957175785514,0.0009496122465900283,0.0009958870075444887,0.0013144846412191948,0.000748338596855005,0.0008837902471146847,0.0009120287203832051,0.0010006209334352284,0.0010756601560920377,0.0009594097577359859,0.0008792605281174274,0.0008282135595548024,0.0009843292156160822
600,0.001,0.0009721395761019097,0.0009725349224495618,0.0003731778425655977,0.0004861111111111111,0.0010548459804658153,0.0007773099681383706,0.0010177081213108082,0.0010013054437489626,0.001091835496785151,0.0009739297922277338,0.0011394492057712955,0.0009136268910830864,0.0010819334186175842,0.0014946452708557167,0.0010296650829071763,0.0010093128082765569,0.00099651652484359,0.0009826751579604044,0.0011137011839919952,0.0007461961165896859,0.0009368786936145066
601,0.001,0.0010627383827504604,0.001061979740134704,0.0005597667638483966,0.000625,0.0010548459804658153,0.0012012972234865728,0.0011534025374855825,0.0011163980234902228,0.0015770957175785514,0.0011742209799979486,0.0010401700552204738,0.0009136268910830864,0.0011943420854869434,0.00157768111923659,0.0010929199950009873,0.0009931252428057116,0.0010615067329855636,0.0010484890013148732,0.0009350771417417168,0.0012013256100421748,0.0009520434589888447
602,0.001,0.0010670526116384866,0.00106623901716733,0.0005597667638483966,0.0004861111111111111,0.0012306536438767845,0.0009539713245334549,0.0012212497455729697,0.001173944313360853,0.00048526022079340043,0.0010375024572333135,0.0010864221900485332,0.0008341810744671658,0.0011100355853349239,0.0009133943321896047,0.0011458566720287798,0.0010093128082765569,0.0010513971450523676,0.0010316615196633763,0.0010431422018850132,0.0009495526028638482,0.0009286929139151411
603,0.001,0.0010799952983025654,0.0010790168482652071,0.00018658892128279884,0.00020833333333333335,0.0006153268219383923,0.0007066454255803369,0.0009724766492525501,0.0011969628293091049,0.0009705204415868009,0.0010435875678120226,0.0011307840670447822,0.001199135294546551,0.0013629550857909827,0.002075896209521829,0.0011635587941327286,0.0010093128082765569,0.0010499266595348118,0.0009826016921864163,0.0010607790437948527,0.0006648568175408697,0.000958964177965148
604,0.001,0.0011015664427426965,0.0011003132334283362,0.0003731778425655977,0.000625,0.0011427498121713,0.0010246358670914885,0.001356944161747744,0.001277527635127987,0.0009705204415868009,0.001074071136207921,0.0012892922043381166,0.0008720983960338552,0.0013208018357149728,0.0013285735740939705,0.0011917707725350724,0.0009931252428057116,0.0010533227808491668,0.0011442242687155278,0.0011889878000680032,0.0011478396618874037,0.000991319855133463
605,0.001,0.0010354149331262942,0.0010350043189280738,0.00018658892128279884,0.00020833333333333335,0.0009669421487603307,0.0007773099681383706,0.0009724766492525501,0.0011969628293091049,0.0009705204415868009,0.0010511076885330324,0.0010401700552204738,0.0009593082356372408,0.0013208018357149728,0.001660716967617463,0.0011005156353332795,0.0010051281784794889,0.0009881023336445328,0.000991630457673858,0.001073892089539937,0.0008227062775634501,0.0009223844526869138
606,0.001,0.001009529559798137,0.001009448656732319,0.0002798833819241983,0.0003472222222222222,0.0009669421487603307,0.0009893035958124716,0.0013343284257186152,0.0013120554090503649,0.0007278903311901007,0.0009686031700176302,0.001090939557516868,0.0009593082356372408,0.0013067507523563029,0.001660716967617463,0.0011186964138765506,0.0010093128082765569,0.000995448192654955,0.0009170139576965022,0.0010064775101811254,0.0010887928066266094,0.0009261443968382791
607,0.001,0.0010713668405265128,0.0010704982941999557,0.0002798833819241983,0.0005555555555555556,0.0010548459804658153,0.0010599681383705053,0.001311712689689486,0.0012084720872832307,0.0007278903311901007,0.0009913746975987196,0.001090939557516868,0.0009136268910830864,0.0009273715016722149,0.0017437528159983363,0.001029037415877932,0.0010093128082765569,0.0010028711229730278,0.0010052107540853515,0.0010784040373887271,0.0010166927258613843,0.0009328986440835344
608,0.001,0.0009822061101739709,0.0009824732355256888,0.0002798833819241983,0.0003472222222222222,0.0008790383170548461,0.0008833067819754211,0.0010403238573399372,0.0010933795075419707,0.0015770957175785514,0.0010002146625626269,0.0010401700552204738,0.001009798142776043,0.0010257290851829043,0.0012455377257130972,0.0010041696596199633,0.0009931252428057116,0.000980225646002669,0.0009316340177759393,0.0009630806365255658,0.000858710676008639,0.0009003476547226649
609,0.001,0.0010483576197903729,0.0010477821500259512,0.00018658892128279884,0.0002777777777777778,0.0007032306536438769,0.0008126422394173874,0.0011534025374855825,0.0010473424756454667,0.0013344656071818512,0.0011122156531241459,0.0011307840670447822,0.0011285979242791067,0.0011100355853349239,0.0014946452708557167,0.001144327848574589,0.0010093128082765569,0.000940607140305016,0.0009492492430266704,0.0009987601251670545,0.0008027432186133241,0.0009270107003521003
610,0.001,0.0009006402782466723,0.000901827664057183,0.0007463556851311954,0.0007777777777777778,0.0012982719759579264,0.000978834774692763,0.0009328991112015742,0.0008358004117243409,0.0009705204415868009,0.0010078588608178546,0.000949541004809413,0.0008039916641531159,0.0010943694349235334,0.001169722385887083,0.0009811387013827315,0.000994668438615915,0.0010615067329855636,0.0009125247722946055,0.0008845720559921538,0.0007859287528280257,0.0009271863344595549
611,0.001,0.0009845756887933296,0.0009847694784157269,0.0011195335276967932,0.001,0.0012982719759579264,0.0015127446517979066,0.001057285659361784,0.0009318694245662192,0.001213150551983501,0.0010188740388971022,0.000949541004809413,0.0008039916641531159,0.0012080701554350692,0.0012347069628808097,0.001041412515983275,0.0009787157425440477,0.0010513971450523676,0.0009736403524884922,0.0007426975221637926,0.00126529248471013,0.0009563165622227157
612,0.001,0.0009885726131050752,0.0009887190886232766,0.0011195335276967932,0.0007777777777777778,0.0015146506386175807,0.0012012972234865728,0.0011194789334418888,0.0009799039309871583,0.0019410408831736017,0.0010316008026610235,0.0009917632341062436,0.0007340793455311057,0.0011227946150514174,0.0007148303469309951,0.0010918543765617867,0.000994668438615915,0.0010499266595348118,0.0009580141369095872,0.0008285296410533768,0.0010001133432911585,0.0009211288764512636
613,0.001,0.001000563386040312,0.0010005679192459256,0.0003731778425655977,0.0003333333333333334,0.0007573253193087903,0.0008898497951752391,0.0008914369284815041,0.000999117733555534,0.0009705204415868009,0.0010725352207746441,0.000949541004809413,0.0010552390592009646,0.0013786212362023732,0.0016246144248431708,0.001108722227459235,0.000994668438615915,0.0010533227808491668,0.0009124565510333505,0.000842537938551521,0.0007002583875767231,0.0009231756419182097
614,0.001,0.00102054800759904,0.001020315970283674,0.0007463556851311954,0.001,0.0014064613072877537,0.0012902822030040966,0.0012438654816020987,0.0010663660425448487,0.0008492053863884508,0.000975458965397773,0.0010322599019797689,0.0007674465885097925,0.0013359834660105472,0.0010397532318996293,0.0011356046228250768,0.0009787157425440477,0.0009881023336445328,0.0010625413513360336,0.0009443694574210858,0.0012089585751754357,0.0009910830405599376
615,0.001,0.0009592618348189409,0.0009597552804345787,0.0003731778425655977,0.0003333333333333334,0.0011900826446280995,0.000978834774692763,0.0008914369284815041,0.000999117733555534,0.0008492053863884508,0.0009502360849015215,0.000949541004809413,0.0008441912473607717,0.0013359834660105472,0.0012996915398745365,0.0010486501865768572,0.000990544524649597,0.000995448192654955,0.0009208407786224854,0.0008529531504609407,0.000866512843331738,0.0008902831743477232
616,0.001,0.0009352802889484674,0.0009360576191892805,0.0005597667638483966,0.0005555555555555556,0.0011900826446280995,0.0012457897132453347,0.0012231343902420638,0.0010951867463974121,0.0006065752759917505,0.0008770982618843953,0.000949541004809413,0.0008441912473607717,0.0013217708759466053,0.0012996915398745365,0.0010659741356416426,0.000994668438615915,0.0010028711229730278,0.0008515509384350319,0.0007994082194467533,0.0011467676574236473,0.0009071404557568295
617,0.001,0.0009925695374168207,0.0009926686988308263,0.0005597667638483966,0.0008888888888888889,0.0012982719759579264,0.0013347746927628587,0.0012024032988820288,0.0010087246348397217,0.0007278903311901007,0.000950870845216065,0.0010401700552204738,0.0008039916641531159,0.0009380309442201714,0.0013646761168682633,0.0009805406152436592,0.000994668438615915,0.000980225646002669,0.0009334516162835415,0.0008565368253662934,0.0010708284702651966,0.0009290856531087593
618,0.001,0.0009099664349740787,0.0009110434212081323,0.0005597667638483966,0.0005555555555555556,0.001081893313298272,0.0011123122439690488,0.000953630202561609,0.0009126556219978435,0.001091835496785151,0.000970264750003319,0.0009958870075444887,0.0008886223656429177,0.0010375190746677654,0.0009747686549059024,0.0009568448344637983,0.0009787157425440477,0.000940607140305016,0.0008651273139919475,0.000764939672313193,0.0009044343646814805,0.0008809377724512532
619,0.001,0.0009712526077541776,0.0009716041110572279,0.0003731778425655977,0.00044444444444444447,0.0008655146506386176,0.001023327264451525,0.001057285659361784,0.0008742280168610922,0.0009705204415868009,0.0010992068353969323,0.0011307840670447822,0.0009931661733656137,0.0011227946150514174,0.001169722385887083,0.001090397603982636,0.000994668438615915,0.0009687622523810277,0.0008814850383941851,0.0007932785832149679,0.0008454868132111175,0.0008991778852281358
620,0.001,0.0009094208937727541,0.0009105110115790539,0.0005597667638483966,0.00029166666666666675,0.000405709992486852,0.0004894173873463816,0.0007293574869394124,0.0006620201280984877,0.0008492053863884508,0.0008633404695435876,0.000949541004809413,0.0014356994002734213,0.0008829571577223963,0.0009097840779121754,0.0009214438721877606,0.000994668438615915,0.0010513971450523676,0.0009477594409961288,0.000930335031914351,0.0004747071246026454,0.0009399708248783198
621,0.001,0.0009941746161213983,0.000994251440381215,0.0008396501457725948,0.00037500000000000006,0.000405709992486852,0.0007563723258989533,0.0008266051518646674,0.0007381143956960151,0.0007278903311901007,0.0009947390585929598,0.0009917632341062436,0.0014356994002734213,0.000974692966316931,0.0009603276377961852,0.0009780504835045706,0.0009787157425440477,0.0010499266595348118,0.0010112348335326636,0.0007811206767208687,0.0007642465745613372,0.0009481302038311822
622,0.001,0.00099821050766181,0.0009982390798479847,0.0008396501457725948,0.00029166666666666675,0.000473328324567994,0.0006006486117432864,0.0008752289843272949,0.0007761615294947788,0.0009705204415868009,0.0009635891260092432,0.0009917632341062436,0.001310855974162689,0.00090589110987103,0.0005559791587241072,0.001025423340437352,0.000994668438615915,0.0010533227808491668,0.0009950052540279807,0.0008713932854083016,0.0006040762954175439,0.0009257575226183458
623,0.001,0.0010103181822830448,0.0010102019982482933,0.0002798833819241983,0.00012500000000000003,0.000236664162283997,0.00044492489758761954,0.0006969415986309941,0.0007913803830142842,0.0014557806623802013,0.001040124833306807,0.0009917632341062436,0.0018843554628588653,0.0011122966792087331,0.0012635889971002437,0.0010412649108743613,0.000994668438615915,0.0009881023336445328,0.0009476885855559324,0.0008861262964860529,0.0004229615527479876,0.0009961188135714622
624,0.001,0.001030497639985103,0.0010301401955821413,0.0005597667638483966,0.00037500000000000006,0.00043951915852742305,0.0006451411015020483,0.0009724766492525498,0.0008446463703325534,0.0013344656071818512,0.0010351345568895395,0.0010322599019797689,0.0013704403366246295,0.0010778957509857826,0.0008086969581441559,0.0010665117169015564,0.0009787157425440477,0.000995448192654955,0.0011035685032914299,0.0009932260276110025,0.0007302204518159694,0.0009780931017433746
625,0.001,0.0009686139696987913,0.0009689963904250077,0.0002798833819241983,0.00012500000000000003,0.0003719008264462811,0.0004894173873463816,0.0006969415986309941,0.0007913803830142842,0.0009705204415868009,0.0008929843702915047,0.000949541004809413,0.0015074843702870926,0.0010778957509857826,0.001010871197680195,0.0009848477968792963,0.000990544524649597,0.0010028711229730278,0.0009563965473497602,0.0008970803351519892,0.0005233805466578724,0.0009408789022978629
626,0.001,0.0009443986204563216,0.0009450705536243903,0.0004198250728862974,0.00020833333333333337,0.0003719008264462811,0.0006228948566226674,0.0009562687050983407,0.0008674746506118115,0.0008492053863884508,0.0009676293497082083,0.0009958870075444887,0.0015074843702870926,0.0010664287749114656,0.001010871197680195,0.0010011177153784266,0.000994668438615915,0.000980225646002669,0.0008844312679440953,0.0008407652788866603,0.0006926566502167535,0.0009386216208073785
627,0.001,0.0010022463992022217,0.0010022267193147542,0.0004198250728862974,0.0003333333333333334,0.000405709992486852,0.0006673873463814294,0.0009400607609441315,0.0007989898097740368,0.0009705204415868009,0.0009501718295770659,0.0009958870075444887,0.0014356994002734213,0.000756820420904911,0.0010614147575642046,0.0009208821750422787,0.000994668438615915,0.000940607140305016,0.0009694943182980286,0.0009008494100225518,0.0006467887861757259,0.0009350787697400535
628,0.001,0.0009188379740337146,0.0009198155036681829,0.0004198250728862974,0.00020833333333333337,0.00033809166040571004,0.0005561561219845244,0.0007455654310936215,0.0007228955421765096,0.0006065752759917505,0.0009644720728585223,0.0009958870075444887,0.0015868256529337815,0.0008370892534251289,0.0007581533982601461,0.0008986281023351926,0.0009787157425440477,0.0009687622523810277,0.0008985318584148838,0.0008045135154714406,0.0005462854426751239,0.0009219497466995052
629,0.001,0.0009807216443200263,0.0009809593088253164,0.0002798833819241983,0.0001666666666666667,0.000270473328324568,0.0005116636322257625,0.0008266051518646674,0.0006924578351374986,0.0008492053863884508,0.001023696254890298,0.001082643318807635,0.0017735110238671673,0.00090589110987103,0.0009097840779121754,0.0010240552013920387,0.000994668438615915,0.0009762973489771985,0.0009155211919717686,0.0008343185284148456,0.000510680659722253,0.0009598233297526822
630,0.001,0.0008993859046000893,0.0009005871858397728,0.0007463556851311954,0.0004861111111111111,0.000811419984973704,0.0006333636777423761,0.0007463192889612593,0.0007613231473132609,0.0008492053863884508,0.0008839506962099465,0.0011354858921777458,0.001057883768622521,0.0010073173207818887,0.0013646761168682633,0.0010439471344305586,0.000994668438615915,0.0010499266595348118,0.0010052511530435006,0.0008820037479580258,0.0007343081037397501,0.0009277210510445878
631,0.001,0.0009832044134607484,0.000983414912420657,0.0011195335276967932,0.000625,0.000811419984973704,0.000978834774692763,0.0008458285274894272,0.0008488315550504174,0.0009705204415868009,0.000954907523214641,0.0010401700552204738,0.001057883768622521,0.0011119736657981888,0.001440491456694278,0.0011080794288194748,0.0009787157425440477,0.0010533227808491668,0.001072577004707057,0.0007405411393115662,0.0011821867081213125,0.0009456663792383972
632,0.001,0.0009871957710255418,0.0009873590898768897,0.0011195335276967932,0.0004861111111111111,0.000946656649135988,0.0007773099681383707,0.0008955831467535111,0.0008925857589189957,0.001091835496785151,0.0009473744003828329,0.0010401700552204738,0.0009658938756988235,0.0010334814070359637,0.0008339687380861609,0.0011617503682412615,0.000994668438615915,0.0009881023336445328,0.0010553629282180417,0.0008261240491977265,0.0009344248190365537,0.0009190101583203491
633,0.001,0.0009991698437199217,0.0009991916222455873,0.0003731778425655977,0.00020833333333333335,0.000473328324567994,0.0005757851615839783,0.0007131495427852033,0.0009100874404664269,0.0006065752759917505,0.0009360281898803661,0.001082643318807635,0.001388472446317059,0.0012689581833226391,0.0018953834956503659,0.0011796980290394504,0.000994668438615915,0.000995448192654955,0.0010051759994656245,0.0008400916743472868,0.0006542646605802896,0.0009553596495960066
634,0.001,0.0010191266315438881,0.0010189125095267503,0.0007463556851311954,0.000625,0.0008790383170548461,0.0008348884842967685,0.0009950923852816791,0.0009713433258824364,0.0013344656071818512,0.0009527330078666749,0.001082643318807635,0.001009798142776043,0.0012297120539415264,0.0012130454372162342,0.0012083013239347078,0.0009787157425440477,0.0010028711229730278,0.0011705116957001448,0.0009416275308044246,0.0011295528705911062,0.000979085549085509
635,0.001,0.000957925815550391,0.0009584351218645173,0.0003731778425655977,0.00020833333333333335,0.0007438016528925622,0.0006333636777423761,0.0007131495427852033,0.0009100874404664269,0.0006065752759917505,0.0008295920872858696,0.0009958870075444887,0.0011107779570536473,0.0012297120539415264,0.0015163067965202927,0.0011157804250858272,0.000990544524649597,0.000980225646002669,0.0010144121919584193,0.0008504766462415005,0.0008095993441689212,0.0009135667211572191
636,0.001,0.0009339776701616312,0.0009347700571271219,0.0005597667638483966,0.0003472222222222222,0.0007438016528925622,0.0008060992262175695,0.000978507512193651,0.0009975958482035833,0.0006065752759917505,0.0008408795733052666,0.0010444951052903542,0.0011107779570536473,0.0012166300108144889,0.0015163067965202927,0.001134213381565595,0.000994668438615915,0.000940607140305016,0.0009380814512953594,0.0007970871800937182,0.001071446719467579,0.0009183478238567381
637,0.001,0.0009911871285903351,0.0009913032673331222,0.0005597667638483966,0.0005555555555555556,0.000811419984973704,0.0008636777423759674,0.0009619226391056231,0.0009188382812401424,0.0009705204415868009,0.0009250864352560876,0.0009958870075444887,0.001057883768622521,0.000863414846384476,0.0015921221363463074,0.0010433107612958048,0.000994668438615915,0.0009687622523810277,0.001028304482320843,0.0008540499161368951,0.0010004953001166422,0.000925352056250286
638,0.001,0.0009086990722512737,0.0009097902665709822,0.0005597667638483966,0.0003472222222222222,0.0006761833208114201,0.0007197314519799728,0.0007629041620492872,0.0008313298735029861,0.00048526022079340043,0.0008396828040479395,0.0009958870075444887,0.001169239954793313,0.0009549891482737386,0.0011372300973902193,0.0010180980748444722,0.0009787157425440477,0.0009762973489771985,0.0009530373928731677,0.0007627187105580519,0.0008450301390508447,0.0008962458274828793
639,0.001,0.0009698998882447709,0.0009702676542332152,0.0003731778425655977,0.0002777777777777778,0.000540946656649136,0.000662152935821575,0.0008458285274894272,0.0007963265104081235,0.0009705204415868009,0.0009751625301075588,0.0011354858921777458,0.0013067975965337026,0.0010334814070359637,0.0013646761168682633,0.001160200339119611,0.000994668438615915,0.001043309474705811,0.0009710573105956953,0.0007909753409355275,0.0007899543264093709,0.0009243501339870117
640,0.001,0.0009018946518932556,0.0009030681422745931,0.0007463556851311954,0.0007777777777777778,0.0009737039819684447,0.0008348884842967685,0.0010177081213108082,0.0008771766697304961,0.001213150551983501,0.0009048992456204445,0.000949541004809413,0.0009571329335156143,0.0010073173207818887,0.001169722385887083,0.0009073434651874844,0.000994668438615915,0.0010533227808491668,0.0009648981153115143,0.0009977696173287481,0.0006880413190625879,0.0009575553414428186
641,0.001,0.000985946964125911,0.0009861240444107966,0.0011195335276967932,0.001,0.0009737039819684447,0.0012902822030040966,0.0011534025374855825,0.00097800157429722,0.0006065752759917505,0.0010887620912116184,0.0009053518250404443,0.0009571329335156143,0.0011119736657981888,0.0012347069628808097,0.0009630838530884522,0.0009787157425440477,0.0009881023336445328,0.001029521356165531,0.0008377395797894727,0.0011077002935028554,0.0009848280436148093
642,0.001,0.000989949455184609,0.0009900790873696634,0.0011195335276967932,0.0007777777777777778,0.0011359879789631855,0.0010246358670914885,0.0012212497455729697,0.0010284140265805818,0.0013344656071818512,0.0010578990090104059,0.0009917632341062436,0.000873903982775126,0.0010334814070359637,0.0007148303469309951,0.0010097317862535686,0.000994668438615915,0.000995448192654955,0.001012998291346564,0.0009345555258040907,0.000875549216712161,0.0009491801191479757
643,0.001,0.0010019569283607026,0.0010019442162462638,0.0003731778425655977,0.0003333333333333334,0.0005679939894815927,0.0007589895311788805,0.0009724766492525501,0.0010485790074939265,0.001091835496785151,0.0009465096545271831,0.0009053518250404443,0.001256236975239244,0.0012689581833226391,0.0016246144248431708,0.0010253309408501479,0.000994668438615915,0.0010028711229730278,0.0009648259785669485,0.0009503564473225459,0.0006130411986318521,0.0009578164851292898
644,0.001,0.001021969383654192,0.0010217194310405979,0.0007463556851311954,0.001,0.0010548459804658153,0.0011005348202093766,0.001356944161747744,0.0011191564406906331,0.0006065752759917505,0.0009021087324792781,0.001082643318807635,0.0009136268910830865,0.0012297120539415264,0.0010397532318996293,0.001050191407295318,0.0009787157425440477,0.000980225646002669,0.0011235247288319005,0.001065219216190515,0.001058382772945512,0.0010206059469497022
645,0.001,0.0009605978540874912,0.0009610754390046399,0.0003731778425655977,0.0003333333333333334,0.0008925619834710744,0.0008348884842967685,0.0009724766492525501,0.0010485790074939265,0.0009705204415868009,0.0009592979257806477,0.000949541004809413,0.0010049895801913951,0.0012297120539415264,0.0012996915398745365,0.0009697771504856614,0.000990544524649597,0.000940607140305016,0.0009736914095609546,0.0009621044806578334,0.0007585886603147351,0.0009197819114435149
646,0.001,0.0009365829077353038,0.0009373451812514389,0.0005597667638483966,0.0005555555555555556,0.0008925619834710744,0.0010625853436504326,0.0013343284257186152,0.0011494039120606503,0.0007278903311901007,0.0009393795367629396,0.000949541004809413,0.0010049895801913951,0.0012166300108144889,0.0012996915398745365,0.0009857980983424947,0.000994668438615915,0.0009687622523810277,0.0009004247561648043,0.000901707472900227,0.0010039377346011563,0.0009356312234840325
647,0.001,0.0009939519462433069,0.0009940341303285303,0.0005597667638483966,0.0008888888888888889,0.0009737039819684447,0.0011384842967683206,0.001311712689689486,0.001058661497950599,0.0013344656071818512,0.0009386337013640799,0.000949541004809413,0.0009571329335156143,0.000863414846384476,0.0013646761168682633,0.0009067903634199752,0.000994668438615915,0.0009762973489771985,0.0009870260322047376,0.0009661467538844432,0.0009374567739376975,0.0009603823048916208
648,0.001,0.000911233797696884,0.0009122965758452824,0.0005597667638483966,0.0005555555555555556,0.000811419984973704,0.0009487369139736005,0.0010403238573399372,0.0009578365933838752,0.0006065752759917505,0.0008987642647432776,0.000949541004809413,0.0010578837686225212,0.0009549891482737386,0.0009747686549059024,0.000884876833953834,0.0009787157425440477,0.001043309474705811,0.0009147803326766493,0.0008628280296142236,0.0007917870558136286,0.0009122903372715843
649,0.001,0.0009726053272635848,0.0009729405678812405,0.0003731778425655977,0.00044444444444444447,0.0006491359879789632,0.0008728379608557125,0.0011534025374855825,0.0009175066315571857,0.0009705204415868009,0.0009604653103632054,0.001082643318807635,0.001182340682578112,0.0010334814070359637,0.001169722385887083,0.0010083845831740303,0.000994668438615915,0.0009732163317023199,0.0009320768904531745,0.0008947934349132444,0.0007401814224489803,0.0009331558917475869
650,0.001,0.0009269821248249177,0.0009278777066227962,0.0005597667638483966,0.0007777777777777778,0.0011359879789631855,0.0007773099681383706,0.0009668227152452677,0.0007861489021169541,0.001213150551983501,0.0009996507576068795,0.0009958870075444887,0.0008739039827751259,0.0009327012229461932,0.0008447995009184487,0.0009106873541525711,0.000994668438615915,0.0009881023336445328,0.0009602738071828438,0.001110727353636689,0.0007123554629184955,0.0009484653201294805
651,0.001,0.0010133724707775357,0.001013215364312192,0.0008396501457725948,0.001,0.0011359879789631855,0.0012012972234865728,0.0010957324106113035,0.000876510844889018,0.0014557806623802013,0.0012147666131272635,0.000949541004809413,0.0008739039827751259,0.0010296052461094339,0.0008917328065250292,0.0009666331655509939,0.0009787157425440477,0.000995448192654955,0.0010245873388839042,0.0009325802773865071,0.0011468444314190983,0.0009734917816574561
652,0.001,0.0010174862967752794,0.0010172790622974015,0.0008396501457725948,0.0007777777777777778,0.001325319308790383,0.0009539713245334549,0.0011601872582943213,0.0009216918162750498,0.0008492053863884508,0.0011675048990189526,0.0009917632341062436,0.000797912332099028,0.0009569272287370033,0.0005162663616723853,0.001013453013228023,0.000994668438615915,0.0010028711229730278,0.00100814346143378,0.0010403567797363654,0.0009064895527330711,0.0009402958042314372
653,0.001,0.0010298277747685105,0.0010294701562530294,0.0002798833819241983,0.0003333333333333334,0.0006626596543951915,0.0007066454255803369,0.0009238528167899226,0.0009397642048294625,0.001091835496785151,0.0010782861210920651,0.0009053518250404443,0.001146998977392353,0.0011749612808542953,0.0011733326401645121,0.0010291096563533916,0.000994668438615915,0.000980225646002669,0.0009602020161561615,0.0010579465273478446,0.0006347049730014507,0.000942967936169399
654,0.001,0.001050396904757229,0.001049788646179076,0.0005597667638483966,0.001,0.0012306536438767843,0.0010246358670914885,0.001289096953660357,0.0010030175647699072,0.0013344656071818512,0.0011166613784406886,0.001082643318807635,0.0008341810744671658,0.00113862227216808,0.0007509328897052877,0.0010540617426124496,0.0009787157425440477,0.000940607140305016,0.0011181401970830514,0.0011858129376697637,0.0010957841183052237,0.001011169265861265
655,0.001,0.0009873182394584921,0.0009874786104058664,0.0002798833819241983,0.0003333333333333334,0.0010413223140495868,0.0007773099681383706,0.0009238528167899226,0.0009397642048294625,0.0008492053863884508,0.0009740791304961454,0.0009053518250404443,0.0009175991819138823,0.00113862227216808,0.0009386661121316097,0.0009733511301708869,0.000990544524649597,0.0009687622523810277,0.0009690249592605562,0.0010710245583384797,0.000785395820442098,0.000908341115272615
656,0.001,0.0009626352834720298,0.0009630964224946105,0.0004198250728862974,0.0005555555555555556,0.0010413223140495868,0.0009893035958124716,0.0012676120044326845,0.0010301261476015262,0.0014557806623802013,0.0009613455224023153,0.000949541004809413,0.0009175991819138823,0.0011265092692726748,0.0009386661121316097,0.0009894311210172872,0.000994668438615915,0.0009762973489771985,0.0008961094388757403,0.0010037899909302425,0.0010394150901395177,0.0009237405949114139
657,0.001,0.0010216001227730232,0.0010213427602826107,0.0004198250728862974,0.0008888888888888889,0.0011359879789631855,0.0010599681383705053,0.0012461270552050117,0.0009488003991066688,0.0007278903311901007,0.001018221708950663,0.0009958870075444887,0.0008739039827751259,0.0007994581910967369,0.0009855994177381902,0.0009101322140049248,0.000994668438615915,0.001043309474705811,0.0009822956752566776,0.0010755244582810028,0.0009705848117876203,0.0009518948179203915
658,0.001,0.0009365810521529863,0.0009373596685882847,0.0004198250728862974,0.0005555555555555556,0.000946656649135988,0.0008833067819754211,0.0009883076644729403,0.0008584384563346052,0.001091835496785151,0.0010133193930824645,0.000949541004809413,0.0009658938756988236,0.0008842492113645727,0.0007039995840987072,0.000888137925253927,0.0009787157425440477,0.0009732163317023199,0.00091039621578263,0.0009605089965985602,0.0008197673875828416,0.0009010482661728682
659,0.001,0.0009996597174517232,0.0009996697043614944,0.0002798833819241983,0.00044444444444444447,0.0007573253193087903,0.0008126422394173874,0.0010957324106113035,0.0008222936792257797,0.0013344656071818512,0.0011366628736550145,0.0010322599019797689,0.00107952844931045,0.0009569272287370033,0.0008447995009184487,0.0010121008452176905,0.000994668438615915,0.0009772601668755982,0.0009276098791981292,0.0009960932130540182,0.0007663381038666232,0.0009201972159089274
660,0.001,0.0008667721897889284,0.0008683347521871087,0.0005597667638483966,0.00029166666666666675,0.0005679939894815927,0.0006333636777423761,0.000695433882895719,0.0007861489021169541,0.0006065752759917505,0.000839539504888928,0.0009958870075444887,0.0012562369752392437,0.000970009271864041,0.001104737808893356,0.0009109869289448414,0.000994668438615915,0.000995448192654955,0.0008537645493397577,0.0008098564713950511,0.0005212088109939314,0.0008998205361736242
661,0.001,0.0009475512548136362,0.0009481961965488428,0.0008396501457725948,0.00037500000000000006,0.0005679939894815927,0.000978834774692763,0.0007881584006151481,0.000876510844889018,0.001091835496785151,0.001046048781592094,0.000949541004809413,0.0012562369752392437,0.0010707894559538115,0.0011661121316096535,0.0009669511439751492,0.0009787157425440477,0.0010028711229730278,0.0009109447129540184,0.0006799654030883742,0.0008391111651562511,0.0009095687886291938
662,0.001,0.0009513978769576699,0.0009519991224708303,0.0008396501457725948,0.00029166666666666675,0.0006626596543951915,0.0007773099681383707,0.0008345206594748627,0.0009216918162750498,0.0006065752759917505,0.0009574710379566307,0.001090939557516868,0.0011469989773923528,0.0009952043178864836,0.000675117549879273,0.0010137863932563381,0.000994668438615915,0.000980225646002669,0.0008963247165367566,0.0007585476920781767,0.0006632508158535489,0.000888009933862239
663,0.001,0.000962937743389771,0.0009634079002367922,0.0002798833819241983,0.00012500000000000003,0.00033132982719759574,0.0005757851615839783,0.0006645257103225758,0.0009397642048294625,0.001213150551983501,0.0009763753197242215,0.000949541004809413,0.0016488110300015074,0.0012219597320884672,0.0015343580679074388,0.0010294481867064483,0.000994668438615915,0.000940607140305016,0.000853700721051322,0.0007713727754676523,0.00046439431088896087,0.0009505782816327234
664,0.001,0.0009821708541099395,0.000982422529846729,0.0005597667638483966,0.00037500000000000006,0.0006153268219383922,0.0008348884842967685,0.0009272451771942918,0.0010030175647699072,0.001091835496785151,0.0009704035492106581,0.0011354858921777458,0.001199135294546551,0.0011841671630548032,0.0009819891634607607,0.001054408481069005,0.0009787157425440477,0.0009687622523810277,0.000994121108292929,0.0008646030713942013,0.0008017518881205596,0.0009380116752489853
665,0.001,0.0009231893145680894,0.0009241109990429231,0.0002798833819241983,0.00012500000000000003,0.0005206611570247934,0.0006333636777423761,0.0006645257103225758,0.0009397642048294625,0.001091835496785151,0.000893057767272707,0.0010401700552204738,0.001319048824001206,0.0011841671630548032,0.0012274864543259508,0.0009736713185003915,0.000990544524649597,0.0009762973489771985,0.0008615450629328033,0.0007809082640789603,0.0005746502175404327,0.0009013872177269492
666,0.001,0.0009001095817038872,0.000901293443510999,0.0004198250728862974,0.00020833333333333337,0.0005206611570247934,0.0008060992262175695,0.0009117910909077204,0.0010301261476015262,0.0006065752759917505,0.000905208771624236,0.0011354858921777458,0.001319048824001206,0.0011715696400435818,0.0012274864543259508,0.0009897565989337128,0.000994668438615915,0.001043309474705811,0.0007967170045857293,0.0007318860181256854,0.0007605083858572905,0.0009005921285654802
667,0.001,0.0009552444991017036,0.0009558020483928176,0.0004198250728862974,0.0003333333333333334,0.0005679939894815927,0.0008636777423759674,0.0008963370046211488,0.0009488003991066688,0.001213150551983501,0.0009219207856591807,0.0009958870075444887,0.0012562369752392437,0.0008314365187406065,0.0012888607770422484,0.0009104316061812912,0.000994668438615915,0.0009732163317023199,0.0008733438507130133,0.0007841892430493173,0.0007101473661029177,0.0008938945066985014
668,0.001,0.0008757476414583404,0.0008772082460050792,0.0004198250728862974,0.00020833333333333337,0.000473328324567994,0.0007197314519799728,0.0007108879691822904,0.0008584384563346052,0.0008492053863884508,0.0009290341270933751,0.0010444951052903542,0.001388472446317059,0.0009196191798191558,0.0009206148407444631,0.0008884300823078842,0.0009787157425440477,0.0009772601668755982,0.0008094191563638897,0.0007003288648484551,0.0005997988470856164,0.0008807977965496034
669,0.001,0.0009347291810001905,0.0009355197768088851,0.0002798833819241983,0.0001666666666666667,0.00037866265965439517,0.000662152935821575,0.0007881584006151481,0.0008222936792257797,0.001091835496785151,0.0010048664198256496,0.001082643318807635,0.0015518221458837717,0.0009952043178864836,0.001104737808893356,0.0010124337804441215,0.000994668438615915,0.0009271936361588187,0.0008247235575445642,0.0007262741230449152,0.0005607062663620882,0.0009154500033636132
670,0.001,0.0008793159262547596,0.0008807395343612103,0.0005597667638483966,0.0004861111111111111,0.0008925619834710745,0.0006909421939007739,0.0007802428930049529,0.0008109746569206474,0.0007278903311901007,0.0008517962043860457,0.0009958870075444887,0.001004989580191395,0.0009948813044759394,0.0012347069628808095,0.0009376989726541427,0.0009745865800580471,0.0010028711229730278,0.0008872314550619303,0.0009787756228714095,0.0006132542355054546,0.0009034228390610253
671,0.001,0.0009612640081394487,0.0009617418564995405,0.0008396501457725948,0.000625,0.0008925619834710745,0.001067819754210287,0.0008842752787389465,0.0009041901347276185,0.0013344656071818512,0.0010645643567514704,0.000949541004809413,0.001004989580191395,0.001098245595850063,0.0013033017941519657,0.000995304175618029,0.0009589559609453903,0.000980225646002669,0.0009466530365780432,0.0008217919896255083,0.000987298113995198,0.0009190339943963734
672,0.001,0.0009651662977530054,0.0009655991099346992,0.0008396501457725948,0.0004861111111111111,0.001041322314049587,0.0008479745106964043,0.0009362914716059433,0.000950797873631104,0.0006065752759917505,0.0009194104970833856,0.0010401700552204738,0.0009175991819138821,0.0010207223773194703,0.0007545431439827169,0.0010435127324475316,0.0009745865800580471,0.000940607140305016,0.0009314599476821427,0.0009167649034310408,0.0007803808443855586,0.0008940302235197824
673,0.001,0.0009768731665936753,0.000977170870240175,0.0002798833819241983,0.00020833333333333335,0.0005206611570247935,0.0006281292671825217,0.0007455654310936216,0.0009694409691924981,0.0014557806623802013,0.0010609399047669006,0.0009053518250404443,0.0013190488240012058,0.0012532920329112484,0.0017148707817789023,0.0010596337624661511,0.0009745865800580471,0.0009687622523810277,0.0008871651247542751,0.0009322650314491429,0.0005464063002968076,0.0009280865569344445
674,0.001,0.0009963846146614583,0.0009964571374159678,0.0005597667638483966,0.000625,0.0009669421487603307,0.0009107874374146565,0.001040323857339937,0.0010346918036573778,0.0006065752759917505,0.0009940754070513853,0.001082643318807635,0.0009593082356372406,0.001214530423645952,0.0010975173003384975,0.0010853259449083554,0.0009589559609453903,0.0009762973489771985,0.0010330898818656782,0.0010449412206123964,0.0009433411923271444,0.0009530175811914594
675,0.001,0.0009365495072535901,0.0009373125847435362,0.0002798833819241983,0.00020833333333333335,0.0008181818181818184,0.0006909421939007739,0.0007455654310936216,0.0009694409691924981,0.00048526022079340043,0.0008089510400378683,0.000949541004809413,0.0010552390592009648,0.001214530423645952,0.0013718966254231218,0.0010022213997275726,0.0009705459258532349,0.001043309474705811,0.0008953169587310923,0.0009437894238996212,0.0006761333891665627,0.0008882623345350282
676,0.001,0.0009131357695722504,0.0009141690641325847,0.0004198250728862974,0.0003472222222222222,0.0008181818181818184,0.0008793809740555304,0.0010229851263842714,0.001062656446999469,0.001213150551983501,0.0009723501982066193,0.001082643318807635,0.0010552390592009648,0.0012016098872241864,0.0013718966254231218,0.0010187783342542284,0.0009745865800580471,0.0009732163317023199,0.000827947690962134,0.0008845421609434841,0.0008948140916401933,0.0008937075042786028
677,0.001,0.000969068587366562,0.0009694563633698578,0.0004198250728862974,0.0005555555555555556,0.0008925619834710745,0.0009421939007737825,0.0010056463954286059,0.0009787625169731951,0.0008492053863884508,0.0008875513249488491,0.0010401700552204738,0.001004989580191395,0.0008527554038365194,0.001440491456694278,0.000937127366664718,0.0009745865800580471,0.0009772601668755982,0.0009075782498075349,0.000947754746581809,0.0008355593207742753,0.0009005901366961343
678,0.001,0.0008884212686863917,0.0008897397923765803,0.0004198250728862974,0.0003472222222222222,0.0007438016528925622,0.0007851615839781521,0.0007975816239606184,0.0008855470391662243,0.0009705204415868009,0.0009109929120851459,0.0010401700552204738,0.0011107779570536471,0.0009431991587888776,0.0010289224690673412,0.0009144807120559464,0.0009589559609453903,0.0009271936361588187,0.000841147757202024,0.0008464028443535169,0.000705723264204038,0.0008710609651185502
679,0.001,0.00094825637609426,0.000948884345049012,0.0002798833819241983,0.0002777777777777778,0.0005950413223140497,0.0007223486572599,0.0008842752787389465,0.0008482608480434358,0.001213150551983501,0.001023305873815625,0.0011307840670447822,0.0012414577167070171,0.0010207223773194703,0.0012347069628808095,0.0010421204581962608,0.0009745865800580471,0.0010225126081003797,0.0008570520789952891,0.0008777597417159044,0.0006597269375881748,0.0008979693927095884
680,0.001,0.0008768071789615933,0.00087825857792639,0.0009329446064139941,0.0009722222222222222,0.0011359879789631855,0.001036413290851161,0.0010177081213108082,0.0009020024245341894,0.0009705204415868009,0.0009291713547496505,0.0009958870075444887,0.0008739039827751259,0.0008456491088045485,0.001039753231899629,0.0007952412032198878,0.0009745865800580471,0.000980225646002669,0.000912668222475805,0.0011822027505893429,0.0008772306477156196,0.0009585215720444048
681,0.001,0.0009585214574742861,0.000959032724509401,0.0013994169096209913,0.00125,0.0011359879789631855,0.0016017296313154306,0.0011534025374855825,0.0010056808641358205,0.001213150551983501,0.0010127087030989148,0.000949541004809413,0.0008739039827751259,0.0009335087564725534,0.0010975173003384975,0.0008440948676182418,0.0009589559609453903,0.000940607140305016,0.0009737934101250935,0.0009925918952675046,0.0014122824008130535,0.0009890162698000715
682,0.001,0.0009624126135939382,0.0009628791124419255,0.0013994169096209913,0.0009722222222222222,0.001325319308790383,0.0012719617660446065,0.0012212497455729697,0.001057520083936636,0.0013344656071818512,0.0010682370299474413,0.0010401700552204738,0.000797912332099028,0.0008676140207215496,0.0006354047528275512,0.0008849794498313102,0.0009745865800580471,0.0009687622523810277,0.0009581647380830608,0.0011073038244459206,0.0011162972123966958,0.0009494598920269085
683,0.001,0.0009740860819528943,0.0009744182762394984,0.00046647230320699706,0.0004166666666666667,0.0006626596543951915,0.0009421939007737826,0.0009724766492525501,0.0010782557718569622,0.0006065752759917505,0.0009370501837570716,0.000949541004809413,0.001146998977392353,0.001065298227974561,0.0014441017109717072,0.0008986513292755882,0.0009745865800580471,0.0009762973489771985,0.0009125999904900716,0.0011260254737691126,0.0007816078959979731,0.0009357739252294939
684,0.001,0.0009935418625511545,0.0009936502159021202,0.0009329446064139941,0.00125,0.0012306536438767843,0.0013661811561219849,0.001356944161747744,0.001150830679578104,0.001213150551983501,0.001140172617305948,0.001082643318807635,0.0008341810744671658,0.001032350860099059,0.0009242250950218926,0.0009204402857259216,0.0009589559609453903,0.001043309474705811,0.001062708384335037,0.0012621200981570188,0.0013494041414649236,0.0010265855388741486
685,0.001,0.0009338774687164898,0.0009346722676034136,0.00046647230320699706,0.0004166666666666667,0.0010413223140495868,0.001036413290851161,0.0009724766492525501,0.0010782557718569622,0.0013344656071818512,0.0010132609104172,0.000949541004809413,0.0009175991819138823,0.001032350860099059,0.0011552813687773656,0.0008499612082928454,0.0009705459258532349,0.0009732163317023199,0.0009209855360916083,0.001139945077134241,0.0009671762485780098,0.0009014886906882802
686,0.001,0.0009105305319985777,0.0009115939400082677,0.0006997084548104956,0.0006944444444444444,0.0010413223140495868,0.0013190714610832957,0.0013343284257186152,0.0011819342114585932,0.001213150551983501,0.0009853525929317511,0.0010444951052903542,0.0009175991819138823,0.0010213684041405584,0.0011552813687773656,0.0008640027684508377,0.0009745865800580471,0.0009772601668755982,0.0008516848034435532,0.001068383959759705,0.0012799884611438756,0.0009245660192288111
687,0.001,0.0009663037697135902,0.0009667255003744498,0.0006997084548104956,0.0011111111111111111,0.0011359879789631855,0.001413290851160674,0.001311712689689486,0.0010886236158171253,0.0009705204415868009,0.0009666025313415262,0.0009958870075444887,0.0008739039827751259,0.0007248420932610415,0.001213045437216234,0.0007947564371616387,0.0009745865800580471,0.0009271936361588187,0.0009335983561941307,0.0011447345460097573,0.00119522736530879,0.0009664411804241647
688,0.001,0.0008858865432407814,0.0008872334831022802,0.0006997084548104956,0.0006944444444444444,0.000946656649135988,0.0011777423759672283,0.0010403238573399372,0.0009849451762154943,0.001091835496785151,0.0009923831225380267,0.0009958870075444887,0.0009658938756988236,0.000801719284970546,0.0008664610265830242,0.0007755503237017839,0.0009589559609453903,0.0010225126081003797,0.000865263313225854,0.001022317829867767,0.001009503139681427,0.0009036318278817076
689,0.001,0.000945550937075446,0.0009462114314009866,0.00046647230320699706,0.0005555555555555556,0.0007573253193087903,0.00108352298588985,0.0011534025374855825,0.0009434738003748418,0.0008492053863884508,0.001073386268984668,0.0011354858921777458,0.00107952844931045,0.0008676140207215496,0.001039753231899629,0.0008837986936578669,0.0009745865800580471,0.0010756601560920377,0.000881623609085438,0.0010601918935913915,0.0009437076097793526,0.0009183881055383916
690,0.001,0.000964613334222411,0.0009650920531451007,0.0007463556851311954,0.0004861111111111111,0.0006491359879789632,0.0006333636777423761,0.0007463192889612593,0.0009351034309391139,0.00048526022079340043,0.0008467892766337617,0.000949541004809413,0.0011823406825781117,0.0011192414675354318,0.001104737808893356,0.0010153804409550528,0.0009745865800580471,0.000940607140305016,0.0010833781163196374,0.0010296532647744946,0.0007668353298824135,0.0009690986686213504
691,0.001,0.0010545107307549728,0.001053852344164285,0.0011195335276967932,0.000625,0.0006491359879789632,0.000978834774692763,0.0008458285274894272,0.0010425865839206214,0.001091835496785151,0.0010330359197476607,0.0009053518250404443,0.0011823406825781117,0.0012355262953313208,0.0011661121316096535,0.001077757811617215,0.0009589559609453903,0.0009687622523810277,0.0011559364557296918,0.0008645094803250938,0.0012345533566739766,0.0009868658555502404
692,0.001,0.0010587915591612855,0.0010580790246890084,0.0011195335276967932,0.0004861111111111111,0.0007573253193087903,0.0007773099681383707,0.0008955831467535111,0.001096328160411375,0.001091835496785151,0.0010093135026789826,0.0010864221900485332,0.0010795284493104497,0.001148312674484404,0.000675117549879273,0.0011299600930730588,0.0009745865800580471,0.0009762973489771985,0.0011373845210172684,0.0009644191720664263,0.0009758165008759951,0.0009588485368288981
693,0.001,0.001071634044380223,0.0010707590662631774,0.0003731778425655977,0.00020833333333333335,0.00037866265965439517,0.0005757851615839783,0.0007131495427852033,0.0011178247910076764,0.00048526022079340043,0.0009315339039801221,0.0009053518250404443,0.0015518221458837717,0.0014099535370251544,0.0015343580679074388,0.0011474166319478145,0.0009745865800580471,0.001043309474705811,0.0010832971218921377,0.000980725010754399,0.0006832462480957536,0.0010040798343467741
694,0.001,0.0010930381864117853,0.0010918924688867928,0.0007463556851311954,0.000625,0.0007032306536438769,0.0008348884842967685,0.0009950923852816791,0.0011930629980947316,0.0007278903311901007,0.0010183680787794864,0.001082643318807635,0.0011285979242791069,0.001366346726601696,0.0009819891634607607,0.0011752372228816226,0.0009589559609453903,0.0009732163317023199,0.001261482518252682,0.0010992582101141618,0.0011795880281424017,0.001024482884694361
695,0.001,0.001027398817514994,0.0010270833675077057,0.0003731778425655977,0.00020833333333333335,0.0005950413223140497,0.0006333636777423761,0.0007131495427852033,0.0011178247910076764,0.0007278903311901007,0.0009152408134761987,0.0009917632341062436,0.0012414577167070174,0.001366346726601696,0.0012274864543259508,0.0010852480769063548,0.0009705459258532349,0.0009772601668755982,0.0010932511406410988,0.000992848451545013,0.000845461703332082,0.0009576274528212128
696,0.001,0.0010017138470771192,0.0010017232843593674,0.0005597667638483966,0.0003472222222222222,0.0005950413223140497,0.0008060992262175695,0.000978507512193651,0.0012253079439891838,0.001091835496785151,0.0008908864869100584,0.000949541004809413,0.0012414577167070174,0.0013518111231272097,0.0012274864543259508,0.0011031766317739738,0.0009745865800580471,0.0009271936361588187,0.0010109880626168052,0.0009305214622879927,0.001118907982071714,0.0009607076081743857
697,0.001,0.001063072387567598,0.0010623057052137313,0.0005597667638483966,0.0005555555555555556,0.0006491359879789632,0.0008636777423759674,0.0009619226391056231,0.001128573106305827,0.00048526022079340043,0.0009417431725267815,0.000949541004809413,0.0011823406825781117,0.0009593498293160843,0.0012888607770422484,0.0010147614816104012,0.0009745865800580471,0.0010225126081003797,0.001108223123830216,0.0009970198952857356,0.0010448136682727693,0.0009651890550424586
698,0.001,0.0009746019338371402,0.0009749543077027879,0.0005597667638483966,0.0003472222222222222,0.000540946656649136,0.0007197314519799728,0.0007629041620492872,0.0010210899533243199,0.001213150551983501,0.0009307123246017205,0.000949541004809413,0.0013067975965337026,0.0010610990536374873,0.0009206148407444631,0.0009902387181080327,0.0009589559609453903,0.0010756601560920377,0.0010271063627702508,0.0008903996295354344,0.0008824619558730852,0.000936857808754871
699,0.001,0.0010402413027339314,0.0010397634090818751,0.0003731778425655977,0.0002777777777777778,0.0004327573253193088,0.000662152935821575,0.0008458285274894272,0.0009780966921317169,0.001213150551983501,0.0009163545842728051,0.0010322599019797689,0.0014605384902435497,0.001148312674484404,0.001104737808893356,0.0011284524791325375,0.0009745865800580471,0.0009583889360669659,0.0010465267677698977,0.0009233864867761799,0.0008249464814552311,0.0009684236984245975
700,0.001,0.001029808872989311,0.0010295034953127162,0.0007463556851311954,0.0009722222222222222,0.000937640871525169,0.0008111060537096042,0.0010787706085894566,0.0009093488213638537,0.0006065752759917505,0.000970096313632525,0.0010401700552204738,0.0009673696493820914,0.0010333071975561197,0.0012704484802273592,0.0010265130614677228,0.0010362748113006723,0.0010615067329855636,0.0010758658317987855,0.0011804322888817526,0.000928214718838451,0.0010351927209356596
701,0.001,0.001125782185117013,0.0011241877583852723,0.0011195335276967932,0.00125,0.000937640871525169,0.0012535275375512064,0.0012226066897347175,0.001013871674394182,0.0009705204415868009,0.0010433053264092104,0.000949541004809413,0.0009673696493820914,0.0011406637895100022,0.0013410289513511016,0.0010895743369680627,0.001019654823704992,0.0010513971450523676,0.0011479210422626319,0.0009911053939537836,0.0014943633296498194,0.0010684182463859555
702,0.001,0.0011303523428373798,0.001128696532817299,0.0011195335276967932,0.0009722222222222222,0.0010939143501126972,0.000995448338643605,0.0012945247303073478,0.001066133100909346,0.0018197258279752516,0.0010482335792792287,0.000949541004809413,0.0008832505494358226,0.0010601463455445902,0.0007763851823611639,0.0011423489636906686,0.0010362748113006723,0.0010499266595348118,0.001129497749074227,0.0011056455310450024,0.001181175675796554,0.0010264998352354853
703,0.001,0.00114406281599848,0.0011422228561133784,0.0003731778425655977,0.0004166666666666667,0.0005469571750563486,0.0007373691397360038,0.001030825248207703,0.0010870376715154113,0.0013344656071818512,0.0010910473477833142,0.001082643318807635,0.0012696726648139952,0.001301698677440826,0.0017645117780935547,0.0011599968958746893,0.0010362748113006723,0.0010533227808491668,0.001075785398997162,0.0011243391429074346,0.0008270344353733345,0.001020734957815923
704,0.001,0.0011669136046003137,0.001164766728273511,0.0007463556851311954,0.00125,0.0010157776108189332,0.0010691852526172054,0.0014383608114526087,0.0011602036686366411,0.0007278903311901007,0.0010487953336492828,0.001082643318807635,0.0009233983016829055,0.00126143995545812,0.001129287537979875,0.0011881225114759148,0.001019654823704992,0.0009881023336445328,0.00125273523468433,0.0012602299525766155,0.0014278306270204008,0.0011093506146646953
705,0.001,0.0010968378528880235,0.001095632186982438,0.0003731778425655977,0.0004166666666666667,0.000859504132231405,0.0008111060537096042,0.001030825248207703,0.0010870376715154113,0.0006065752759917505,0.0011009893711977424,0.0009958870075444887,0.0010157381318511962,0.00126143995545812,0.0014116094224748436,0.0010971467254473287,0.0010319783965343477,0.000995448192654955,0.0010856703952877205,0.0011382379003349854,0.001023387899156137,0.0009824818913890532
706,0.001,0.0010694169065658227,0.001068579540390279,0.0005597667638483966,0.0006944444444444444,0.000859504132231405,0.0010323167956304052,0.001414388131261732,0.0011915605245457395,0.0009705204415868009,0.0010303101025521762,0.000949541004809413,0.0010157381318511962,0.0012480203814638846,0.0014116094224748436,0.0011152718488026115,0.0010362748113006723,0.0010028711229730278,0.0010039777401272178,0.001066783952579198,0.0013543805527896733,0.0010038314835989087
707,0.001,0.0011349225005577465,0.0011332053072493256,0.0005597667638483966,0.0011111111111111111,0.000937640871525169,0.0011060537096040056,0.0013904154510708552,0.0010974899568184442,0.0013344656071818512,0.0011140192847574949,0.000949541004809413,0.0009673696493820914,0.000885691883619531,0.0014821898935985858,0.0010258873158593036,0.0010362748113006723,0.000980225646002669,0.0011005385608014908,0.0011430201965227037,0.0012646931975383688,0.0010412967167901387
708,0.001,0.0010404725743368335,0.0010400239689874447,0.0005597667638483966,0.0006944444444444444,0.0007813673929376409,0.0009217114246700048,0.0011027432887803334,0.0009929671037881163,0.0007278903311901007,0.0009193616668137581,0.0009053518250404443,0.001069198033527575,0.0009796289015791783,0.0010587070668561327,0.0010010956850349125,0.001019654823704992,0.000940607140305016,0.0010199842738946518,0.0010207868111234226,0.0010681748014687437,0.0009793192838951127
709,0.001,0.0011105483260491237,0.0011091585102785176,0.0003731778425655977,0.0005555555555555556,0.0006250939143501126,0.0008479745106964044,0.0012226066897347175,0.000951157962575985,0.0008492053863884508,0.0010675812209843373,0.0009053518250404443,0.0011949860374719954,0.0010601463455445902,0.0012704484802273592,0.0011408248202867046,0.0010362748113006723,0.0009687622523810277,0.001039270015284549,0.001058604154813618,0.0009985552784300556,0.0009978330773710165
710,0.001,0.0009540680913630005,0.0009546543891483987,0.0014927113702623907,0.0015555555555555557,0.0011540195341848236,0.001021392808375057,0.0009888730578736687,0.0007590432310557787,0.0013344656071818512,0.001003308684709041,0.0009958870075444887,0.0008512852914562403,0.0010451842917809028,0.0009942640280040205,0.000978135229406092,0.0010212392432564976,0.0010513971450523676,0.0009990628288797053,0.0009375741282709825,0.0009776392829104735,0.0010617490126748894
711,0.001,0.0010429827211793747,0.0010424547198292003,0.0022390670553935864,0.002,0.0011540195341848236,0.0015785161583978153,0.0011207227989234912,0.0008462895794529948,0.0014557806623802013,0.0009047523821534997,0.0009958870075444887,0.0008512852914562403,0.001153774867550347,0.0010495009184486883,0.0010382245331797537,0.0010048603991795666,0.0010499266595348118,0.0010659742227299718,0.0007871987106021729,0.0015739335569196291,0.0011203238531983673
712,0.001,0.0010472167511706306,0.0010466356879568577,0.0022390670553935864,0.0015555555555555557,0.0013463561232156273,0.0012535275375512064,0.0011866476694484024,0.0008899127536516028,0.0003639451655950503,0.0010416654390704467,0.0009958870075444887,0.0007772604835035238,0.0010723319357232638,0.0006076057948913458,0.001088511980611089,0.0010212392432564976,0.0010533227808491668,0.0010488661160626988,0.0008781737459318747,0.0012440696287622807,0.0010552914889421267
713,0.001,0.0010599188411443985,0.0010591785923398293,0.0007463556851311954,0.0006666666666666668,0.0006731780616078137,0.0009285389167045972,0.0009449231441903945,0.0009073620233310459,0.001213150551983501,0.0011206601110814516,0.0010444951052903542,0.0011173119450363157,0.001316660731204514,0.001380922261116695,0.001105328195468286,0.0010212392432564976,0.0009881023336445328,0.00099898813794711,0.00089302139709428,0.0008710714621638913,0.0009984400748816367
714,0.001,0.0010810889911006779,0.0010800834329781153,0.0014927113702623907,0.002,0.0012501878287002255,0.001346381429221666,0.001318497410498225,0.000968434467209097,0.0007278903311901007,0.0009519504754899875,0.0009958870075444887,0.0008125905054809568,0.0012759392652909722,0.0008837902471146848,0.0011321282981664018,0.0010048603991795666,0.000995448192654955,0.0011633060279537554,0.0010009544895856048,0.001503858193570385,0.001156430685116703
715,0.001,0.0010161671979014206,0.0010159752550207048,0.0007463556851311954,0.0006666666666666668,0.0010578512396694217,0.001021392808375057,0.0009449231441903945,0.0009073620233310459,0.00048526022079340043,0.0009947525978918435,0.0010444951052903542,0.0008938495560290525,0.0012759392652909722,0.001104737808893356,0.0010454400477409895,0.0010170051662367443,0.0010028711229730278,0.001008167472456692,0.0009040606710127617,0.0010778801408388267,0.0009640913683575822
716,0.001,0.000990763017953885,0.0009908894462547614,0.0011195335276967932,0.0011111111111111111,0.0010578512396694217,0.0012999544833864362,0.0012965224536565878,0.0009946083717282618,0.001213150551983501,0.000932433723788373,0.000949541004809413,0.0008938495560290525,0.0012623654433197916,0.001104737808893356,0.00106271096455308,0.0010212392432564976,0.000980225646002669,0.0009323066236862753,0.0008473074176413914,0.0014264971299680885,0.001009933602866381
717,0.001,0.0010514507811618865,0.0010508166560845148,0.0011195335276967932,0.0017777777777777779,0.0011540195341848236,0.0013928083750568959,0.0012745474968149507,0.0009160866581707674,0.0009705204415868009,0.0010678839520895243,0.0010401700552204738,0.0008512852914562403,0.0008958722500979166,0.0011599746993380237,0.0009775389741345166,0.0010212392432564976,0.000940607140305016,0.0010219742419063766,0.0009078590737009676,0.001332034200330703,0.0010793851756553334
718,0.001,0.0009639474946759309,0.0009644099814462657,0.0011195335276967932,0.0011111111111111111,0.0009616829451540196,0.0011606736458807465,0.0010108480147153058,0.0008288403097735515,0.0008492053863884508,0.0008913147190266685,0.0009958870075444887,0.0009408942695042659,0.0009908890038961805,0.0008285533566700169,0.0009539157311247351,0.0010048603991795666,0.0009687622523810277,0.0009471704965165094,0.0008107735730409445,0.001125051807234583,0.000985013201807117
719,0.001,0.0010288692878751883,0.0010285181594036764,0.0007463556851311954,0.0008888888888888889,0.0007693463561232156,0.001067819754210287,0.0011207227989234912,0.0007939417704146652,0.001091835496785151,0.0010544815687935358,0.0010401700552204738,0.001051587712975356,0.0010723319357232638,0.0009942640280040205,0.0010870596675192784,0.0010212392432564976,0.0009762973489771985,0.0009650794836602118,0.0008408105038990862,0.001051725259832615,0.0009892984388939108
720,0.001,0.0009633695908609683,0.0009638463846422622,0.0011195335276967932,0.0005833333333333335,0.00036063110443275735,0.0005106964041875285,0.0007731189361557774,0.0006012223612322999,0.0007278903311901007,0.0009188556325204259,0.000949541004809413,0.0015201523061718577,0.0008432736899595919,0.000773316466225349,0.0009186231386418697,0.0010212392432564976,0.0010499266595348118,0.0010376389298868771,0.0009860791448682064,0.0005905017868592654,0.001015540633483712
721,0.001,0.0010531510763997862,0.001052492110529069,0.0016793002915451896,0.0007500000000000001,0.00036063110443275735,0.0007892580791989077,0.0008762014609765477,0.0006703283797647483,0.0009705204415868009,0.0009443842580466468,0.0009917632341062436,0.0015201523061718577,0.0009308865408644845,0.0008162784921267573,0.0009750564652125548,0.0010048603991795666,0.0010533227808491668,0.0011071339257019898,0.0008279241160626315,0.0009506682004347306,0.0010344582829897382
722,0.001,0.001057426385234968,0.0010567133355712979,0.0016793002915451896,0.0005833333333333335,0.00042073628850488356,0.0006267637687756032,0.0009277427233869328,0.0007048813890309725,0.0008492053863884508,0.00104025258498767,0.000949541004809413,0.001387965149113435,0.000865176902685815,0.0004725822849154911,0.0010222843038639755,0.0010212392432564976,0.0009881023336445328,0.0010893652359044465,0.0009236057078826855,0.0007514278032839055,0.001000504767611518
723,0.001,0.0010702523117405134,0.0010693770106979844,0.0005597667638483966,0.00025000000000000006,0.00021036814425244178,0.0004642694583522986,0.0007387580945488539,0.0007187025927374621,0.0013344656071818512,0.0011619251335227125,0.0010401700552204738,0.0019951999018505634,0.0010623058172218236,0.001074050647535207,0.0010380773799211315,0.0010212392432564976,0.000995448192654955,0.0010375613549665316,0.0009392214962454959,0.0005261339881500995,0.0010517408051362142
724,0.001,0.0010916288559164225,0.0010904831359091287,0.0011195335276967932,0.0007500000000000001,0.00039068369646882045,0.000673190714610833,0.001030825248207703,0.0007670768057101759,0.0013344656071818512,0.0010800217143536342,0.000949541004809413,0.0014510544740731369,0.0010294509981324889,0.0006873924144225325,0.0010632469001636607,0.0010048603991795666,0.0010028711229730278,0.0012082239345552023,0.0010527384634245063,0.0009083421319185884,0.001065717572768963
725,0.001,0.0010260741204436347,0.0010257576852616191,0.0005597667638483966,0.00025000000000000006,0.0003305785123966943,0.0005106964041875285,0.0007387580945488539,0.0007187025927374621,0.0008492053863884508,0.0009994423555502706,0.0009958870075444887,0.0015961599214804507,0.0010294509981324889,0.0008592405180281655,0.0009818329705810233,0.0010170051662367443,0.000980225646002669,0.001047095124577675,0.0009508318825149813,0.0006510480504533183,0.000993657910622349
726,0.001,0.001000422267432544,0.001000430335008246,0.0008396501457725948,0.00041666666666666675,0.0003305785123966943,0.0006499772416932181,0.0010136448274042414,0.0007878086112699104,0.001213150551983501,0.0010997882725364539,0.000949541004809413,0.0015961599214804507,0.001018499391769377,0.0008592405180281655,0.0009980530834367664,0.0010212392432564976,0.000940607140305016,0.0009683051149176086,0.0008911425226388364,0.0008616154433648176,0.0010015636125450071
727,0.001,0.0010617016940701498,0.0010609345606135267,0.0008396501457725948,0.0006666666666666668,0.00036063110443275735,0.0006964041875284479,0.0009964644066007796,0.0007256131945907069,0.0008492053863884508,0.0011408669742776904,0.000949541004809413,0.0015201523061718577,0.0007228060199653644,0.000902202543929574,0.0009180631609695197,0.0010212392432564976,0.0009687622523810277,0.0010614350049764187,0.0009548267940230011,0.0008045590937296268,0.001016889106333309
728,0.001,0.0009733453114763924,0.0009736959097407964,0.0008396501457725948,0.00041666666666666675,0.0003005259203606312,0.0005803368229403733,0.000790299356959239,0.0006565071760582587,0.0009705204415868009,0.0009472417055995804,0.000949541004809413,0.0016801683384004744,0.0007994672645071456,0.0006444303885211242,0.0008958772126607961,0.0010048603991795666,0.0009762973489771985,0.0009837429158763666,0.0008527186144313947,0.0006795401065549285,0.000986245138004818
729,0.001,0.0010389000469491802,0.0010384213603883059,0.0005597667638483966,0.0003333333333333334,0.0002404207362885049,0.0005339098771051435,0.0008762014609765477,0.0006288647686452793,0.0013344656071818512,0.0010499316236181385,0.000949541004809413,0.0018778352017417065,0.000865176902685815,0.000773316466225349,0.0010209203529801085,0.0010212392432564976,0.001043309474705811,0.0010023434099774105,0.0008843094937037173,0.0006352502973973234,0.0010202994577152265
730,0.001,0.0009527393057204335,0.0009533412469349897,0.0014927113702623907,0.0009722222222222222,0.0007212622088655147,0.0006609012289485664,0.0007910984462989348,0.000691405715417145,0.0015770957175785514,0.0010167250603870638,0.0011859763348863975,0.0011201122256003166,0.0009620446322074218,0.0011599746993380237,0.0010407513926267377,0.0010212392432564976,0.0010533227808491668,0.001100582790940373,0.0009348519315319863,0.0009134268792079231,0.0010264490222900396
731,0.001,0.00104153009900503,0.0010410208068720762,0.0022390670553935864,0.00125,0.0007212622088655147,0.001021392808375057,0.0008965782391387928,0.0007708776367294606,0.00024263011039670022,0.0009797407831173663,0.0010864221900485332,0.0011201122256003166,0.0010619973212679333,0.0012244177381901362,0.0011046873645703939,0.0010048603991795666,0.0009881023336445328,0.0011742933989829264,0.0007849131209102997,0.0014705559014544804,0.001062695556132995
732,0.001,0.0010457582320185824,0.0010451960240119376,0.0022390670553935864,0.0009722222222222222,0.0008414725770097671,0.0008111060537096042,0.0009493181355587217,0.0008106135973856184,0.0008492053863884508,0.0011052966705594567,0.0010401700552204738,0.0010227111625046368,0.0009870328044725497,0.0007088734273732367,0.0011581940059553321,0.0010212392432564976,0.000995448192654955,0.0011554468487567646,0.0008756240150515481,0.0011623577922673875,0.0010172242017692258
733,0.001,0.001058442631059239,0.0010577216754315214,0.0007463556851311954,0.0004166666666666667,0.00042073628850488356,0.0006008192990441513,0.0007559385153523156,0.0008265079816480814,0.001213150551983501,0.0011300350452961491,0.0011859763348863975,0.0014701472961004154,0.0012119263548587005,0.001611075971302811,0.0011760867251879934,0.0010212392432564976,0.0010028711229730278,0.0011005005102742553,0.0008904285568465367,0.0008138585479940334,0.001018045632807981
734,0.001,0.0010795832961270002,0.0010785977611308278,0.0014927113702623907,0.00125,0.0007813673929376409,0.0008711879836140193,0.0010547979283985797,0.0008821383265667024,0.001213150551983501,0.0010742792693629042,0.0010401700552204738,0.001069198033527575,0.0011744440964610086,0.001031088621633799,0.0012046024593800227,0.0010048603991795666,0.000980225646002669,0.0012815155943683531,0.000998048271330139,0.0014050831636335283,0.0010975098142856857
735,0.001,0.0010147519232525327,0.0010145777649862883,0.0007463556851311954,0.0004166666666666667,0.0006611570247933886,0.0006609012289485664,0.0007559385153523156,0.0008265079816480814,0.001213150551983501,0.0010034339651846132,0.001090939557516868,0.0011761178368803324,0.0011744440964610086,0.0012888607770422486,0.0011123647864670415,0.0010170051662367443,0.000940607140305016,0.0011106126046305828,0.0009014357788188781,0.0010070838093529913,0.0009742465741013307
736,0.001,0.0009893831251712195,0.0009895264621471208,0.0011195335276967932,0.0006944444444444444,0.0006611570247933886,0.0008411470186618117,0.0010372179629252701,0.000905979902960397,0.0009705204415868009,0.001032866418904577,0.0010401700552204738,0.0011761178368803324,0.0011619500103284446,0.0012888607770422486,0.001130741315789104,0.0010212392432564976,0.0009687622523810277,0.0010270431410799538,0.0008448473055076614,0.001332803258218841,0.000996662696689967
737,0.001,0.0010499863650321347,0.001049371241151799,0.0011195335276967932,0.0011111111111111111,0.0007212622088655147,0.0009012289485662269,0.0010196379974519603,0.000834455173779313,0.0006065752759917505,0.001200398583139097,0.0009917632341062436,0.0011201122256003166,0.0008246096847492187,0.0013533038158943611,0.0010401169675640295,0.0010212392432564976,0.0009762973489771985,0.0011258223516210132,0.000905223153046401,0.0012445447557959018,0.0010341665061927429
738,0.001,0.0009626049494187221,0.0009630834202613327,0.0011195335276967932,0.0006944444444444444,0.0006010518407212624,0.0007510241238051891,0.0008086784117722444,0.0007549832524669975,0.001091835496785151,0.0008912442008320864,0.0009917632341062436,0.0012380187756635078,0.0009120682876771662,0.0009666455827816864,0.0010149814624501629,0.0010048603991795666,0.001043309474705811,0.0010434174092148476,0.0008084195349867306,0.0010511571897665098,0.000975888237685501
739,0.001,0.0010274363222931894,0.0010271034164058722,0.0007463556851311954,0.0005555555555555556,0.0004808414725770098,0.0006909421939007739,0.0008965782391387928,0.0007231944839420712,0.0018197258279752516,0.0010808793283434736,0.0010401700552204738,0.0013836680433886262,0.0009870328044725497,0.0011599746993380237,0.0011566487217989176,0.0010212392432564976,0.0009732163317023199,0.001063146221541529,0.0008383692552097172,0.0009826468091718658,0.0009959845675277467
740,0.001,0.0009553968770055673,0.0009559675313618078,0.0014927113702623907,0.0015555555555555557,0.0008655146506386175,0.0008711879836140193,0.0010787706085894566,0.0007966196286327974,0.0007278903311901007,0.0010240426482460278,0.0009958870075444887,0.0010134348707812387,0.0009620446322074218,0.0009942640280040205,0.0009045658959538614,0.0010212392432564976,0.0009881023336445328,0.0010564029272759244,0.0010575542974088374,0.0008558743007692365,0.001094943411236269
741,0.001,0.0010444353433537192,0.0010438886327863244,0.0022390670553935864,0.002,0.0008655146506386175,0.001346381429221666,0.0012226066897347175,0.0008881851031882915,0.0008492053863884508,0.0010990695975119605,0.000949541004809413,0.0010134348707812387,0.0010619973212679333,0.0010495009184486883,0.0009601356508008159,0.0010048603991795666,0.000995448192654955,0.0011271546260562667,0.0008879355287323038,0.0013779001171837974,0.0011516474441218261
742,0.001,0.001048675270322679,0.0010480753519017778,0.0022390670553935864,0.0015555555555555557,0.0010097670924117204,0.0010691852526172054,0.0012945247303073478,0.0009339678404660384,0.0018197258279752516,0.0012143496690226092,0.0009958870075444887,0.000925310099408957,0.0009870328044725497,0.0006076057948913458,0.0010066407848287337,0.0010212392432564976,0.0010028711229730278,0.0011090646186603134,0.0009905525236650389,0.0010891207444685567,0.0010860637711852359
743,0.001,0.0010613950512295578,0.0010606355092481372,0.0007463556851311954,0.0006666666666666668,0.0005048835462058602,0.0007919890760127448,0.001030825248207703,0.0009522809353771371,0.0009705204415868009,0.0011242693317332767,0.0009958870075444887,0.0013301332679003758,0.0012119263548587005,0.001380922261116695,0.001022192187131347,0.0010212392432564976,0.000980225646002669,0.0010563239495404368,0.001007300209868994,0.0007625795031272574,0.0010363595997166981
744,0.001,0.0010825946860743558,0.001081569104825403,0.0014927113702623907,0.002,0.000937640871525169,0.0011483841602184799,0.0014383608114526087,0.001016376767565983,0.0008492053863884508,0.0010007997818454965,0.0010444951052903542,0.0009673696493820915,0.0011744440964610086,0.0008837902471146848,0.0010469765504585898,0.0010048603991795666,0.000940607140305016,0.0012300726818413605,0.0011290453629773944,0.0013165526410173999,0.0011889429625350884
745,0.001,0.0010175824725503083,0.001017372745055121,0.0007463556851311954,0.0006666666666666668,0.0007933884297520661,0.0008711879836140193,0.001030825248207703,0.0009522809353771371,0.0014557806623802013,0.001141615965015177,0.0010444951052903542,0.0010641066143203008,0.0011744440964610086,0.001104737808893356,0.0009668084586065581,0.0010170051662367443,0.0009687622523810277,0.0010660301217310698,0.0010197521656351936,0.0009436301588731853,0.000996538341001156
746,0.001,0.0009921429107365505,0.000992252430362402,0.0011195335276967932,0.0011111111111111111,0.0007933884297520661,0.0011087847064178427,0.001414388131261732,0.0010438464099326312,0.0018197258279752516,0.0011352559380079135,0.000949541004809413,0.0010641066143203008,0.0011619500103284446,0.001104737808893356,0.0009827803629715189,0.0010212392432564976,0.0009762973489771985,0.000985815324032542,0.0009557362705875029,0.001248826898634927,0.0010412836630522555
747,0.001,0.0010529151972916385,0.001052262071017231,0.0011195335276967932,0.0017777777777777779,0.0008655146506386175,0.0011879836140191171,0.0013904154510708552,0.0009614374828326866,0.0015770957175785514,0.0011983443608584183,0.000949541004809413,0.0010134348707812387,0.0008246096847492187,0.0011599746993380237,0.000904014487347224,0.0010212392432564976,0.001043309474705811,0.001080629315336567,0.001024036645086018,0.0011661293277974278,0.001113455770060777
748,0.001,0.0009652900399331397,0.0009657365426311987,0.0011195335276967932,0.0011111111111111111,0.0007212622088655146,0.000989986345015931,0.0011027432887803334,0.0008698720082771927,0.0006065752759917505,0.0009385763048616651,0.000949541004809413,0.0011201122256003168,0.0009120682876771662,0.0008285533566700169,0.0008821680398049414,0.0010048603991795666,0.0009732163317023199,0.0010015322922898077,0.0009145272363436503,0.0009849265937631536,0.0010191941680415988
749,0.001,0.0010303022534571872,0.0010299329024014807,0.0007463556851311954,0.0008888888888888889,0.0005770097670924117,0.0009107874374146565,0.0012226066897347175,0.000833245818454995,0.0009705204415868009,0.0010474281012109008,0.0009958870075444887,0.0012518901344944714,0.0009870328044725497,0.0009942640280040205,0.0010052977058212463,0.0010212392432564976,0.0009772601668755982,0.0010204691458051856,0.000948407955053946,0.0009207328685492407,0.00102632483742255
750,0.001,0.0009819725898569042,0.000982230375629989,0.0011195335276967932,0.0015555555555555557,0.0010097670924117206,0.0008111060537096042,0.001024832078159984,0.0007139515539633562,0.0007278903311901007,0.0010305035492365379,0.0009958870075444887,0.0009253100994089568,0.0008907820668587239,0.0007180795757806814,0.0009078995485713394,0.0010212392432564976,0.000995448192654955,0.0010513400791200068,0.0011772802716050203,0.000886119360615104,0.0010859755326805421
751,0.001,0.0010734877868406097,0.0010725668919288056,0.0016793002915451896,0.002,0.0010097670924117206,0.0012535275375512064,0.0011614763552479817,0.0007960149509706387,0.0016984107727769015,0.0011170392288824033,0.000949541004809413,0.0009253100994089568,0.000983330853025864,0.0007579728855462749,0.0009636740980712062,0.0010048603991795666,0.0010028711229730278,0.0011217526978973982,0.0009884589216789831,0.001426592631339668,0.0011403674768840385
752,0.001,0.0010778456533636434,0.001076868630800178,0.0016793002915451896,0.0015555555555555557,0.001178061607813674,0.000995448338643605,0.0012297984937919807,0.0008370466494742798,0.002062355938371952,0.001220791887540038,0.000949541004809413,0.0008448483516342649,0.0009139192634005089,0.0004388264074215275,0.0010103506203445484,0.0010212392432564976,0.000980225646002669,0.0011037493874976577,0.0011026932110783086,0.0011276083145080138,0.0010773292993048527
753,0.001,0.001090919252932744,0.0010897738474142946,0.0005597667638483966,0.0006666666666666668,0.000589030803906837,0.0007373691397360038,0.000979283985797318,0.0008534593288757362,0.001213150551983501,0.001166709423446454,0.000949541004809413,0.001214469505474256,0.0011221540322765742,0.0009973327441398353,0.0010259593351914697,0.0010212392432564976,0.000940607140305016,0.001051261479888092,0.0011213369068311001,0.0007895276924683631,0.0010214675515228663
754,0.001,0.001112708585547912,0.0011112825417711556,0.0011195335276967932,0.002,0.0010939143501126972,0.0010691852526172054,0.0013664427708799784,0.0009109037067808339,0.0007278903311901007,0.0011284782300415358,0.0009958870075444887,0.0008832505494358225,0.0010874482374638966,0.0006382929562494946,0.0010508350378650754,0.0010048603991795666,0.0009687622523810277,0.0012241775152831195,0.0012568648577544973,0.001363077245602463,0.001179752683365257
755,0.001,0.0010458879655280637,0.0010453225457434483,0.0005597667638483966,0.0006666666666666668,0.0009256198347107438,0.0008111060537096042,0.000979283985797318,0.0008534593288757362,0.0014557806623802013,0.0010559519133173426,0.000949541004809413,0.0009715756043794048,0.0010874482374638966,0.0007978661953118682,0.0009703714975880742,0.0010170051662367443,0.0009762973489771985,0.001060921134907381,0.0011351985514789099,0.0009769763530536088,0.0009852283845700187
756,0.001,0.001019740766389862,0.001019512112515215,0.0008396501457725948,0.0011111111111111111,0.0009256198347107438,0.0010323167956304052,0.0013436687246986456,0.0009355227258830187,0.0009705204415868009,0.001058316504941775,0.0009053518250404443,0.0009715756043794048,0.0010758796391930042,0.0007978661953118682,0.0009864022641995892,0.0010212392432564976,0.001043309474705811,0.0009810907694459475,0.0010639354016875107,0.0012929581971823834,0.0010294897669224149
757,0.001,0.001082203519886677,0.00108117036967155,0.0008396501457725948,0.0017777777777777779,0.0010097670924117206,0.0011060537096040056,0.0013208946785173126,0.0008616656685764644,0.0013344656071818512,0.0011841622712613295,0.000949541004809413,0.0009253100994089568,0.0007635274858789061,0.0008377595050774616,0.0009073461078244753,0.0010212392432564976,0.0009732163317023199,0.00107545036136444,0.0011399680778700475,0.0012073382427929534,0.0011050295576339809
758,0.001,0.000992140945077316,0.0009922677663298577,0.0008396501457725948,0.0011111111111111111,0.0008414725770097671,0.0009217114246700048,0.001047606124341317,0.0007796022715691822,0.0008492053863884508,0.0009639478042744138,0.0009053518250404443,0.0010227111625046368,0.0008445076737751538,0.0005983996464839011,0.0008854191482184971,0.0010048603991795666,0.0009772601668755982,0.0009967324135804723,0.0010180610828501224,0.0010197321297459251,0.0010079126528609636
759,0.001,0.0010589615650971643,0.001058227762357565,0.0005597667638483966,0.0008888888888888889,0.0006731780616078137,0.0008479745106964044,0.0011614763552479817,0.0007467769127662692,0.0006065752759917505,0.0011291654652150485,0.0009053518250404443,0.0011430301227992998,0.0009139192634005089,0.0007180795757806814,0.0010090025916049642,0.0010212392432564976,0.0009271936361588187,0.001015578511559848,0.001055777445804875,0.0009532699136343664,0.0010132777604515957
760,0.001,0.0009181908790136954,0.0009191995493863536,0.0011195335276967932,0.0005833333333333335,0.0005048835462058603,0.0006609012289485664,0.0007371599158694621,0.0007139515539633562,0.001213150551983501,0.0008508807546481413,0.000949541004809413,0.0013301332679003755,0.0009264133495330729,0.0009390271375593524,0.0009081982063021461,0.0010212392432564976,0.0010028711229730278,0.0009347301593969315,0.0008583817113024017,0.0006483465662672181,0.0009717912196769516
761,0.001,0.0010037619224720722,0.0010037390699868503,0.0016793002915451896,0.0007500000000000001,0.0005048835462058603,0.001021392808375057,0.000835447904652057,0.0007960149509706387,0.0007278903311901007,0.0009457010854462729,0.0009053518250404443,0.0013301332679003755,0.0010226640871468986,0.0009911953118682054,0.0009639911030965088,0.0010048603991795666,0.000980225646002669,0.0009973329267416676,0.000720707788287475,0.001043794408632655,0.0009922820900828615
762,0.001,0.0010078367340653283,0.001007764761444017,0.0016793002915451896,0.0005833333333333335,0.000589030803906837,0.0008111060537096042,0.0008845918990433545,0.0008370466494742798,0.0009705204415868009,0.0009843168976158613,0.0009958870075444887,0.001214469505474256,0.0009504760339365293,0.000573849917397382,0.0010106829798264604,0.0010212392432564976,0.000940607140305016,0.0009813264626737255,0.000803998596083246,0.0008250366838821268,0.0009592575900708111
763,0.001,0.0010200611688450964,0.0010198418358155165,0.0005597667638483966,0.00025000000000000006,0.0002945154019534185,0.0006008192990441513,0.0007043972529419305,0.0008534593288757362,0.0009705204415868009,0.0010386562885203838,0.000949541004809413,0.001745799914119243,0.0011670401935676374,0.001304204357721323,0.0010262968292318957,0.0010212392432564976,0.0009687622523810277,0.0009346602780388103,0.0008175921369343679,0.0005776733825445526,0.0010020821163004192
764,0.001,0.0010404352268113767,0.001039970293101349,0.0011195335276967932,0.0007500000000000001,0.0005469571750563486,0.0008711879836140193,0.0009828798878259493,0.0009109037067808339,0.00048526022079340043,0.0009641629471862043,0.0009958870075444887,0.001269672664813995,0.0011309461669624526,0.0008346907889416466,0.0010511807148822683,0.0010048603991795666,0.0009762973489771985,0.0010883972434005483,0.0009164086356465488,0.0009973221340405852,0.0010217947767422891
765,0.001,0.0009779547823814507,0.0009782430240914625,0.0005597667638483966,0.00025000000000000006,0.0004628099173553719,0.0006609012289485664,0.0007043972529419305,0.0008534593288757362,0.001091835496785151,0.0009518221919724961,0.0010401700552204738,0.0013966399312953944,0.0011309461669624526,0.0010433634861770583,0.000970690705753741,0.0010170051662367443,0.001043309474705811,0.0009432485275074857,0.0008276989760118892,0.0007148238623145368,0.0009504300286455028
766,0.001,0.0009535059128219144,0.0009540888753484634,0.0008396501457725948,0.00041666666666666675,0.0004628099173553719,0.0008411470186618117,0.0009664985563621836,0.0009355227258830187,0.0013344656071818512,0.0009797407831173663,0.0010322599019797689,0.0013966399312953944,0.0011189148247607243,0.0010433634861770583,0.0009867267457596386,0.0010212392432564976,0.0009732163317023199,0.000872272587643251,0.0007757393993960811,0.0009460181604522795,0.0009599286367529356
767,0.001,0.0010119115456585844,0.0010117904529011834,0.0008396501457725948,0.0006666666666666668,0.0005048835462058603,0.0009012289485662269,0.0009501172248984178,0.0008616656685764644,0.0009705204415868009,0.001054117069336324,0.0009053518250404443,0.0013301332679003755,0.0007940685853140624,0.0010955316604859113,0.0009076445834984038,0.0010212392432564976,0.0009772601668755982,0.0009561662374206169,0.0008311765457329424,0.0008833726457511796,0.0009721464003264057
768,0.001,0.0009276987727312928,0.0009285928294530756,0.0008396501457725948,0.00041666666666666675,0.00042073628850488356,0.0007510241238051891,0.0007535412473332278,0.0007796022715691822,0.00048526022079340043,0.0008688908087955813,0.000949541004809413,0.0014701472961004154,0.00087828798072616,0.0007825226146327937,0.0008857104109182483,0.0010048603991795666,0.0009271936361588187,0.0008861793308612327,0.0007422913944832112,0.0007461069628071261,0.0009415003475310357
769,0.001,0.0009901792171612188,0.000990320098462962,0.0005597667638483966,0.0003333333333333334,0.00033658903080390683,0.0006909421939007739,0.000835447904652057,0.0007467769127662692,0.001091835496785151,0.0009814329100830178,0.0009053518250404443,0.0016431058015239932,0.0009504760339365293,0.0009390271375593524,0.0010093345076466244,0.0010212392432564976,0.0010225126081003797,0.0009029351042956642,0.0007697912489852027,0.0006974785821197576,0.0009720746800654567
770,0.001,0.0009314787354393639,0.0009323309715204445,0.0011195335276967932,0.0009722222222222222,0.0007933884297520662,0.0007209831588529815,0.0008270574665852501,0.0007364973925095675,0.0007278903311901007,0.0008520175363904012,0.0010444951052903542,0.0010641066143203006,0.0009501675379826388,0.001049500918448688,0.0009348284788259803,0.0010006209334352284,0.000980225646002669,0.0009713708540057672,0.0010374222146971024,0.0007628445057952382,0.0010005536381955938
771,0.001,0.0010182881442155176,0.0010180781995580911,0.0016793002915451896,0.00125,0.0007933884297520662,0.001114246700045517,0.0009373317954632834,0.0008211522652118167,0.0008492053863884508,0.000949858995261619,0.0009958870075444887,0.0010641066143203006,0.0010488862432275882,0.0011078065250291708,0.0009922573401446265,0.000984572770032706,0.000940607140305016,0.0010364276010973712,0.000871032385743877,0.0012281283980411068,0.0010342969167701959
772,0.001,0.0010224219255858106,0.0010221614008932172,0.0016793002915451896,0.0009722222222222222,0.0009256198347107438,0.0008848429676832046,0.0009924689599023,0.0008634797015629413,0.00048526022079340043,0.000932833258146592,0.0010444951052903542,0.0009715756043794047,0.0009748472142938762,0.0006413616723853093,0.0010403183204395702,0.0010006209334352284,0.0009687622523810277,0.0010197936960981775,0.000971695917072259,0.0009707380807190155,0.0009905813739723775
773,0.001,0.0010348232696966897,0.0010344110048985953,0.0005597667638483966,0.0004166666666666667,0.0004628099173553719,0.0006554392353208923,0.0007902993569592389,0.000880410676103391,0.0014557806623802013,0.001113861301450346,0.0009958870075444887,0.0013966399312953946,0.0011969643010950127,0.001457640164512067,0.0010563900005937646,0.0010006209334352284,0.0009762973489771985,0.0009712982333528068,0.0009881247867343926,0.0006796904448116368,0.0009890289219988814
774,0.001,0.0010554921765481549,0.0010548270115742255,0.0011195335276967932,0.00125,0.0008595041322314051,0.0009503868912152937,0.0011027432887803334,0.0009396690869949654,0.001213150551983501,0.0009747711343341739,0.0010444951052903542,0.0010157381318511962,0.0011599447866281565,0.0009328897052877228,0.0010820035338603986,0.000984572770032706,0.001043309474705811,0.0011310615680803764,0.0011075523439537343,0.0011734491243488372,0.0010696692495642515
775,0.001,0.0009921075288703283,0.0009922179244356262,0.0005597667638483966,0.0004166666666666667,0.0007272727272727274,0.0007209831588529815,0.0007902993569592389,0.000880410676103391,0.0006065752759917505,0.0008509103006576524,0.0010444951052903542,0.0011173119450363159,0.0011599447866281565,0.0011661121316096535,0.000999153389175927,0.0009964723403139612,0.0009732163317023199,0.0009802231355151422,0.0010003397014294888,0.0008410616857546976,0.000947303862196358
776,0.001,0.0009673048406485702,0.0009677187164248701,0.0008396501457725948,0.0006944444444444444,0.0007272727272727274,0.0009176149294492492,0.001084364233967328,0.0009650655488056402,0.0008492053863884508,0.0010386528306723546,0.001082643318807635,0.0011173119450363159,0.0011476049484725377,0.0011661121316096535,0.001015659639442753,0.0010006209334352284,0.0009772601668755982,0.0009064649940593611,0.0009375424419611943,0.0011130848740951043,0.0009704648171573827
777,0.001,0.0010265557069561036,0.0010262446022283433,0.0008396501457725948,0.0011111111111111111,0.0007933884297520662,0.0009831588529813384,0.0010659851791543222,0.000888876163373616,0.001091835496785151,0.0010015531126121924,0.0010401700552204738,0.0010641066143203006,0.0008144293182708332,0.0012244177381901362,0.0009342586226427436,0.0010006209334352284,0.0009271936361588187,0.000993647209601093,0.0010045426195884797,0.0010393761676889188,0.0010077510852161066
778,0.001,0.000941124225303381,0.0009418584413024053,0.0008396501457725948,0.0006944444444444444,0.0006611570247933886,0.0008192990441511153,0.0008454365213982556,0.0008042212906713669,0.0009705204415868009,0.0008408795733052666,0.0010401700552204738,0.0011761178368803324,0.0009008081853601641,0.0008745840987072401,0.0009116812942081268,0.000984572770032706,0.0010225126081003797,0.0009209168707858009,0.0008971178815622314,0.0008778693787026331,0.000949071794182451
779,0.001,0.0010045088729812076,0.0010044675284410045,0.0005597667638483966,0.0005555555555555556,0.0005289256198347109,0.0007537551206190261,0.0009373317954632834,0.0007703593415904671,0.0008492053863884508,0.000986377187773327,0.0010401700552204738,0.0013144846412191948,0.0009748472142938762,0.001049500918448688,0.0010389303082326887,0.0010006209334352284,0.0010756601560920377,0.0009383294574953512,0.0009303536315620978,0.0008206532307917193,0.0009679051857838164
780,0.001,0.0009288211641542302,0.0009297046870936263,0.0018658892128279882,0.0019444444444444444,0.0010097670924117206,0.0010814747382794723,0.0010787706085894566,0.0008191654671790088,0.00048526022079340043,0.0008584040184153558,0.000949541004809413,0.0009253100994089568,0.0008076424072852429,0.0008837902471146847,0.0007928068025941926,0.0010006209334352284,0.000940607140305016,0.0009992198829654505,0.0012530383543262105,0.0010912123246462379,0.0011221799231402867
781,0.001,0.0010153828998668284,0.001015210373643843,0.0027988338192419825,0.0025,0.0010097670924117206,0.0016713700500682752,0.0012226066897347175,0.0009133224174294696,0.0009705204415868009,0.0008345547960815837,0.0009053518250404443,0.0009253100994089568,0.0008915533067434499,0.0009328897052877228,0.0008415109156480018,0.000984572770032706,0.0009687622523810277,0.0010661417953811998,0.0010520663349357802,0.0017567785230273615,0.001189486209479093
782,0.001,0.0010195048872817143,0.0010192820730033773,0.0027988338192419825,0.0019444444444444444,0.001178061607813674,0.0013272644515248068,0.0012945247303073478,0.0009604008925547001,0.0006065752759917505,0.0010010258406027023,0.000949541004809413,0.0008448483516342649,0.0008286201321497947,0.0005400940399034184,0.0008822703415536281,0.0010006209334352284,0.0009762973489771985,0.00104903099929543,0.00117365161029371,0.0013885940707926594,0.0011125976057788623
783,0.001,0.0010318708495263712,0.0010314971710819795,0.0009329446064139941,0.0008333333333333334,0.000589030803906837,0.0009831588529813384,0.001030825248207703,0.000979232282604792,0.0009705204415868009,0.0009086283383993677,0.000949541004809413,0.001214469505474256,0.0010174196559307605,0.001227486454325951,0.0008959003684986408,0.0010006209334352284,0.001043309474705811,0.0009991451802913351,0.001193495029408164,0.0009722644453597523,0.001025481161365363
784,0.001,0.0010524807866007992,0.0010518556678796502,0.0018658892128279882,0.0025,0.0010939143501126972,0.0014255803368229407,0.0014383608114526087,0.0010451421477801147,0.0006065752759917505,0.001032611680711178,0.000949541004809413,0.0008832505494358225,0.0009859530686339329,0.0007855913307686087,0.0009176226243693247,0.000984572770032706,0.0009732163317023199,0.0011634889013020383,0.001337744215168097,0.0016785624555294267,0.001228827455216143
785,0.001,0.000989276979572553,0.0009894229443667935,0.0009329446064139941,0.0008333333333333334,0.0009256198347107438,0.0010814747382794723,0.001030825248207703,0.000979232282604792,0.0014557806623802013,0.00098438713322176,0.000949541004809413,0.0009715756043794048,0.0009859530686339329,0.0009819891634607607,0.0008473592982196414,0.0009964723403139612,0.0009772601668755982,0.0010083259578052483,0.0012082486720340327,0.0012030982334027792,0.0009895701671661114
786,0.001,0.000964545055083239,0.0009649927482095888,0.0013994169096209913,0.0013888888888888887,0.0009256198347107438,0.0013764223941738739,0.001414388131261732,0.001073389232855253,0.0007278903311901007,0.0009721257838023827,0.000949541004809413,0.0009715756043794048,0.000975464206201657,0.0009819891634607607,0.0008613578742079302,0.0010006209334352284,0.0009271936361588187,0.0009324531836024133,0.0011323997326672176,0.0015922143028659478,0.001049032817566201
787,0.001,0.0010236268746965998,0.0010233537723629113,0.0013994169096209913,0.0022222222222222222,0.0010097670924117206,0.0014747382794720076,0.0013904154510708552,0.0009886479776298382,0.0013344656071818512,0.0010074222369352932,0.0009053518250404443,0.0009253100994089568,0.0006922649205302081,0.0010310886216337988,0.0007923235205068327,0.0010006209334352284,0.0010225126081003797,0.001022134897698563,0.0012133251178424033,0.0014867775483856707,0.001149403404627252
788,0.001,0.0009384391347889633,0.0009392053189325394,0.0013994169096209913,0.0013888888888888887,0.0008414725770097671,0.001228948566226673,0.0011027432887803334,0.0008944910273793775,0.0009705204415868009,0.0008460212482785637,0.0009053518250404443,0.0010227111625046368,0.0007656869575561393,0.0007364918725955706,0.0007731762010008557,0.000984572770032706,0.0010756601560920377,0.0009473193930544198,0.0010835733976234223,0.0012557498653952138,0.001029106747192094
789,0.001,0.0010016429418172098,0.001001638042445396,0.0009329446064139941,0.0011111111111111111,0.0006731780616078137,0.0011306326809285392,0.0012226066897347175,0.0008568282472791931,0.0007278903311901007,0.0009556011955530317,0.000949541004809413,0.0011430301227992998,0.0008286201321497947,0.0008837902471146847,0.000881093199923239,0.0010006209334352284,0.0009583889360669659,0.0009652311955161595,0.0011237168116496866,0.0011739049215110273,0.0010263500687289462
790,0.001,0.00102183615913391,0.0010216246420322616,0.0014927113702623907,0.0009722222222222222,0.0005770097670924118,0.0006609012289485664,0.0007910984462989348,0.0008492265852406238,0.001213150551983501,0.0009991656166953046,0.000949541004809413,0.0012518901344944712,0.0010689384802304686,0.0009390271375593524,0.0010122721478098141,0.0010006209334352284,0.0009687622523810277,0.0011861188194540611,0.0010913483594725728,0.0009538884273148652,0.0010699152250836232
791,0.001,0.0011170664520709459,0.0011155842806425279,0.0022390670553935864,0.00125,0.0005770097670924118,0.001021392808375057,0.0008965782391387928,0.0009468388364177071,0.0006065752759917505,0.0010873063872584503,0.0009053518250404443,0.0012518901344944712,0.0011799970236310367,0.0009911953118682054,0.0010744585682174442,0.000984572770032706,0.0009762973489771985,0.0012655581311645158,0.0009163094367577325,0.0015356962752545642,0.0011058872704878457
792,0.001,0.0011216012279250905,0.0011200585491477788,0.0022390670553935864,0.0009722222222222222,0.0006731780616078137,0.0008111060537096042,0.0009493181355587217,0.0009956449620062487,0.001213150551983501,0.001208008374144261,0.0010401700552204738,0.0011430301227992995,0.0010967031160806107,0.000573849917397382,0.0011265010475074492,0.0010006209334352284,0.001043309474705811,0.001245246848733926,0.001022205549466309,0.0012138460906740301,0.0010590522130439004
793,0.001,0.0011352055554875243,0.001133481354663531,0.0007463556851311954,0.0004166666666666667,0.00033658903080390683,0.0006008192990441513,0.0007559385153523156,0.0010151674122416653,0.0007278903311901007,0.0011536877863226771,0.000949541004809413,0.0016431058015239934,0.0013465848387318891,0.001304204357721323,0.0011439041482442071,0.0010006209334352284,0.0009732163317023199,0.00118603014402922,0.001039488406628755,0.0008499095746733246,0.0010690252520457546
794,0.001,0.001157879434758247,0.001155852697189785,0.0014927113702623907,0.00125,0.0006250939143501127,0.0008711879836140193,0.0010547979283985797,0.0010834959880656235,0.002183670993570302,0.0011779786140022747,0.0009958870075444887,0.0011949860374719952,0.001304937884956676,0.0008346907889416466,0.0011716395744962782,0.000984572770032706,0.0009772601668755982,0.0013811135122378194,0.0011651239162608676,0.0014673233290082447,0.0011450684228963507
795,0.001,0.001088346204994697,0.0010872472467759397,0.0007463556851311954,0.0004166666666666667,0.0005289256198347109,0.0006609012289485664,0.0007559385153523156,0.0010151674122416653,0.0009705204415868009,0.0011356544831976555,0.0010401700552204738,0.0013144846412191948,0.001304937884956676,0.0010433634861770583,0.0010819259042287338,0.0009964723403139612,0.0009271936361588187,0.0011969281387269992,0.0010523382636346442,0.0010516940249349909,0.001020334154670669
796,0.001,0.0010611375498698295,0.001060401635744435,0.0011195335276967932,0.0006944444444444444,0.0005289256198347109,0.0008411470186618117,0.0010372179629252701,0.0011127796634187485,0.0007278903311901007,0.0011225853530531067,0.0009053518250404443,0.0013144846412191948,0.001291055567031605,0.0010433634861770583,0.0010997995760180983,0.0010006209334352284,0.0010225126081003797,0.0011068637525990033,0.000986276745836795,0.001391841681958105,0.0010409344163175402
797,0.001,0.001126136003779235,0.0011245328176530296,0.0011195335276967932,0.0011111111111111111,0.0005770097670924118,0.0009012289485662269,0.0010196379974519603,0.0010249286373593736,0.0018197258279752516,0.0012536095345974498,0.0009053518250404443,0.0012518901344944712,0.0009162329830546874,0.0010955316604859113,0.001011655083229933,0.0010006209334352284,0.0010756601560920377,0.0012133199697577843,0.0010567596532798922,0.0012996736431257168,0.0010761527540651056
798,0.001,0.0010324173027935807,0.0010320646018778467,0.0011195335276967932,0.0006944444444444444,0.0004808414725770098,0.0007510241238051891,0.0008086784117722444,0.0009273163861822904,0.0009705204415868009,0.001013406224753176,0.0009053518250404443,0.0013836680433886262,0.0010134092085301845,0.0007825226146327937,0.0009872073890657379,0.000984572770032706,0.0009583889360669659,0.001124510610018053,0.0009437508802356917,0.0010977196986764477,0.0010185703489389228
799,0.001,0.0011019505325571308,0.001100670052291692,0.0007463556851311954,0.0005555555555555556,0.0003846731780616078,0.0006909421939007739,0.0008965782391387928,0.0008882714857114571,0.001091835496785151,0.0010419584653859964,0.0009053518250404443,0.0015464525190814055,0.0010967031160806107,0.0009390271375593524,0.0011249980486903715,0.0010006209334352284,0.0010716163209187595,0.0011457727229447505,0.000978714254572904,0.0010261745529316266,0.0010422652266901132
800,0.001,0.0009968549890536531,0.0009969500251051993,0.0005597667638483966,0.0009722222222222222,0.0014064613072877537,0.0009800864815657717,0.0012008955831467538,0.0011341316760830086,0.0008492053863884508,0.001031456310636691,0.0009917632341062436,0.0007831087637855028,0.0010940899738829503,0.0014199130073129312,0.0010482529494897192,0.0010068520094066627,0.0010513971450523676,0.0011064906062796015,0.0013002906216162287,0.00113082957200626,0.0010164962037062556
801,0.001,0.0010897571551932686,0.0010886403193849476,0.0008396501457725948,0.00125,0.0014064613072877537,0.0015146791078743743,0.0013610149942329874,0.0012644916388511707,0.001091835496785151,0.0010631920674756311,0.000949541004809413,0.0007831087637855028,0.0012077616594811788,0.0014987970632747607,0.0011126497609119706,0.0009907039107319288,0.0010499266595348118,0.0011805968852925193,0.001091739916748802,0.00182055962935432,0.0010491065583614113
802,0.001,0.0010941810678665837,0.0010930065238744595,0.0008396501457725948,0.0009722222222222222,0.0016408715251690457,0.001202833409194356,0.0014410746997761043,0.0013296716202352518,0.001213150551983501,0.0009380710642097475,0.000949541004809413,0.0007150123495432851,0.0011225078952825074,0.0008677246155801245,0.0011665420689563435,0.0010068520094066627,0.0010533227808491668,0.0011616491687211864,0.001217910191368652,0.001439007976081978,0.0010097336111917735
803,0.001,0.0011074528058865288,0.0011061051373429949,0.0002798833819241983,0.0004166666666666667,0.0008204357625845229,0.0008909877105143379,0.001147522446118009,0.001355743612788884,0.0015770957175785514,0.001062069964717107,0.0011307840670447822,0.0010278302524684725,0.0013782691878785219,0.001972101399045738,0.0011845637558288353,0.0010068520094066627,0.0009881023336445328,0.0011064078839393221,0.0012385019088418168,0.0010075632045115602,0.0009948802865178026
804,0.001,0.0011295723692531037,0.001127936159790554,0.0005597667638483966,0.00125,0.0015236664162283997,0.0012919321802457898,0.0016011941108623382,0.0014469955867265974,0.0009705204415868009,0.0010678082773594511,0.001082643318807635,0.0007475129108861618,0.001335642305779186,0.001262144895389272,0.0012132850265236706,0.0009907039107319288,0.000995448192654955,0.0012883946384059225,0.0013881907533786443,0.0017395038713363953,0.0010945319321481457
805,0.001,0.0010617390415956066,0.0010609876909513727,0.0002798833819241983,0.0004166666666666667,0.0012892561983471077,0.0009800864815657717,0.001147522446118009,0.001355743612788884,0.0007278903311901007,0.0010536161027800287,0.000949541004809413,0.000822264201974778,0.001335642305779186,0.00157768111923659,0.0011203825203439093,0.0010026775821277744,0.0010028711229730278,0.0011165742589791582,0.0012538119135793895,0.0012467775790576915,0.0009633827259255064
806,0.001,0.0010351955655557167,0.0010347904640143019,0.0004198250728862974,0.0006944444444444444,0.0012892561983471077,0.001247382794720073,0.001574507542347966,0.001486103575557046,0.001213150551983501,0.0010877225014670469,0.000949541004809413,0.000822264201974778,0.0013214333450794074,0.00157768111923659,0.0011388915045256343,0.0010068520094066627,0.000980225646002669,0.0010325562031347742,0.0011751026991505614,0.001650020786959,0.0009836907394202286
807,0.001,0.0010986049805398986,0.0010973727283639712,0.0004198250728862974,0.0011111111111111111,0.0014064613072877537,0.0013364815657715067,0.0015478209738335935,0.0013687796090657,0.001091835496785151,0.000987003260313528,0.0009958870075444887,0.0007831087637855028,0.0009377914061853859,0.0016565651751984196,0.0010476139516003814,0.0010068520094066627,0.000940607140305016,0.0011318656503286643,0.0012590797929327847,0.001540756075362827,0.0010216212075911742
808,0.001,0.0010071774519580547,0.001007137835580727,0.0004198250728862974,0.0006944444444444444,0.0011720510894064615,0.0011137346381429223,0.0012275821516611258,0.0012384196462975382,0.0006065752759917505,0.0010132325539704808,0.000949541004809413,0.0008655412652366084,0.001037254131083836,0.0011832608394274425,0.001022297274092966,0.0009907039107319288,0.0009687622523810277,0.0010490183666585948,0.0011244351155717026,0.0013013407663739075,0.000956257743348124
809,0.001,0.0010750107796155517,0.0010740863044199083,0.0002798833819241983,0.0005555555555555556,0.0009376408715251691,0.0010246358670914885,0.0013610149942329874,0.0011862756611902734,0.0007278903311901007,0.0010423806231156134,0.0009053518250404443,0.0009673696493820915,0.0011225078952825074,0.0014199130073129312,0.0011649856466577648,0.0010068520094066627,0.0009762973489771985,0.0010688530812227525,0.0011660923438582837,0.0012165243830055874,0.0009720346354244596
810,0.001,0.0009235379124393845,0.0009244676890962753,0.0011195335276967932,0.0015555555555555557,0.001731029301277235,0.0012341829767865274,0.0011008209512178575,0.0009466718949122635,0.0014557806623802013,0.0011057401195925676,0.0009917632341062436,0.0006891357121312422,0.001106665720709191,0.0011112362665927288,0.0009988505531129857,0.000992243344086653,0.0010499266595348118,0.00102750138778017,0.0010327732115966307,0.0011910427505972022,0.0010440002021280355
811,0.001,0.0010096072741016347,0.0010094917247357867,0.0016793002915451896,0.002,0.001731029301277235,0.0019073736913973606,0.0012475970780469053,0.0010554847563964318,0.00024263011039670022,0.0009556801182124179,0.0010401700552204738,0.0006891357121312422,0.0012216439774062498,0.0011729716147367694,0.0010602124512494424,0.0009763295421773717,0.0010533227808491668,0.0010963174302272185,0.0008671290258537893,0.0019174988011017354,0.001102279301157124
812,0.001,0.0010137058151331705,0.0010135404883376683,0.0016793002915451896,0.0015555555555555557,0.0020195341848234408,0.0015146791078743745,0.001320985141461429,0.001109891187138516,0.001213150551983501,0.000966247626262581,0.0010401700552204738,0.0006292108675980908,0.001135410284883456,0.0006790888295844453,0.0011115649055638912,0.000992243344086653,0.0009881023336445328,0.0010787223372713272,0.0009673414534149487,0.0015156307019131476,0.0010393242507742532
813,0.001,0.0010260014382277778,0.0010256867791433126,0.0005597667638483966,0.0006666666666666668,0.0010097670924117204,0.0011219845243513886,0.001051895575608175,0.0011316537594353495,0.0015770957175785514,0.0011307483324850323,0.0011394492057712955,0.0009044906221722554,0.0013941113624518383,0.0015433837036010123,0.00112873726068045,0.000992243344086653,0.000995448192654955,0.0010274245707525738,0.0009836967003370692,0.0010612128301286914,0.0009746126747332317
814,0.001,0.0010464941433854563,0.00104593059715272,0.0011195335276967932,0.002,0.001875281743050338,0.0016268775603095133,0.0014677612682904766,0.0012078227624742674,0.0008492053863884508,0.0010046144130145345,0.0010401700552204738,0.0006578113615798222,0.0013509945161904412,0.0009877655703046477,0.0011561049462506258,0.0009763295421773717,0.0010028711229730278,0.0011964198082275402,0.0011025890665069726,0.0018321270745646125,0.001142241082455891
815,0.001,0.000983649847568575,0.000983849555257204,0.0005597667638483966,0.0006666666666666668,0.0015867768595041322,0.0012341829767865274,0.001051895575608175,0.0011316537594353495,0.0009705204415868009,0.0009867266725932834,0.0010401700552204738,0.0007235924977378044,0.0013509945161904412,0.0012347069628808097,0.0010675807787503967,0.0009881294846076501,0.000980225646002669,0.0010368651971825154,0.0009958568763004465,0.0013131646305545796,0.0009461789130914805
816,0.001,0.0009590586013793607,0.000959556973645915,0.0008396501457725948,0.0011111111111111111,0.0015867768595041322,0.0015707783340919439,0.0014432985804856354,0.0012404666209195178,0.0007278903311901007,0.0010203534560243568,0.0009917632341062436,0.0007235924977378044,0.0013366222341033088,0.0012347069628808097,0.0010852174656745548,0.000992243344086653,0.000940607140305016,0.0009588449514716522,0.000933341030368351,0.0017378792925936398,0.0009911279999490147
817,0.001,0.0010178043561647062,0.0010175892519395497,0.0008396501457725948,0.0017777777777777779,0.001731029301277235,0.0016829767865270827,0.001418835892680794,0.0011425350455837664,0.0008492053863884508,0.0009806915904590856,0.0011394492057712955,0.0006891357121312422,0.0009485706177507351,0.0012964423110248503,0.000998241670118176,0.000992243344086653,0.0009687622523810277,0.0010510649795788033,0.0010000409599104222,0.0016227965729121673,0.0010607084157883936
818,0.001,0.0009331011748463012,0.0009339148041673322,0.0008396501457725948,0.0011111111111111111,0.0014425244177310292,0.0014024806554392357,0.0011252836390226988,0.0010337221840995981,0.0009705204415868009,0.0010182075999035922,0.001090939557516868,0.0007616763134082153,0.0010491765923606618,0.0009260302221606073,0.0009741181249914251,0.0009763295421773717,0.0009762973489771985,0.0009741319279453735,0.0008930976246660657,0.0013706331389056296,0.0009635160023904068
819,0.001,0.0009959454706631823,0.0009959958460628484,0.0005597667638483966,0.0008888888888888889,0.0011540195341848234,0.0012902822030040968,0.0012475970780469053,0.0009901970395059308,0.0016984107727769015,0.0010672026863410213,0.0010864221900485332,0.0008512852914562405,0.001135410284883456,0.0011112362665927288,0.0011100818348274153,0.000992243344086653,0.001043309474705811,0.0009925506986292211,0.0009261844352055977,0.0012813005453447038,0.0009654011059846456
820,0.001,0.0009325417639534173,0.0009333690286061431,0.0008396501457725949,0.0005833333333333335,0.0005409466566491362,0.0006170914883932637,0.0008606418345885068,0.0007498391246829809,0.001091835496785151,0.0009307123246017205,0.0009053518250404443,0.001230599485948647,0.0008928780246630974,0.0008642948740165667,0.0009380780924248587,0.000992243344086653,0.0010533227808491668,0.0010671755665947933,0.0010862033140910802,0.0007193991533969769,0.0009795452193596449
821,0.001,0.001019450241954993,0.001019211727587438,0.0012594752186588923,0.0007500000000000001,0.0005409466566491362,0.0009536868456986803,0.0009753940792003077,0.0008360275298189558,0.0006065752759917505,0.0009168140122860852,0.0009917632341062436,0.001230599485948647,0.0009856445726800424,0.0009123112559063761,0.0009957065856684368,0.0009763295421773717,0.0009881023336445328,0.0011386487538455655,0.000911989593698742,0.001158184299816809,0.0009980033322386538
822,0.001,0.0010235887409074493,0.001023299475157976,0.0012594752186588923,0.0005833333333333335,0.0006311044327573254,0.0007573395539371872,0.0010327702015062081,0.0008791217323869433,0.0008492053863884508,0.000886846947939752,0.000949541004809413,0.0011235908349965906,0.0009160696616673336,0.0005281802007879019,0.001043934633632669,0.000992243344086653,0.000995448192654955,0.0011203742741049032,0.0010173864704842695,0.0009154528191973578,0.0009677914818629788
823,0.001,0.0010360042377648173,0.0010355627178695894,0.00041982507288629745,0.00025000000000000006,0.0003155522163786627,0.0005609922621756943,0.0008223910863845732,0.0008963594134141381,0.0009705204415868009,0.0010775064419467502,0.0010864221900485332,0.0016151618253075991,0.0011247943947054603,0.0012004095472452317,0.0010600621815225698,0.000992243344086653,0.0010028711229730278,0.001067095783486056,0.0010345878494608998,0.00064098086419299,0.001003823203203972
824,0.001,0.0010566967325270971,0.0010560014557222787,0.0008396501457725949,0.0007500000000000001,0.0005860255447032308,0.0008134387801547566,0.001147522446118009,0.0009566912970093205,0.0008492053863884508,0.001047531819821429,0.000949541004809413,0.001174663145678254,0.0010900069391991058,0.0007682621102369483,0.0010857647515354132,0.0009763295421773717,0.000980225646002669,0.001242616313627426,0.001159631063889585,0.0011066191080854042,0.0010339154241463915
825,0.001,0.0009932397485894386,0.0009933226596406982,0.00041982507288629745,0.00025000000000000006,0.0004958677685950414,0.0006170914883932637,0.0008223910863845732,0.0008963594134141381,0.0003639451655950503,0.0009111486240616844,0.000949541004809413,0.0012921294602460795,0.0010900069391991058,0.0009603276377961853,0.0010026266064712634,0.0009881294846076501,0.000940607140305016,0.0010769009340962643,0.00104737712718716,0.0007931617257383419,0.0009563697088649454
826,0.001,0.0009684087548747026,0.0009687961742174712,0.0006297376093294462,0.00041666666666666675,0.0004958677685950414,0.0007853891670459719,0.0011283970720160422,0.000982547818550113,0.0014557806623802013,0.0011060924778988994,0.000949541004809413,0.0012921294602460795,0.0010784111206969876,0.0009603276377961853,0.0010191902351091475,0.000992243344086653,0.0009687622523810277,0.000995868148240632,0.0009816270493654563,0.0010496927093264477,0.0009633593002747099
827,0.001,0.0010277272398599051,0.0010273872227285138,0.0006297376093294462,0.0006666666666666668,0.0005409466566491362,0.0008414883932635414,0.0011092716979140755,0.0009049782539277357,0.001091835496785151,0.0009629263845656579,0.0009958870075444887,0.001230599485948647,0.0007653240211397977,0.0010083440196859946,0.0009375062553302095,0.000992243344086653,0.0009762973489771985,0.0010916490025704292,0.001051777672662738,0.0009801818449448284,0.0009801022847934697
828,0.001,0.000942198261509148,0.0009429071062707315,0.0006297376093294462,0.00041666666666666675,0.0004507888805409468,0.0007012403277196178,0.0008797672086904736,0.0008187898487917608,0.0013344656071818512,0.0009945251132074135,0.0009958870075444887,0.0013601362739432414,0.0008464947506546248,0.0007202457283471389,0.0009148504444839319,0.0009763295421773717,0.001043309474705811,0.0010117453898423293,0.0009393016674197372,0.0008278731550585765,0.0009446186025796227
829,0.001,0.0010056552454468066,0.0010055859023523118,0.00041982507288629745,0.0003333333333333334,0.0003606311044327574,0.0006451411015020484,0.0009753940792003077,0.0007843144867373709,0.0009705204415868009,0.0009766042739587496,0.000949541004809413,0.001520152306171858,0.0009160696616673336,0.0008642948740165667,0.001042541796472927,0.000992243344086653,0.0009732163317023199,0.0010308753513920453,0.0009741002106596253,0.0007739155686106823,0.000973896425974359
830,0.001,0.0009222516479373798,0.0009231960691662943,0.0011195335276967932,0.0009722222222222222,0.0010818933132982723,0.0007985889849795177,0.000880656760974286,0.000862314993385428,0.001091835496785151,0.0010123389193230348,0.001082643318807635,0.0009067575159621609,0.0010186354929255055,0.00129644231102485,0.0010627928254966627,0.000992243344086653,0.0009881023336445328,0.0011319111394888749,0.0010297746093699293,0.0011128137767156905,0.001001488209660044
831,0.001,0.0010082011358368693,0.0010081031528998367,0.0016793002915451896,0.00125,0.0010818933132982723,0.0012341829767865272,0.000998077662437524,0.0009614316592917992,0.001213150551983501,0.0009349705077964087,0.0010401700552204738,0.0009067575159621609,0.0011244677519307528,0.0013684668838595641,0.0011280828580195826,0.0009763295421773717,0.000995448192654955,0.0012077199373627502,0.0008646113627322385,0.0017915554094359,0.0010374244302202252
832,0.001,0.0010122939685939878,0.0010121463473633388,0.0016793002915451896,0.0009722222222222222,0.0012622088655146507,0.0009800864815657717,0.0010567881131691432,0.0010109899922449849,0.00048526022079340043,0.0009262814273329009,0.0009958870075444887,0.0008279090363132773,0.0010450935576768172,0.0007922703011818528,0.0011827226836140605,0.000992243344086653,0.0010028711229730278,0.00118833691564232,0.000964532828826685,0.0014160824409170326,0.0009946760113571757
833,0.001,0.0010245724668653435,0.0010242759307538447,0.0005597667638483966,0.0004166666666666667,0.0006311044327573254,0.0007259899863450161,0.00084151646048654,0.0010308133254262589,0.0008492053863884508,0.0010301201060421517,0.0011859763348863975,0.0011901192397003363,0.0012832161404386238,0.0018006143208678476,0.0012009943417293613,0.000992243344086653,0.000980225646002669,0.0011318265166842026,0.000980840589157085,0.0009915112256067408,0.0009846640498616416
834,0.001,0.0010450366306509363,0.001044491903071355,0.0011195335276967932,0.00125,0.0011720510894064615,0.0010526854802002732,0.0011742090146323813,0.0011001949915607186,0.001091835496785151,0.0010242504280286765,0.0009958870075444887,0.0008655412652366082,0.001243529043311656,0.0011523931653554223,0.0012301139930964075,0.0009763295421773717,0.000940607140305016,0.0013179942378118042,0.001099387757649578,0.001711790990077418,0.0010764009769008008
835,0.001,0.0009822798617084517,0.0009824962546309906,0.0005597667638483966,0.0004166666666666667,0.0009917355371900829,0.0007985889849795177,0.00084151646048654,0.0010308133254262589,0.00048526022079340043,0.0008992376723424699,0.0009958870075444887,0.0009520953917602691,0.001243529043311656,0.0014404914566942778,0.0011359228753069716,0.0009881294846076501,0.0009687622523810277,0.0011422264541897762,0.0009929654586947035,0.0012269145597369952,0.0009486758494566075
836,0.001,0.0009577228651657405,0.0009582370878499785,0.0008396501457725948,0.0006944444444444444,0.0009917355371900829,0.0010163859808830224,0.0011546388643885084,0.00112992999133263,0.0007278903311901007,0.0010211292919920013,0.0009958870075444887,0.0009520953917602691,0.001230300010936,0.0014404914566942778,0.001154688589827636,0.000992243344086653,0.0009762973489771985,0.0010562781661620825,0.0009306311242045307,0.0016237335041898568,0.0009701767834373088
837,0.001,0.0010163868013511063,0.0010161895418268408,0.0008396501457725948,0.0011111111111111111,0.0010818933132982723,0.001088984979517524,0.0011350687141446353,0.001040724992016896,0.0013344656071818512,0.0009959505476686487,0.0009958870075444887,0.0009067575159621609,0.0008731161367932904,0.0015125160295289919,0.0010621449643362182,0.000992243344086653,0.001043309474705811,0.0011578691502131856,0.0009971373940399016,0.0015162095417970386,0.0010083475336752322
838,0.001,0.000931801591037323,0.0009326301895811324,0.0008396501457725948,0.0006944444444444444,0.0009015777610818936,0.0009074874829312701,0.0009002269112181589,0.000941608326110525,0.0009705204415868009,0.0009198264258524933,0.0009958870075444887,0.0010022056755371255,0.0009657193634228818,0.0010803685925207084,0.0010364771298375013,0.0009763295421773717,0.0009732163317023199,0.0010731185316988066,0.000890504563095612,0.0012806084744082218,0.0009464319605194771
839,0.001,0.0009945583599798075,0.0009946258380214967,0.0005597667638483966,0.0005555555555555556,0.0007212622088655148,0.0008348884842967685,0.000998077662437524,0.0009019616597479766,0.0013344656071818512,0.0009883005504322687,0.0009958870075444887,0.0011201122256003166,0.0010450935576768172,0.00129644231102485,0.0011811446728360534,0.000992243344086653,0.0009772601668755982,0.0010934089293183947,0.0009234953078361436,0.0011971433420487863,0.0009631719375994369
840,0.001,0.0009248241769413891,0.0009257393090262565,0.0011195335276967932,0.0015555555555555557,0.0012982719759579264,0.0010526854802002732,0.0012008955831467538,0.0009935368402049496,0.0013344656071818512,0.0009629263845656579,0.0009053518250404443,0.0008203996572990978,0.0010186354929255055,0.0011112362665927288,0.0009237231400501384,0.000992243344086653,0.000995448192654955,0.0010864736855921433,0.0011649358863889917,0.001042698364491761,0.00107370952041054
841,0.001,0.0010110134123664002,0.001010880296571737,0.0016793002915451896,0.002,0.0012982719759579264,0.001626877560309513,0.0013610149942329874,0.0011077364770101163,0.001213150551983501,0.0009905229838406994,0.0009053518250404443,0.0008203996572990978,0.0011244677519307528,0.0011729716147367694,0.0009804697725162195,0.0009763295421773717,0.0010028711229730278,0.001159239348154252,0.0009780944248011154,0.0016786743068804074,0.0011299226886376493
842,0.001,0.0010151176616723533,0.001014934629311998,0.0016793002915451896,0.0015555555555555557,0.0015146506386175807,0.0012919321802457898,0.0014410746997761043,0.0011648362954126998,0.0007278903311901007,0.0009610821039777504,0.000949541004809413,0.0007490605566643937,0.0010450935576768172,0.0006790888295844453,0.0010279598101407554,0.000992243344086653,0.000980225646002669,0.0011406344044340073,0.0010911309093044985,0.0013268588833322194,0.001066920663330753
843,0.001,0.001027430409590212,0.0010270976275327808,0.0005597667638483966,0.0006666666666666668,0.0007573253193087903,0.0009569868001820666,0.001147522446118009,0.001187676222773733,0.0006065752759917505,0.0009678742881628866,0.0009917632341062436,0.0010767745502050661,0.0012832161404386238,0.0015433837036010123,0.0010438405660164838,0.000992243344086653,0.000940607140305016,0.0010863924597368003,0.0011095791163807417,0.0009290387618731869,0.0010075411061534149
844,0.001,0.0010479516561199764,0.0010473692912340857,0.0011195335276967932,0.002,0.0014064613072877537,0.0013876308602639965,0.0016011941108623382,0.0012676159685373496,0.0008492053863884508,0.000901132801256653,0.0009958870075444887,0.0007831087637855026,0.001243529043311656,0.0009877655703046477,0.0010691498221129042,0.0009763295421773717,0.0009687622523810277,0.0012650869906547758,0.001243685987486453,0.001603935629709112,0.0011714762697905487
845,0.001,0.0009850198334286984,0.0009852028558834174,0.0005597667638483966,0.0006666666666666668,0.0011900826446280995,0.0010526854802002732,0.001147522446118009,0.001187676222773733,0.0007278903311901007,0.0009661807185571889,0.000949541004809413,0.0008614196401640528,0.001243529043311656,0.0012347069628808097,0.000987283899609494,0.0009881294846076501,0.0009762973489771985,0.0010963749204065583,0.0011232954146013772,0.001149609963119408,0.0009747970808673838
846,0.001,0.000960394337592981,0.0009608768594418516,0.0008396501457725948,0.0011111111111111111,0.0011900826446280995,0.0013397815202548932,0.001574507542347966,0.0013018758595788997,0.0018197258279752516,0.0010599441843178118,0.0009053518250404443,0.0008614196401640528,0.001230300010936,0.0012347069628808097,0.0010035940631018113,0.000992243344086653,0.001043309474705811,0.0010138767895851311,0.0010527794953496808,0.001521426409894093,0.0010185758601797313
847,0.001,0.001019221910978306,0.001018988962052259,0.0008396501457725948,0.0017777777777777779,0.0012982719759579264,0.0014354802002730998,0.0015478209738335935,0.0011990961864542496,0.00048526022079340043,0.0009389588819390057,0.000949541004809413,0.0008203996572990978,0.0008731161367932904,0.0012964423110248503,0.0009231600535001677,0.000992243344086653,0.0009732163317023199,0.0011113896834990262,0.001128014930071165,0.0014206772440619115,0.0010913264326379857
848,0.001,0.0009344007586552793,0.0009351994187535321,0.0008396501457725948,0.0011111111111111111,0.001081893313298272,0.0011962335002275832,0.0012275821516611258,0.001084896549649083,0.0007278903311901007,0.0009148110220397372,0.000949541004809413,0.0009067575159621609,0.0009657193634228818,0.0009260302221606073,0.0009008509334980056,0.0009763295421773717,0.0009772601668755982,0.001030041145048287,0.0010073861921862232,0.0011999207681995575,0.0009936291125251275
849,0.001,0.0009973325813465571,0.0009973658541042004,0.0005597667638483966,0.0008888888888888889,0.0008655146506386176,0.0011005348202093766,0.0013610149942329874,0.0010392166949270165,0.0007278903311901007,0.0009044585836777703,0.000949541004809413,0.0010134348707812387,0.0010450935576768172,0.0011112362665927288,0.0010265882868900104,0.000992243344086653,0.0009271936361588187,0.0010495170405623452,0.0010447070798030376,0.0011217145500305795,0.0009978031134675114
850,0.001,0.0009505494669814834,0.0009511717076258788,0.0008396501457725949,0.0015555555555555557,0.0015146506386175807,0.0009800864815657717,0.001140850803989416,0.0008904339605610398,0.0009705204415868009,0.0009941747572401842,0.0010401700552204738,0.0007490605566643938,0.0009431810119680605,0.0008025595258725263,0.0009271273940436034,0.000992243344086653,0.0010028711229730278,0.0010812667222701677,0.0012968185558800479,0.0010795454510404484,0.0010677346919195215
851,0.001,0.0010391361776617104,0.0010386517332907407,0.0012594752186588923,0.002,0.0015146506386175807,0.0015146791078743743,0.001292964244521338,0.00099278269166001,0.001091835496785151,0.0010328707654275145,0.0010401700552204738,0.0007490605566643938,0.0010411738443803266,0.0008471461661987778,0.0009840831583824423,0.0009763295421773717,0.000980225646002669,0.0011536836528371214,0.0010888247278712166,0.0017379956404310068,0.0011214315733232244
852,0.001,0.0010433545924560068,0.0010428174487985913,0.0012594752186588923,0.0015555555555555557,0.0017670924117205106,0.001202833409194356,0.001369020964787299,0.001043957057209495,0.0003639451655950503,0.0009912805014417546,0.0010401700552204738,0.0006839248560848812,0.000967679220071127,0.000490453043588766,0.001031748213978515,0.000992243344086653,0.000940607140305016,0.0011351678739635206,0.0012146580997401358,0.001373747692001127,0.00106089984243043
853,0.001,0.0010560098368388965,0.0010553145953221428,0.00041982507288629745,0.0006666666666666668,0.0008835462058602553,0.0008909877105143379,0.0010901463238121086,0.001064426803429289,0.0006065752759917505,0.0010305035492365379,0.0010864221900485332,0.0009831419806220168,0.0011881630929987256,0.0011146660081562867,0.0010476874961856354,0.000992243344086653,0.0009687622523810277,0.0010811858856925912,0.001235194832738677,0.0009618693223032998,0.000996231350632
854,0.001,0.001077101910810379,0.0010761431728613957,0.0008396501457725949,0.002,0.0016408715251690457,0.0012919321802457898,0.001521134405319221,0.001136070915198568,0.0013344656071818512,0.0010424925954520324,0.001090939557516868,0.0007150123495432851,0.0011514157808441257,0.0007133862452200234,0.0010730900260481901,0.0009763295421773717,0.0009762973489771985,0.0012590240167909793,0.0013844839747016607,0.0016606158327083966,0.0011651592117453645
855,0.001,0.0010124195506311657,0.001012268868407687,0.00041982507288629745,0.0006666666666666668,0.0013884297520661158,0.0009800864815657717,0.0010901463238121086,0.001064426803429289,0.001091835496785151,0.0009168972528495429,0.0009917632341062436,0.0007865135844976136,0.0011514157808441257,0.0008917328065250292,0.0009909223979995493,0.0009881294846076501,0.001043309474705811,0.0010911205050687588,0.001250463956351687,0.0011902351134512985,0.0009664804224836446
856,0.001,0.0009871090618653866,0.0009872745753605836,0.0006297376093294462,0.0011111111111111111,0.0013884297520661158,0.001247382794720073,0.0014957821652305675,0.0011667755345282592,0.001213150551983501,0.0010137782762463762,0.0009917632341062436,0.0007865135844976136,0.0011391666767925925,0.0008917328065250292,0.0010072926703456947,0.000992243344086653,0.0009732163317023199,0.0010090177494386644,0.0011719649130661376,0.0015751908853281285,0.0010097190065670905
857,0.001,0.0010475730072503034,0.0010469831643064417,0.0006297376093294462,0.0017777777777777779,0.0015146506386175807,0.0013364815657715067,0.0014704299251419137,0.001074661676539186,0.0014557806623802013,0.0009519504754899875,0.001090939557516868,0.0007490605566643938,0.0008084408674011947,0.0009363194468512807,0.0009265622323159596,0.000992243344086653,0.0009772601668755982,0.0011060633093814172,0.0012557177692932343,0.0014708814250142962,0.0010859118542844433
858,0.001,0.000960392434834842,0.0009608917104775302,0.0006297376093294462,0.0011111111111111111,0.0012622088655146507,0.0011137346381429223,0.0011662030440780695,0.0009723129454402159,0.0008492053863884508,0.0009639478042744138,0.0010401700552204738,0.0008279090363132774,0.0008941845957619274,0.0006687996048937719,0.0009041708951346827,0.0009763295421773717,0.0009271936361588187,0.0010251046366601716,0.0011214326232269665,0.0012423238119781553,0.000985467657391599
859,0.001,0.0010250747950140552,0.0010247660149312388,0.00041982507288629745,0.0008888888888888889,0.0010097670924117206,0.0010246358670914885,0.001292964244521338,0.0009313734530006279,0.0007278903311901007,0.0010003690524165315,0.0009917632341062436,0.0009253100994089569,0.000967679220071127,0.0008025595258725263,0.001030371636168345,0.000992243344086653,0.0010225126081003797,0.0010444871932605046,0.0011629786174304946,0.0011613539265899213,0.0009881852564682444
860,0.001,0.0008888087708852572,0.0008901339509867851,0.0008396501457725949,0.0005833333333333335,0.0007573253193087903,0.0007985889849795177,0.0008206119818169484,0.0008904339605610398,0.0007278903311901007,0.0008815421067298922,0.0009917632341062436,0.0010767745502050661,0.000980908252446783,0.001049500918448688,0.0009274323768625833,0.000992243344086653,0.000980225646002669,0.000961337473697533,0.0009455397818969772,0.0007898705495223773,0.0009397843477627193
861,0.001,0.000971641540952966,0.0009720002851651317,0.0012594752186588923,0.0007500000000000001,0.0007573253193087903,0.0012341829767865272,0.0009300269127258749,0.00099278269166001,0.0009705204415868009,0.0009390583264486205,0.0009917632341062436,0.0010767745502050661,0.0010828207981555397,0.0011078065250291708,0.0009844068770619705,0.0009763295421773717,0.000940607140305016,0.00102572224357004,0.0007938867708572595,0.0012716385125347534,0.0009600100031734688
862,0.001,0.0009755859585752379,0.0009758986820307674,0.0012594752186588923,0.0005833333333333335,0.0008835462058602553,0.0009800864815657717,0.000984734378180338,0.001043957057209495,0.0009705204415868009,0.0008583234738204408,0.001090939557516868,0.0009831419806220168,0.001006386388873972,0.0006413616723853093,0.0010320876122972339,0.000992243344086653,0.0009687622523810277,0.0010092601517297235,0.0008856347323996176,0.0010051293749051904,0.0009301548825539693
863,0.001,0.0009874192114420535,0.000987593872627674,0.00041982507288629745,0.00025000000000000006,0.00044177310293012765,0.0007259899863450161,0.0007841403381806396,0.001064426803429289,0.0007278903311901007,0.000985189470247307,0.0010864221900485332,0.0014132665971441493,0.0012356896167186747,0.001457640164512067,0.0010480321378045214,0.000992243344086653,0.0009762973489771985,0.0009612656031500822,0.0009006085295837113,0.000703770507711544,0.0009598938006522124
864,0.001,0.0010071412995534127,0.0010070858569558518,0.0008396501457725949,0.0007500000000000001,0.0008204357625845229,0.0010526854802002732,0.0010941493090892646,0.001136070915198568,0.0008492053863884508,0.0009565140451758162,0.001090939557516868,0.0010278302524684723,0.001197472412077891,0.0009328897052877228,0.0010734430239460692,0.0009763295421773717,0.001043309474705811,0.0011193787274662284,0.0010094586243723945,0.0012150220623529779,0.0009937068805274392
865,0.001,0.0009466602293452443,0.0009473104383494399,0.00041982507288629745,0.00025000000000000006,0.0006942148760330579,0.0007985889849795177,0.0007841403381806396,0.001064426803429289,0.0006065752759917505,0.0008875513249488491,0.0010864221900485332,0.0011306132777153194,0.001197472412077891,0.0011661121316096535,0.0009912483664783946,0.0009881294846076501,0.0009732163317023199,0.0009700983191641104,0.0009117415934540117,0.0008708588065620789,0.0009175119593109326
866,0.001,0.0009229937236116132,0.0009239200571556266,0.0006297376093294462,0.00041666666666666675,0.0006942148760330579,0.0010163859808830224,0.0010759134872711101,0.0011667755345282592,0.0009705204415868009,0.0010078588608178546,0.0011307840670447822,0.0011306132777153194,0.0011847333438642963,0.0011661121316096535,0.0010076240239008949,0.000992243344086653,0.0009772601668755982,0.0008971020324428035,0.0008545061629993868,0.001152519228345256,0.0009261848650620055
867,0.001,0.0009795303761975097,0.000979797078896403,0.0006297376093294462,0.0006666666666666668,0.0007573253193087903,0.001088984979517524,0.0010576776654529557,0.001074661676539186,0.0007278903311901007,0.0009100245351884998,0.0010401700552204738,0.0010767745502050661,0.0008407785020972425,0.0012244177381901362,0.0009268670292223907,0.000992243344086653,0.0009271936361588187,0.0009833837347345883,0.0009155722674680084,0.001076199170992356,0.0009393138006049382
868,0.001,0.0008980124120038915,0.0008992302103399348,0.0006297376093294462,0.00041666666666666675,0.0006311044327573254,0.0009074874829312701,0.0008388478036351028,0.0009723129454402159,0.0014557806623802013,0.0009330959910790362,0.001090939557516868,0.0011901192397003363,0.0009299519795924046,0.0008745840987072401,0.000904468326307798,0.0009763295421773717,0.0010225126081003797,0.0009114046343842668,0.0008176619259265605,0.0009089705219045508,0.0009045410022180313
869,0.001,0.0009584934822120598,0.0009590056289463466,0.00041982507288629745,0.0003333333333333334,0.0005048835462058603,0.0008348884842967685,0.0009300269127258749,0.0009313734530006279,0.0009705204415868009,0.0009337366337848406,0.0009917632341062436,0.0013301332679003758,0.001006386388873972,0.001049500918448688,0.001030710581655464,0.000992243344086653,0.0010756601560920377,0.0009286373648587998,0.000847954051312782,0.0008497273211623041,0.0009309865300325001
870,0.001,0.0009016714159053044,0.0009028501502865963,0.0008396501457725949,0.0009722222222222222,0.0011900826446280995,0.0008711879836140193,0.0009206866137458444,0.0009185529277366517,0.0008492053863884508,0.0009123618717683029,0.000949541004809413,0.0008614196401640528,0.0010060597460992647,0.0011729716147367692,0.0009546266355297946,0.0009722104469750672,0.000940607140305016,0.0009990211543145218,0.001142759639102102,0.0009293616105067316,0.000977666813201897
871,0.001,0.000985702923600621,0.0009858860035246335,0.0012594752186588923,0.00125,0.0011900826446280995,0.001346381429221666,0.001043444828911957,0.0010241337240282208,0.0009705204415868009,0.000974859557471219,0.000949541004809413,0.0008614196401640528,0.0011105854340056817,0.0012381367044443673,0.0010132717473387296,0.0009566179367712965,0.0009687622523810277,0.0010659297570457874,0.0009594749762222303,0.0014962097481749472,0.0010109154156876653
872,0.001,0.000989704423967065,0.000989840091774064,0.0012594752186588923,0.0009722222222222222,0.0013884297520661158,0.0010691852526172054,0.0011048239364950133,0.0010769241221740054,0.0007278903311901007,0.0008407450218085568,0.0009958870075444887,0.0007865135844976135,0.001032191168075869,0.000716815986783581,0.0010623505815403208,0.0009722104469750672,0.0009762973489771985,0.0010488223640202255,0.0010703596469974282,0.0011826351231785583,0.0009698959857636709
873,0.001,0.001001708925066396,0.001001702356522355,0.00041982507288629745,0.0004166666666666667,0.0006942148760330579,0.0007919890760127448,0.0008797672086904736,0.0010980402814323193,0.001091835496785151,0.001092001552510654,0.0009917632341062436,0.0011306132777153194,0.0012673739658653075,0.0016291272426899573,0.001078762633911872,0.0009722104469750672,0.001043309474705811,0.0009989464664975584,0.0010884566656461341,0.0008280563098211969,0.000958129071534596
874,0.001,0.001021716426898614,0.0010214727977695068,0.0008396501457725949,0.00125,0.0012892561983471077,0.0011483841602184799,0.0012275821516611258,0.0011719468388364177,0.0008492053863884508,0.0009995115282918526,0.0009958870075444887,0.0008222642019747778,0.001228176832900401,0.0010426414353215726,0.0011049186204272433,0.0009566179367712965,0.0009732163317023199,0.0011632575022039338,0.0012200106175987322,0.0014295948384863584,0.0010505293807910113
875,0.001,0.000960360087946478,0.0009608434446115747,0.00041982507288629745,0.0004166666666666667,0.0010909090909090912,0.0008711879836140193,0.0008797672086904736,0.0010980402814323193,0.0007278903311901007,0.0008200978343017564,0.000949541004809413,0.0009044906221722556,0.001228176832900401,0.0013033017941519657,0.001020313843546011,0.0009681796442624973,0.0009772601668755982,0.0010081254181035198,0.0011019118541999154,0.0010246523857357403,0.0009238312519824661
876,0.001,0.0009363510857478161,0.0009371189151149927,0.0006297376093294462,0.0006944444444444444,0.0010909090909090912,0.0011087847064178427,0.0012071224491334404,0.0012036210777238885,0.0014557806623802013,0.0011043409447684944,0.0010322599019797689,0.0009044906221722556,0.0012151111219120987,0.0013033017941519657,0.0010371696695230094,0.0009722104469750672,0.0009271936361588187,0.0009322677337666058,0.0010327383079330836,0.0013560540101699005,0.0009460622062269912
877,0.001,0.0009937059243335085,0.0009937941800234943,0.0006297376093294462,0.0011111111111111111,0.0011900826446280995,0.0011879836140191171,0.0011866627466057549,0.0011085983610614762,0.0008492053863884508,0.0008936808958844799,0.0010401700552204738,0.0008614196401640528,0.000862336925227941,0.001368466883859564,0.0009540447107133595,0.0009722104469750672,0.0010225126081003797,0.0010219316116223452,0.0011065415268351273,0.001266255838231034,0.000983975600901678
878,0.001,0.0009110082500936729,0.0009120763562019338,0.0006297376093294462,0.0006944444444444444,0.0009917355371900829,0.000989986345015931,0.0009411463162735297,0.001003017564769907,0.0008492053863884508,0.0009333384481420029,0.0010401700552204738,0.0009520953917602691,0.0009537969021460561,0.0009774763456139742,0.0009309892309425068,0.0009566179367712965,0.0010756601560920377,0.0009471309865703319,0.0009882091322532783,0.0010694946262411894,0.0009217511798504599
879,0.001,0.000972364589045809,0.0009727057093598658,0.00041982507288629745,0.0005555555555555556,0.0007933884297520662,0.0009107874374146565,0.001043444828911957,0.0009607852462532794,0.0009705204415868009,0.0009699537677036633,0.0009917632341062436,0.0010641066143203008,0.001032191168075869,0.0011729716147367692,0.0010609331734776207,0.0009722104469750672,0.0009583889360669659,0.000965039226664669,0.0010248195625458514,0.000999789082102747,0.0009374407070642126
880,0.001,0.0008990988869012949,0.0009003069104266341,0.0013994169096209913,0.0019444444444444444,0.0015146506386175807,0.001306781975421029,0.0012008955831467538,0.0010216558073805615,0.0009705204415868009,0.000990361619389775,0.000949541004809413,0.0007490605566643938,0.0008551507841843748,0.0009877655703046477,0.0008095971696712868,0.0009722104469750672,0.0009687622523810277,0.001027662912447483,0.0013802689370682043,0.001329407022969677,0.0011042207482208784
881,0.001,0.00098289064707109,0.0009831088598527332,0.002099125364431487,0.0025,0.0015146506386175807,0.002019572143832499,0.0013610149942329874,0.0011390875093783273,0.0008492053863884508,0.0009228290059751237,0.000949541004809413,0.0007490605566643938,0.0009439976189048293,0.0010426414353215728,0.0008593327571444147,0.0009566179367712965,0.0009762973489771985,0.00109648977287346,0.0011588906890467046,0.002140255982786863,0.0011706664264542108
882,0.001,0.0009868807308886995,0.0009870518098254047,0.002099125364431487,0.0019444444444444444,0.0017670924117205106,0.0016037778789258082,0.0014410746997761043,0.0011978033603772102,0.0008492053863884508,0.0009720509674876682,0.0009958870075444887,0.0006839248560848812,0.0008773624928644885,0.0006036345151861736,0.0009009554018324326,0.0009722104469750672,0.001043309474705811,0.0010788919139441406,0.0012928214487892312,0.0016917025844299133,0.0010963877704624938
883,0.001,0.0009988509823415273,0.000998880659743419,0.0006997084548104956,0.0008333333333333334,0.0008835462058602553,0.0011879836140191173,0.001147522446118009,0.0012212897007767632,0.0009705204415868009,0.000959758314251056,0.0010401700552204738,0.0009831419806220168,0.0010772678709855112,0.001371896625423122,0.0009148740907250076,0.0009722104469750672,0.0009732163317023199,0.0010275860833441417,0.0013146797222525636,0.0011844946695080648,0.0010003859992219145
884,0.001,0.0010188014014295738,0.0010185954096067758,0.0013994169096209913,0.0025,0.0016408715251690457,0.00172257624032772,0.0016011941108623382,0.0013034918921751993,0.0013344656071818512,0.001140789844373652,0.0009958870075444887,0.0007150123495432851,0.0010439503079653408,0.000878013840270798,0.0009370563888766328,0.0009566179367712965,0.0009772601668755982,0.0011966078871087846,0.0014735756328321558,0.0020449665628524474,0.0012144304083525725
885,0.001,0.0009576201162262312,0.0009581368433591479,0.0006997084548104956,0.0008333333333333334,0.0013884297520661158,0.001306781975421029,0.001147522446118009,0.0012212897007767632,0.0015770957175785514,0.0010221891758701333,0.000949541004809413,0.0007865135844976136,0.0010439503079653408,0.0010975173003384975,0.0008653049990092185,0.0009681796442624973,0.0009271936361588187,0.0010370281938538728,0.001330931415231301,0.0014657158874434278,0.00097098454786456
886,0.001,0.0009336796133205754,0.0009344791435231195,0.0010495626822157435,0.0013888888888888887,0.0013884297520661158,0.001663177059626764,0.001574507542347966,0.001338721402774529,0.001091835496785151,0.0011136242844668244,0.0009958870075444887,0.0007865135844976136,0.0010328444536252838,0.0010975173003384975,0.0008796000422183118,0.0009722104469750672,0.0010225126081003797,0.0009589956832503466,0.001247380952026302,0.0019397699498940103,0.0010294062829828302
887,0.001,0.0009908708147063087,0.000990994759798076,0.0010495626822157435,0.0022222222222222222,0.0015146506386175807,0.0017819754210286758,0.0015478209738335935,0.0012330328709765398,0.0006065752759917505,0.0009685086132696435,0.0009958870075444887,0.0007490605566643938,0.0007329863864437499,0.0011523931653554225,0.0008091036524501944,0.0009722104469750672,0.0010756601560920377,0.0010512302084759804,0.0013365233114696023,0.0018113179898864554,0.0011306025123539083
888,0.001,0.0009084090824757166,0.0009095071270295341,0.0010495626822157435,0.0013888888888888887,0.0012622088655146507,0.0014849795175238966,0.0012275821516611258,0.0011156011689787743,0.001213150551983501,0.001011742724383619,0.0009958870075444887,0.0008279090363132774,0.0008107273668241476,0.0008231379752538731,0.0007895508236549483,0.0009566179367712965,0.0009583889360669659,0.0009742850628583298,0.0011935969051620106,0.0015298605527488253,0.0010068833310978539
889,0.001,0.0009695903676790591,0.0009699656932771621,0.0006997084548104956,0.0011111111111111111,0.0010097670924117206,0.0013661811561219849,0.0013610149942329874,0.0010686284881796678,0.001091835496785151,0.001012437364166368,0.0009958870075444887,0.0009253100994089569,0.0008773624928644885,0.0009877655703046477,0.0008997533302443144,0.0009722104469750672,0.0010716163209187595,0.0009927067289989063,0.0012378163875242367,0.0014301501290881775,0.0010014676039827156
890,0.001,0.0009891374020416248,0.0009893203055253124,0.0011195335276967932,0.0009722222222222222,0.0008655146506386175,0.0007985889849795177,0.000880656760974286,0.0010591477636147106,0.001091835496785151,0.001099507391859536,0.0010322599019797689,0.0010134348707812387,0.0011318172143616725,0.001049500918448688,0.0010337104362907281,0.0009722104469750672,0.0009762973489771985,0.0012198819712148153,0.0012021613184461063,0.0011621074521981703,0.0010439092290079198
891,0.001,0.0010813203256046756,0.0010803088883692463,0.0016793002915451896,0.00125,0.0008655146506386175,0.0012341829767865272,0.000998077662437524,0.001180888885869275,0.0013344656071818512,0.0011467716078998975,0.0010322599019797689,0.0010134348707812387,0.0012494086132563919,0.0011078065250291708,0.0010972138646029802,0.0009566179367712965,0.001043309474705811,0.001301582541656739,0.001009349353060505,0.0018709149148710823,0.0010794287851546463
892,0.001,0.0010857099886314877,0.0010846416780284814,0.0016793002915451896,0.0009722222222222222,0.0010097670924117204,0.0009800864815657717,0.0010567881131691432,0.0012417594469965574,0.0013344656071818512,0.001118851134742975,0.0011859763348863975,0.0009253100994089568,0.0011612150640853524,0.0006413616723853093,0.001150358519515119,0.0009722104469750672,0.0009732163317023199,0.001280693093784448,0.001125997909286478,0.001478809834987421,0.0010357082506381092
893,0.001,0.0010988789777119235,0.001097640047006186,0.0005597667638483966,0.0004166666666666667,0.0005048835462058602,0.0007259899863450161,0.00084151646048654,0.0012661076714474701,0.0016984107727769015,0.0011623114441995468,0.0011307840670447822,0.0013301332679003755,0.0014257957115984708,0.001457640164512067,0.001168130189805889,0.0009722104469750672,0.0009772601668755982,0.0012197907716231054,0.001145035627328188,0.0010354316313520245,0.0010335804961217096
894,0.001,0.0011208272928459832,0.0011193039953023608,0.0011195335276967932,0.00125,0.000937640871525169,0.0010526854802002732,0.0011742090146323813,0.0013513264570256653,0.0013344656071818512,0.0012412653504493938,0.0011354858921777458,0.0009673696493820914,0.001381698937012951,0.0009328897052877228,0.0011964530075716153,0.0009566179367712965,0.0009271936361588187,0.0014204272338883845,0.0012834278726566925,0.0017876172166431477,0.0011233334061016623
895,0.001,0.0010535191264348666,0.0010528678871940917,0.0005597667638483966,0.0004166666666666667,0.0007933884297520661,0.0007985889849795177,0.00084151646048654,0.0012661076714474701,0.0019410408831736017,0.0011247867261812209,0.0011307840670447822,0.0010641066143203006,0.001381698937012951,0.0011661121316096535,0.0011048393467254123,0.0009681796442624973,0.0010225126081003797,0.0012309989803085848,0.0011591902287494146,0.0012812624923541672,0.000993616627157422
896,0.001,0.001027181148273995,0.0010268711492386821,0.0008396501457725948,0.0006944444444444444,0.0007933884297520661,0.0010163859808830224,0.0011546388643885084,0.0013878487937020346,0.001213150551983501,0.001226575302255547,0.0010322599019797689,0.0010641066143203006,0.001367000012151111,0.0011661121316096535,0.0011230915540033433,0.0009722104469750672,0.0010756601560920377,0.0011383708902015235,0.0010864209789996889,0.0016956590986606501,0.0010131897294664352
897,0.001,0.0010900996516582996,0.0010889744676877162,0.0008396501457725948,0.0011111111111111111,0.0008655146506386175,0.001088984979517524,0.0011350687141446353,0.0012782817836729265,0.0007278903311901007,0.0011495102670412208,0.001082643318807635,0.0010134348707812387,0.0009701290408814336,0.0012244177381901362,0.001033080303280086,0.0009722104469750672,0.0009583889360669659,0.0012478574086731713,0.0011640605559544367,0.001583372208795434,0.001049175722767377
898,0.001,0.000999379949104186,0.0009994301480635275,0.0008396501457725948,0.0006944444444444444,0.0007212622088655146,0.0009074874829312701,0.0009002269112181589,0.001156540661418362,0.001213150551983501,0.0011559285763727823,0.001082643318807635,0.0011201122256003166,0.001073021514914313,0.0008745840987072401,0.0010081148464556034,0.0009566179367712965,0.0010716163209187595,0.0011565200695763229,0.001039577136503979,0.001337334855657652,0.000987469006719767
899,0.001,0.0010666881155153025,0.0010658662561717966,0.0005597667638483966,0.0005555555555555556,0.0005770097670924117,0.0008348884842967685,0.000998077662437524,0.0011078442125165362,0.0006065752759917505,0.0010529324274040634,0.0010322599019797689,0.0012518901344944712,0.0011612150640853524,0.001049500918448688,0.001148823689611612,0.0009722104469750672,0.0010513971450523676,0.0011783874135589015,0.0010780906100669586,0.001250172516061287,0.0010074471210193667
900,0.001,0.0009762588115938668,0.0009766041062255013,0.0007463556851311954,0.0009722222222222222,0.0015236664162283997,0.0009800864815657717,0.0011601872582943213,0.0011034794686213057,0.0009705204415868009,0.0009739297922277338,0.0009917632341062436,0.0007475129108861616,0.0010211506422907535,0.0011209839531417878,0.0010233601105225994,0.0010068520094066627,0.0010499266595348118,0.0009819287253973416,0.0011827433220463902,0.0010500016373818173,0.0009788347126351124
901,0.001,0.0010672415114909282,0.0010664231700097445,0.0011195335276967932,0.00125,0.0015236664162283997,0.0015146791078743743,0.0013148788927335642,0.0012303161891524903,0.0009705204415868009,0.0011615263261886644,0.000949541004809413,0.0007475129108861616,0.0011272442155157668,0.0011832608394274427,0.0010862276923276,0.0009907039107319288,0.0010533227808491668,0.0010476925770578288,0.0009930457656774749,0.0016904320855191503,0.0010112892517655536
902,0.001,0.001071574021009836,0.0010707002682851848,0.0011195335276967932,0.0009722222222222222,0.001777610818933133,0.001202833409194356,0.0013922247099531855,0.0012937345494180826,0.0007278903311901007,0.0009614818737996967,0.000949541004809413,0.0006825117882004084,0.0010476740355970069,0.0006850457491422036,0.001138840220957693,0.0010068520094066627,0.0009881023336445328,0.001030877877433187,0.0011078101477829932,0.001336152474692453,0.0009721531354506584
903,0.001,0.001084571549566559,0.0010835315631115051,0.0003731778425655977,0.0004166666666666667,0.0008888054094665664,0.0008909877105143379,0.001108623380147907,0.0013191018935243195,0.0009705204415868009,0.0010562375759529802,0.0011769573725525775,0.0009811106955380873,0.0012863845753532872,0.001556922157141372,0.0011564339472416158,0.0010068520094066627,0.000995448192654955,0.0009818553154273958,0.0011265403577268127,0.0009355459396289581,0.0009545056410482195
904,0.001,0.0011062340971610975,0.0011049170544887058,0.0007463556851311954,0.00125,0.0016506386175807665,0.0012919321802457898,0.0015469163443924282,0.0014078875978961486,0.001091835496785151,0.001074071136207921,0.0010322599019797689,0.0007135350513004271,0.001246599485393907,0.000996430180570478,0.0011844731745740303,0.0009907039107319288,0.0010028711229730278,0.0011433551246787653,0.0012626972124465002,0.001615169923346428,0.0010523315312295945
905,0.001,0.0010398022845378462,0.0010393348809319568,0.0003731778425655977,0.0004166666666666667,0.0013966942148760334,0.0009800864815657717,0.001108623380147907,0.0013191018935243195,0.0015770957175785514,0.0011275230418508377,0.0009958870075444887,0.0007848885564304698,0.001246599485393907,0.0012455377257130974,0.0010937768220970565,0.0010026775821277744,0.000980225646002669,0.0009908772227333626,0.0011404663259394843,0.0011576620667418018,0.0009242893538599742
906,0.001,0.0010138072274244,0.001013672291279316,0.0005597667638483966,0.0006944444444444444,0.0013966942148760334,0.001247382794720073,0.0015211344053192213,0.001445938614055504,0.0009705204415868009,0.0009086303147331251,0.000949541004809413,0.0007848885564304698,0.0012333377887407803,0.0012455377257130974,0.0011118462738520852,0.0010068520094066627,0.000940607140305016,0.0009163174008808924,0.0010688724866841479,0.0015320827920578945,0.0009465300009937323
907,0.001,0.0010759065305287437,0.001074977366560625,0.0005597667638483966,0.0011111111111111111,0.0015236664162283997,0.0013364815657715067,0.001495352466246014,0.0013317855655774378,0.0007278903311901007,0.0010625061032467696,0.000949541004809413,0.0007475129108861616,0.0008752719791063602,0.0013078146119987525,0.0010227362869016164,0.0010068520094066627,0.0009687622523810277,0.0010044472036551692,0.001145257984837116,0.001430627958434744,0.0009847982590861577
908,0.001,0.0009863680004713181,0.0009865840022015284,0.0005597667638483966,0.0006944444444444444,0.0012697220135236666,0.0011137346381429223,0.0011859691973675284,0.0012049488450462534,0.0008492053863884508,0.0010968354379904278,0.000949541004809413,0.0008261984804531262,0.0009681038556782469,0.000934153294284823,0.0009980208039595789,0.0009907039107319288,0.0009762973489771985,0.0009309263556740822,0.0010227852926939034,0.0012083252590044113,0.0009206016762289848
909,0.001,0.0010527998130945694,0.0010521661757582773,0.0003731778425655977,0.0005555555555555556,0.0010157776108189332,0.0010246358670914885,0.0013148788927335642,0.0011542141568337794,0.0015770957175785514,0.0010209973887050088,0.000949541004809413,0.0009233983016829055,0.0010476740355970069,0.0011209839531417878,0.0011373207589840647,0.0010068520094066627,0.001043309474705811,0.0009485282005339218,0.0010606766746294855,0.0011295712684667046,0.000934628054781014
910,0.001,0.0009044565506121244,0.0009056010015636983,0.0014927113702623907,0.0015555555555555557,0.001875281743050338,0.0012341829767865274,0.0010635049867697946,0.0009210861680227429,0.001213150551983501,0.0010547608195715559,0.0009053518250404443,0.0006578113615798222,0.001032888005995245,0.0008772917894153121,0.0009751308717298192,0.000992243344086653,0.0010533227808491668,0.0009118316254300242,0.000939409697261384,0.001105910978344916,0.0010100861062275384
911,0.001,0.000988747619678047,0.0009888898528024033,0.0022390670553935864,0.002,0.001875281743050338,0.0019073736913973606,0.001205305651672434,0.0010269581413586905,0.0009705204415868009,0.0010547608195715559,0.000949541004809413,0.0006578113615798222,0.0011402010455791665,0.0009260302221606073,0.0010350356102658462,0.0009763295421773717,0.0009881023336445328,0.0009729007826948303,0.0007887398767872192,0.0017804423678649149,0.0010679515205180422
912,0.001,0.0009927614801097577,0.000992855988575675,0.0022390670553935864,0.0015555555555555557,0.0021878287002253943,0.0015146791078743745,0.0012762059841237535,0.0010798941280266642,0.001213150551983501,0.0010005018804303998,0.000949541004809413,0.0006006103736163593,0.0010597162658912253,0.0005361227601982462,0.0010851685990148148,0.000992243344086653,0.000995448192654955,0.0009572864366702242,0.0008798930217177692,0.0014072984630668541,0.00100536598900919
913,0.001,0.0010048030614048895,0.00100475439589549,0.0007463556851311954,0.0006666666666666668,0.0010939143501126972,0.0011219845243513886,0.001016238098468915,0.0011010685226938537,0.001213150551983501,0.0011360528885714964,0.001082643318807635,0.0008633774120735166,0.0013011706049550489,0.001218460818632378,0.0011019331626047092,0.000992243344086653,0.0010028711229730278,0.0009117634559891195,0.0008947697413956467,0.0009853608685425766,0.0009380554216587989
914,0.001,0.0010248723635634426,0.0010245850747618484,0.0014927113702623907,0.002,0.0020315552216378665,0.0016268775603095133,0.0014180066490263926,0.0011751789040290168,0.0009705204415868009,0.001020853154941226,0.0009053518250404443,0.0006279108451443758,0.0012609282151110784,0.0007798149239247219,0.0011286509483676556,0.0009763295421773717,0.000980225646002669,0.001061734253020977,0.0010029141437254592,0.0017011727282400366,0.0011040764366554146
915,0.001,0.0009633265036105465,0.0009637709929050161,0.0007463556851311954,0.0006666666666666668,0.00171900826446281,0.0012341829767865274,0.001016238098468915,0.0011010685226938537,0.001213150551983501,0.0010667533176252407,0.0009958870075444887,0.0006907019296588134,0.0012609282151110784,0.0009747686549059024,0.0010422289622611007,0.0009881294846076501,0.000940607140305016,0.0009201413149828565,0.0009058306278440289,0.001219303992720987,0.0009107841592249108
916,0.001,0.0009392433410202828,0.0009399741782653862,0.0011195335276967932,0.0011111111111111111,0.00171900826446281,0.0015707783340919439,0.001394373204875953,0.001206940496029801,0.001091835496785151,0.0008610807037740617,0.0009053518250404443,0.0006907019296588134,0.001247514085163088,0.0009747686549059024,0.0010594468311817128,0.000992243344086653,0.0009687622523810277,0.0008509041068300955,0.0008489662637787393,0.0016136614640859203,0.0009574536318023129
917,0.001,0.0009967753405414684,0.0009968221243489468,0.0011195335276967932,0.0017777777777777779,0.001875281743050338,0.0016829767865270827,0.001370739760725513,0.0011116557200274483,0.0019410408831736017,0.0010665209854178407,0.0009917632341062436,0.0006578113615798222,0.0008853325765673527,0.0010235070876511976,0.0009745364478656489,0.000992243344086653,0.0009762973489771985,0.0009327425735477063,0.0009096364669897664,0.0015068044742341995,0.001027605104628418
918,0.001,0.0009138222249527824,0.0009148553183679989,0.0011195335276967932,0.0011111111111111111,0.0015627347858752818,0.0014024806554392357,0.0010871384309202345,0.0010057837466915008,0.0007278903311901007,0.0011135065634076216,0.0009958870075444887,0.000727054662798751,0.0009792314862032841,0.0007310764911794268,0.0009509857640167494,0.0009763295421773717,0.001043309474705811,0.0008644701698755754,0.0008123608937487541,0.0012726648433392083,0.0009313355951826237
919,0.001,0.0009753680849056784,0.0009756694002248312,0.0007463556851311954,0.0008888888888888889,0.0012501878287002252,0.0012902822030040968,0.001205305651672434,0.0009634349573571218,0.0006065752759917505,0.0010560131332445365,0.0010401700552204738,0.0008125905054809568,0.0010597162658912253,0.0008772917894153121,0.0010837207467254111,0.000992243344086653,0.0009732163317023199,0.0008808154690749852,0.0008424566304732135,0.0011897174462843876,0.0009316287979817566
920,0.001,0.000913274372136198,0.0009143206810835688,0.0011195335276967932,0.0005833333333333335,0.0005860255447032308,0.0006170914883932637,0.0008314675351109303,0.0007295732023942517,0.001091835496785151,0.0008633404695435876,0.0009053518250404443,0.0011746631456782538,0.0008333528230188909,0.0006823380584341317,0.0009158015732844332,0.000992243344086653,0.0009881023336445328,0.000947039530145652,0.0009880096762745496,0.000667978895933699,0.0009424271754636095
921,0.001,0.0009983872204269973,0.0009984114882489188,0.0016793002915451896,0.0007500000000000001,0.0005860255447032308,0.0009536868456986803,0.000942329873125721,0.0008134321911752002,0.0014557806623802013,0.0009839848068852164,0.0009917632341062436,0.0011746631456782538,0.0009199349345013731,0.000720245728347139,0.0009720615640087209,0.0009763295421773717,0.000995448192654955,0.00101046670725763,0.0008295450138540977,0.001075401140279723,0.0009606256561925868
922,0.001,0.0010024402132027498,0.00100241581239965,0.0016793002915451896,0.0005833333333333335,0.0006836964688204358,0.0007573395539371872,0.0009977610421331162,0.0008553616855656746,0.0009705204415868009,0.0008929843702915047,0.000949541004809413,0.0010725185243149274,0.0008549983508895114,0.00041698436904308046,0.0010191443416140606,0.000992243344086653,0.0010028711229730278,0.000994249455617887,0.0009254139297028353,0.0008500192981314301,0.0009309565492941444
923,0.001,0.0010145991915300068,0.0010144287848518427,0.0005597667638483966,0.00025000000000000006,0.0003418482344102179,0.0005609922621756943,0.0007945134224393334,0.0008721334833218642,0.0006065752759917505,0.0010527328673757919,0.0011307840670447822,0.0015417453787027083,0.0010498081017250964,0.0009476917478251829,0.0010348889089907625,0.000992243344086653,0.000980225646002669,0.0009469687285267081,0.0009410602904289555,0.0005951656850810814,0.0009633274499588361
924,0.001,0.0010348641554087687,0.0010344504056054974,0.0011195335276967932,0.0007500000000000001,0.0006348610067618333,0.0008134387801547566,0.001108623380147907,0.0009308347754685281,0.001213150551983501,0.0010351345568895395,0.0009053518250404443,0.0011212693663292424,0.0010173398099191655,0.0006065227186081171,0.001059981120657672,0.0009763295421773717,0.000940607140305016,0.0011027302410643303,0.0010547994994750945,0.001027521656854273,0.0009928500681414228
925,0.001,0.0009727182661805658,0.0009730507686276229,0.0005597667638483966,0.00025000000000000006,0.0005371900826446282,0.0006170914883932637,0.0007945134224393334,0.0008721334833218642,0.00048526022079340043,0.0009579041847953246,0.0009958870075444887,0.0012333963029621667,0.0010173398099191655,0.0007581533982601463,0.0009788172552348193,0.0009881294846076501,0.0009687622523810277,0.0009556700758191026,0.000952693407343795,0.0007364691650717078,0.0009178801125682424
926,0.001,0.0009484003095260517,0.0009490248237232371,0.0008396501457725948,0.00041666666666666675,0.0005371900826446282,0.0007853891670459719,0.0010901463238121086,0.0009559924721028127,0.0007278903311901007,0.0009077167903078153,0.000949541004809413,0.0012333963029621667,0.0010065170459838551,0.0007581533982601463,0.0009949875477598931,0.000992243344086653,0.0009762973489771985,0.0008837594606913765,0.0008928871885071244,0.0009746641676385384,0.0009266436356810417
927,0.001,0.001006493205978502,0.0010064201365503809,0.0008396501457725948,0.0006666666666666668,0.0005860255447032308,0.0008414883932635414,0.0010716692674763101,0.000880519382199959,0.0009705204415868009,0.0010183469181774746,0.000949541004809413,0.0011746631456782538,0.0007143024197304778,0.0007960610681731537,0.000915243315592274,0.000992243344086653,0.001043309474705811,0.0009687578978003495,0.0009566961400314553,0.0009101217085241764,0.0009436187491283402
928,0.001,0.0009227313552796202,0.0009236641041019411,0.0008396501457725948,0.00041666666666666675,0.0004883546205860257,0.0007012403277196178,0.0008499445914467287,0.0007966603934190105,0.0014557806623802013,0.0010576401127263782,0.0009958870075444887,0.0012983118978549123,0.0007900617672776498,0.0005686150486951096,0.0008931255117712478,0.0009763295421773717,0.0009732163317023199,0.0008978493404610746,0.0008543880545311071,0.0007686995369370694,0.0009088946951340687
929,0.001,0.000984877244507823,0.0009850637410798158,0.0005597667638483966,0.0003333333333333334,0.00039068369646882045,0.0006451411015020484,0.000942329873125721,0.0007631167979066312,0.0006065752759917505,0.0009397379007697052,0.0009958870075444887,0.001451054474073137,0.0008549983508895114,0.0006823380584341317,0.001017784580126695,0.000992243344086653,0.0009772601668755982,0.00091482576904963,0.0008860407819673491,0.0007185986592080369,0.0009362060749170861
930,0.001,0.000903196861822971,0.0009043553330608596,0.0014927113702623907,0.0009722222222222222,0.0011720510894064615,0.0007985889849795177,0.0008508039894158356,0.0008390091827533895,0.001213150551983501,0.0009390583264486205,0.0010322599019797689,0.0008655412652366081,0.0009507264600638051,0.0010235070876511974,0.001037554708424464,0.000992243344086653,0.000995448192654955,0.0010044875719265774,0.0009366821710452093,0.0010332735511855281,0.0009651725819456338
931,0.001,0.0009873705338567685,0.0009875296191671867,0.0022390670553935864,0.00125,0.0011720510894064615,0.0012341829767865272,0.000964244521337947,0.0009354470198514803,0.0008492053863884508,0.0010034715462773093,0.0009917632341062436,0.0008655412652366081,0.0010495032351353693,0.0010803685925207084,0.0011012943000289564,0.0009763295421773717,0.0010028711229730278,0.0010717622833861604,0.0007864498124010933,0.001663500990720053,0.0010006402312845268
932,0.001,0.0009913788039536161,0.0009914902994579643,0.0022390670553935864,0.0009722222222222222,0.0013673929376408717,0.0009800864815657717,0.0010209647872990028,0.0009836659384005258,0.0009705204415868009,0.0009326917559125201,0.000949541004809413,0.0007902768073899465,0.0009754206538316961,0.0006254765535646206,0.0011546365949268817,0.000992243344086653,0.000980225646002669,0.0010545612825784935,0.0008773382990114134,0.0013148655804893418,0.0009583707046206456
933,0.001,0.0010034036142441585,0.0010033723403302967,0.0007463556851311954,0.0004166666666666667,0.0006836964688204358,0.0007259899863450161,0.0008129904787751318,0.0010029535058201438,0.0013344656071818512,0.0010064360181605318,0.0011769573725525775,0.0011360229106230483,0.0011976683977427155,0.0014215376217377744,0.0011724743563921918,0.000992243344086653,0.000940607140305016,0.0010044124754347863,0.0008921718249229817,0.0009206413027583675,0.0009454043697187179
934,0.001,0.001023444964728396,0.0010231757417841843,0.0014927113702623907,0.00125,0.0012697220135236666,0.0010526854802002732,0.0011344053192211142,0.0010704599917888073,0.0007278903311901007,0.0010121286942310946,0.0009053518250404443,0.0008261984804531261,0.001160627107090879,0.0009097840779121755,0.0012009025040600483,0.0009763295421773717,0.0009687622523810277,0.0011696225839341265,0.0010000022357181666,0.0015894378666167224,0.0010357560900855047
935,0.001,0.000961984823243401,0.0009624453106589294,0.0007463556851311954,0.0004166666666666667,0.0010743801652892565,0.0007985889849795177,0.0008129904787751318,0.0010029535058201438,0.0009705204415868009,0.0009453820229927094,0.0009958870075444887,0.0009088183284984387,0.001160627107090879,0.0011372300973902193,0.0011089481406040078,0.0009881294846076501,0.0009762973489771985,0.0010136416521861337,0.0009032005966743899,0.0011392187899418543,0.0009109074142351215
936,0.001,0.000937935202662316,0.0009386812289142645,0.0011195335276967932,0.0006944444444444444,0.0010743801652892565,0.0010163859808830224,0.0011154985639007622,0.0010993913429182345,0.0009705204415868009,0.0008379915982947248,0.000949541004809413,0.0009088183284984387,0.0011482800102069334,0.0011372300973902193,0.001127268226128452,0.000992243344086653,0.001043309474705811,0.0009373688917721233,0.0008465013352732587,0.0015076744367820863,0.000934238481275118
937,0.001,0.0009953870740504636,0.000995450979748742,0.0011195335276967932,0.0011111111111111111,0.0011720510894064615,0.001088984979517524,0.0010965918085804104,0.0010125972895299528,0.001213150551983501,0.001053271763171197,0.0009053518250404443,0.0008655412652366081,0.0008149083943404043,0.0011940916022597304,0.0010369222320082722,0.000992243344086653,0.0009732163317023199,0.0010275233900706423,0.0009069953857680843,0.001407835929402112,0.0009727340425979076
938,0.001,0.0009125494920489485,0.0009135969204060072,0.0011195335276967932,0.0006944444444444444,0.0009767092411720514,0.0009074874829312701,0.0008697107447361874,0.0009161594524318621,0.0008492053863884508,0.0009782008637165916,0.000949541004809413,0.0009566508721036197,0.000901338072528023,0.0008529225730426644,0.0010118639309920246,0.0009763295421773717,0.0009772601668755982,0.0009523134729306573,0.0008100022469930794,0.0011890748422753667,0.000911755776308813
939,0.001,0.0009740096335339436,0.000974327351531262,0.0007463556851311954,0.0005555555555555556,0.0007813673929376409,0.0008348884842967685,0.000964244521337947,0.0008775843175926257,0.00048526022079340043,0.0009509926480538761,0.0009958870075444887,0.0010691980335275748,0.0009754206538316961,0.0010235070876511974,0.0011530960571349553,0.000992243344086653,0.0009271936361588187,0.0009703197028609752,0.0008400106023426708,0.0011115755198211322,0.00092673672681821
940,0.001,0.0009057162394012779,0.000906846670066537,0.0014927113702623907,0.0015555555555555557,0.0014064613072877537,0.0010526854802002732,0.0011601872582943213,0.0009666844931723835,0.00048526022079340043,0.0008633404695435876,0.0009053518250404443,0.0007831087637855025,0.0009507264600638051,0.0008772917894153121,0.0009017875076374999,0.000992243344086653,0.0010028711229730278,0.0009641651860546058,0.001059624761829149,0.0009681697552968055,0.0010375804056789158
941,0.001,0.0009901247054993258,0.00099025008643762,0.0022390670553935864,0.002,0.0014064613072877537,0.001626877560309513,0.0013148788927335642,0.0010777976533071403,0.0009705204415868009,0.0010275289956194204,0.0009053518250404443,0.0007831087637855025,0.0010495032351353693,0.0009260302221606073,0.0009571865791121312,0.0009763295421773717,0.000980225646002669,0.001028739339587229,0.0008896739159945703,0.001558688253728704,0.0010935363629664332
942,0.001,0.0009941441562658997,0.0009942216776933858,0.0022390670553935864,0.0015555555555555557,0.0016408715251690457,0.0012919321802457898,0.0013922247099531855,0.0011333542333745185,0.0009705204415868009,0.0009353583994345101,0.000949541004809413,0.000715012349543285,0.0009754206538316961,0.0005361227601982462,0.0010035488718925381,0.000992243344086653,0.000940607140305016,0.0010122288255624105,0.0009924918129873208,0.0012320194258819115,0.0010308534970999567
943,0.001,0.0010062025085656207,0.0010061364514606832,0.0007463556851311954,0.0006666666666666668,0.0008204357625845229,0.0009569868001820666,0.001108623380147907,0.0011555768654014698,0.0008492053863884508,0.0009139861990228357,0.0010322599019797689,0.0010278302524684723,0.0011976683977427155,0.001218460818632378,0.001019052507819419,0.000992243344086653,0.0009687622523810277,0.0009640931041045614,0.0010092722875677145,0.000862634162836186,0.0009686883503970983
944,0.001,0.0010262997623984892,0.0010259944077395126,0.0014927113702623907,0.002,0.0015236664162283997,0.0013876308602639965,0.0015469163443924282,0.0012333560774957996,0.0007278903311901007,0.0008606781146601881,0.000949541004809413,0.0007475129108861616,0.001160627107090879,0.0007798149239247219,0.0010437607455865397,0.0009763295421773717,0.0009762973489771985,0.0011226713080079254,0.001131255791565969,0.0014892916484857198,0.0011310338637670185
945,0.001,0.0009646681839776923,0.0009650966751511028,0.0007463556851311954,0.0006666666666666668,0.0012892561983471077,0.0010526854802002732,0.001108623380147907,0.0011555768654014698,0.001091835496785151,0.000981778667680527,0.0009958870075444887,0.0008222642019747778,0.001160627107090879,0.0009747686549059024,0.0009638388912841914,0.0009881294846076501,0.001043309474705811,0.0009729518009847296,0.0010217486215917874,0.0010674396686357144,0.0009372857381249086
946,0.001,0.00094055147937825,0.0009412671276165077,0.0011195335276967932,0.0011111111111111111,0.0012892561983471077,0.0013397815202548932,0.0015211344053192213,0.0012666900255362266,0.00048526022079340043,0.0008407450218085568,0.0009053518250404443,0.0008222642019747778,0.0011482800102069334,0.0009747686549059024,0.0009797617376947497,0.000992243344086653,0.0009732163317023199,0.0008997408003802861,0.0009576073971559458,0.001412679913128319,0.00098290613792403
947,0.001,0.0009981636070324734,0.0009981932689491517,0.0011195335276967932,0.0017777777777777779,0.0014064613072877537,0.0014354802002730998,0.001495352466246014,0.0011666881814149455,0.001213150551983501,0.0009597798310730853,0.0009053518250404443,0.0007831087637855025,0.0008149083943404043,0.0010235070876511976,0.0009012377926910336,0.000992243344086653,0.0009772601668755982,0.0009862762947507478,0.0010260414891341586,0.0013191319623960427,0.001055947763760937
948,0.001,0.0009150949578566165,0.0009161137163299906,0.0011195335276967932,0.0011111111111111111,0.0011720510894064615,0.0011962335002275832,0.0011859691973675284,0.0010555750212801888,0.0008492053863884508,0.0009403205477802328,0.000949541004809413,0.0008655412652366082,0.000901338072528023,0.0007310764911794268,0.0008794584468545272,0.0009763295421773717,0.0009271936361588187,0.0009140854725055868,0.0009163176844642761,0.0011141544247933843,0.000959302198494828
949,0.001,0.0009767265362774136,0.0009770114489184004,0.0007463556851311954,0.0008888888888888889,0.0009376408715251691,0.0011005348202093766,0.0013148788927335642,0.0010111297572262862,0.0009705204415868009,0.0008411998473878399,0.0009958870075444887,0.0009673696493820914,0.0009754206538316961,0.0008772917894153121,0.0010022099181732568,0.000992243344086653,0.0010225126081003797,0.000931368891948606,0.0009502647343528348,0.0010415381268439245,0.0009617673217716003
950,0.001,0.0009309100151843452,0.00093176004012331,0.0011195335276967932,0.0015555555555555557,0.0016408715251690457,0.0009800864815657717,0.0011021778953796053,0.000866368177843174,0.001091835496785151,0.0009561666639966908,0.000949541004809413,0.000715012349543285,0.0008803022778368565,0.0006335996256888366,0.000905110920888753,0.000992243344086653,0.000980225646002669,0.0009595443905151575,0.0011795851337960824,0.0010023831347189855,0.0010315587782446164
951,0.001,0.001017666421924898,0.0010174547591419501,0.0016793002915451896,0.002,0.0016408715251690457,0.0015146791078743743,0.001249134948096886,0.0009659507270205503,0.001213150551983501,0.0011493634116887157,0.000949541004809413,0.000715012349543285,0.0009717622547549714,0.0006687996048937719,0.0009607141579863129,0.0009763295421773717,0.000940607140305016,0.0010238090701475374,0.00099039411217775,0.0016137694957670556,0.0010852108826197783
952,0.001,0.001021797679388734,0.0010215354600475997,0.0016793002915451896,0.0015555555555555557,0.0019143501126972198,0.001202833409194356,0.0013226134744555261,0.0010157420016092386,0.0008492053863884508,0.0010348942587454415,0.000949541004809413,0.0006528373626264775,0.0009031672720663852,0.00038719977125428897,0.001007247312590464,0.000992243344086653,0.0009687622523810277,0.0010073776833414397,0.0011048520478072128,0.0012755567785440714,0.0010248256987023757
953,0.001,0.0010341914517802415,0.0010337775627645483,0.0005597667638483966,0.0006666666666666668,0.0009571750563486099,0.0008909877105143379,0.0010531922111405116,0.0010356585114447137,0.001091835496785151,0.0010438834951021934,0.0010322599019797689,0.0009384537087755616,0.001108952220132144,0.0008799994801233841,0.001022808085025276,0.000992243344086653,0.0009762973489771985,0.000959472654020392,0.0011235322439163585,0.0008931181040605233,0.0009576340581841396
954,0.001,0.0010548477390994206,0.0010541810672927959,0.0011195335276967932,0.002,0.001777610818933133,0.0012919321802457898,0.0014695705271728068,0.0011053662958688771,0.001091835496785151,0.0010680874064394664,0.000949541004809413,0.0006825117882004085,0.0010746547287878508,0.0005631996672789658,0.0010476073815885263,0.0009763295421773717,0.001043309474705811,0.0011172908663083683,0.0012593255294906876,0.001541920539195392,0.0011246896642936523
955,0.001,0.0009915017913206042,0.0009916103200728365,0.0005597667638483966,0.0006666666666666668,0.0015041322314049588,0.0009800864815657717,0.0010531922111405116,0.0010356585114447137,0.0006065752759917505,0.0009994423555502706,0.000949541004809413,0.0007507629670204494,0.0010746547287878508,0.0007039995840987072,0.0009673909863356729,0.0009881294846076501,0.0009732163317023199,0.0009682888952844259,0.0011374210266904285,0.001105161068414541,0.000929077615915176
956,0.001,0.0009667142465375892,0.0009671261146389393,0.0008396501457725948,0.0011111111111111111,0.0015041322314049588,0.001247382794720073,0.0014450776850532603,0.0011352410606220902,0.0008492053863884508,0.0008625934235765409,0.0009053518250404443,0.0007507629670204494,0.0010632222316730865,0.0007039995840987072,0.0009833725141964735,0.000992243344086653,0.0009772601668755982,0.0008954287609733568,0.0010660183589409596,0.0014626014827761277,0.0009742075057936688
957,0.001,0.0010259289368525696,0.0010256161609532492,0.0008396501457725948,0.0017777777777777779,0.0016408715251690457,0.0013364815657715067,0.0014205848429337134,0.0010456167663624512,0.001213150551983501,0.001043809521145037,0.000949541004809413,0.000715012349543285,0.0007545448095744484,0.0007391995633036426,0.0009045591800438107,0.000992243344086653,0.0009271936361588187,0.0009815495309457853,0.0011421998907909575,0.0013657477155637758,0.0010504581715460315
958,0.001,0.0009405496159332955,0.0009412816755698256,0.0008396501457725948,0.0011111111111111111,0.0013673929376408715,0.0011137346381429223,0.001126670737499152,0.000946034217185075,0.001091835496785151,0.0010628694153118402,0.000949541004809413,0.0007902768073899467,0.0008345722893777991,0.0005279996880740304,0.0008826995694376731,0.0009763295421773717,0.0010225126081003797,0.000909704685753358,0.001020054228029438,0.0011535266401118338,0.0009512517431210232
959,0.001,0.0010038955637121118,0.0010038524227897851,0.0005597667638483966,0.0008888888888888889,0.0010939143501126972,0.0010246358670914885,0.001249134948096886,0.0009062011975141244,0.0013344656071818512,0.0009980506969190293,0.000949541004809413,0.0008832505494358226,0.0009031672720663852,0.0006335996256888366,0.0010059034243422658,0.000992243344086653,0.0010756601560920377,0.0009269052738012763,0.0010578444315309623,0.0010783442126789994,0.0009523221534349432
960,0.001,0.0008704449533049832,0.0008719679519870548,0.0011195335276967932,0.0005833333333333335,0.0008204357625845229,0.0007985889849795177,0.0007927946265011196,0.000866368177843174,0.0006065752759917505,0.0008764018756992696,0.000949541004809413,0.001027830252468472,0.0009155143689503308,0.000828553356670017,0.0009054086612876622,0.000992243344086653,0.000940607140305016,0.0008531160362928436,0.0008600622385307931,0.0007334132311792611,0.000905785507725865
961,0.001,0.0009515663025035244,0.0009521635446515576,0.0016793002915451896,0.0007500000000000001,0.0008204357625845229,0.0012341829767865272,0.0008985005767012689,0.0009659507270205503,0.0014557806623802013,0.0010801730096845375,0.000949541004809413,0.001027830252468472,0.0010106327449451702,0.0008745840987072402,0.0009610301893257157,0.0009763295421773717,0.0009687622523810277,0.000910252766290474,0.0007221187795119888,0.001180746023426312,0.000925631211372643
962,0.001,0.0009554292238939312,0.0009559823823974864,0.0016793002915451896,0.0005833333333333335,0.0009571750563486099,0.0009800864815657717,0.0009513535518013435,0.0010157420016092386,0.0007278903311901007,0.0009262746419600397,0.0010444951052903542,0.0009384537087755614,0.0009392939629490406,0.0005063381624094548,0.0010075786512250221,0.000992243344086653,0.0009762973489771985,0.0008956438751111022,0.0008055726528397166,0.0009332860720635364,0.0008963511528402713
963,0.001,0.0009670179880651514,0.0009674388956352724,0.0005597667638483966,0.00025000000000000006,0.00047858752817430496,0.0007259899863450161,0.0007575593097677365,0.0010356585114447137,0.001091835496785151,0.0010316008026610235,0.001082643318807635,0.0013490272063648697,0.0011533103089374297,0.0011507685509305793,0.0010231445424474712,0.000992243344086653,0.001043309474705811,0.0008530522564878895,0.0008191928069273855,0.0006534673338327443,0.0009226393199000173
964,0.001,0.000986332595017185,0.000986533084364916,0.0011195335276967932,0.0007500000000000001,0.0008888054094665664,0.0010526854802002732,0.0010570595020014928,0.0011053662958688771,0.001091835496785151,0.001013011878251002,0.0009958870075444887,0.000981110695538087,0.0011176409179393648,0.0007364918725955706,0.0010479519968533474,0.0009763295421773717,0.0009732163317023199,0.0009933659814731995,0.0009182027671433632,0.0011281763286949107,0.0009559357681044158
965,0.001,0.0009271011336976152,0.0009279775722606758,0.0005597667638483966,0.00025000000000000006,0.0007520661157024794,0.0007985889849795177,0.0007575593097677365,0.0010356585114447137,0.0013344656071818512,0.0010000458835977555,0.001090939557516868,0.0010792217650918959,0.0011176409179393648,0.0009206148407444632,0.0009677092140484597,0.0009881294846076501,0.0009772601668755982,0.000860890639867043,0.0008293194330274391,0.0008086127171190535,0.0008820543066216607
966,0.001,0.0009039236053551748,0.0009050645457851035,0.0008396501457725948,0.00041666666666666675,0.0007520661157024794,0.0010163859808830224,0.0010394418436348012,0.0011352410606220902,0.0006065752759917505,0.0008864459318903363,0.001082643318807635,0.0010792217650918959,0.0011057511209400098,0.0009206148407444632,0.0009836959991063293,0.000992243344086653,0.0009271936361588187,0.0007961118244191696,0.0007772581307083351,0.001070140989264692,0.0008923231256536729
967,0.001,0.0009592921452843379,0.000959801220143415,0.0008396501457725948,0.0006666666666666668,0.0008204357625845229,0.001088984979517524,0.0010218241852681096,0.0010456167663624512,0.0008492053863884508,0.0010314528286514174,0.000949541004809413,0.001027830252468472,0.0007847266019574263,0.0009666455827816865,0.0009048567389450322,0.000992243344086653,0.0010225126081003797,0.0008726804653779491,0.0008328038110839074,0.0009992760356329563,0.0009060237008493271
968,0.001,0.0008794584365492655,0.0008808785733942218,0.0008396501457725948,0.00041666666666666675,0.0006836964688204357,0.0009074874829312701,0.0008104122848678111,0.000946034217185075,0.0013344656071818512,0.0010635112447274061,0.0010444951052903542,0.0011360229106230483,0.000867955180952911,0.0006904611305583474,0.0008829899375194806,0.0009763295421773717,0.0010756601560920377,0.000808804327739616,0.0007437446417779804,0.0008440003338772785,0.0008718378973160283
969,0.001,0.0009386898978688353,0.000939434085498462,0.0005597667638483966,0.0003333333333333334,0.0005469571750563486,0.0008348884842967685,0.0008985005767012689,0.0009062011975141244,0.001213150551983501,0.0009629552899755148,0.0009958870075444887,0.001269672664813995,0.0009392939629490406,0.000828553356670017,0.0010062343208986058,0.000992243344086653,0.0009583889360669659,0.0008240971038137567,0.0007712983350951039,0.0007889916399741496,0.0008964671336249453
970,0.001,0.0008830418411965171,0.0008844246370154412,0.0011195335276967932,0.0009722222222222222,0.0012892561983471075,0.0008711879836140193,0.0008894768980256463,0.0008937271729329584,0.0003639451655950503,0.0008572390470149327,0.0010401700552204738,0.0008222642019747777,0.0009389890963593135,0.0009260302221606073,0.000931957138512367,0.0009722104469750672,0.0009687622523810277,0.0008865575208084112,0.001039453264818722,0.0008629339353237829,0.0009428183078368532
971,0.001,0.0009653371607163107,0.0009657658810037227,0.0016793002915451896,0.00125,0.0012892561983471075,0.001346381429221666,0.0010080738177623992,0.0009964544341896204,0.001091835496785151,0.0010597840705586618,0.0010401700552204738,0.0008222642019747777,0.0010365464050719694,0.0009774763456139744,0.0009892096061840457,0.0009566179367712965,0.0009762973489771985,0.0009459339661439327,0.0008727376802786736,0.0013892656544726744,0.0009758769202989355
972,0.001,0.0009692559854553486,0.0009696392735745933,0.0016793002915451896,0.0009722222222222222,0.0015041322314049588,0.0010691852526172054,0.0010673722776307754,0.0010478180648179514,0.0007278903311901007,0.0008574872463292146,0.001090939557516868,0.0007507629670204492,0.0009633784235374775,0.0005659073579870377,0.0010371229664253021,0.0009722104469750672,0.001043309474705811,0.0009307524178026026,0.0009735982892044413,0.0010981043001551958,0.0009351879015333649
973,0.001,0.000981012459672462,0.0009812594512872048,0.0005597667638483966,0.0004166666666666667,0.0007520661157024794,0.0007919890760127448,0.0008499445914467287,0.0010683635170692836,0.001213150551983501,0.001080661665221718,0.0011307840670447822,0.0010792217650918959,0.0011828823681409536,0.001286153086334177,0.001053145282162195,0.0009722104469750672,0.0009732163317023199,0.0008864912408847522,0.0009900593230686256,0.0007688696004067615,0.0009204862133742234
974,0.001,0.0010006065833676509,0.0010006264141415575,0.0011195335276967932,0.00125,0.0013966942148760332,0.0011483841602184799,0.0011859691973675284,0.001140272599948947,0.001213150551983501,0.001000427391216104,0.0010401700552204738,0.0007848885564304697,0.0011462983773737074,0.0008231379752538731,0.0010786801430602518,0.0009566179367712965,0.0009772601668755982,0.0010323051546624426,0.0011097206938223015,0.0013274121568470634,0.0010116203556430616
975,0.001,0.0009405179373690714,0.0009412343947215426,0.0005597667638483966,0.0004166666666666667,0.001181818181818182,0.0008711879836140193,0.0008499445914467287,0.0010683635170692836,0.0007278903311901007,0.000873306504738998,0.001090939557516868,0.0008633774120735167,0.0011462983773737074,0.0010289224690673414,0.0009960844738927434,0.0009681796442624973,0.0009271936361588187,0.0008946368827905889,0.0010022981519460339,0.0009514136430487306,0.0008876092395881924
976,0.001,0.0009170049889348446,0.0009179940392963193,0.0008396501457725948,0.0006944444444444444,0.001181818181818182,0.0011087847064178427,0.0011662030440780695,0.0011710907783259456,0.0009705204415868009,0.000917973802771657,0.0011307840670447822,0.0008633774120735167,0.0011341037137846254,0.0010289224690673414,0.001012540024953361,0.0009722104469750672,0.0010225126081003797,0.0008273187882041468,0.0009393779489165997,0.0012591277822089826,0.0009115719855156678
977,0.001,0.0009731748101943863,0.0009735126661454638,0.0008396501457725948,0.0011111111111111111,0.0012892561983471075,0.0011879836140191171,0.0011464368907886107,0.0010786362431949499,0.0009705204415868009,0.0009573116055955294,0.0010864221900485332,0.0008222642019747777,0.0008048477968794116,0.0010803685925207084,0.0009313890326513219,0.0009722104469750672,0.0010756601560920377,0.0009068888602837476,0.001006509298517061,0.0011757480847693212,0.0009498915943769454
978,0.001,0.0008921857655876052,0.0008934625530141393,0.0008396501457725948,0.0006944444444444444,0.0010743801652892565,0.000989986345015931,0.0009092430513151051,0.000975908981938288,0.0013344656071818512,0.0010053782816432225,0.0011394492057712955,0.0009088183284984387,0.0008902104420029855,0.000771691851800506,0.0009088810508345889,0.0009566179367712965,0.0009583889360669659,0.0008405088277742913,0.0008988742459013023,0.0009930507094291722,0.0008885832827610894
979,0.001,0.0009522744115861849,0.0009528545724341543,0.0005597667638483966,0.0005555555555555556,0.0008595041322314051,0.0009107874374146565,0.0010080738177623992,0.0009348180774356231,0.0009705204415868009,0.0009453820229927094,0.0011394492057712955,0.0010157381318511962,0.0009633784235374775,0.0009260302221606073,0.0010357392175196526,0.0009722104469750672,0.0010716163209187595,0.0008564010687658959,0.0009321750643690722,0.0009283274856191478,0.0009025644515168404
980,0.001,0.0008805224636182102,0.0008819333000097639,0.0018658892128279882,0.0019444444444444444,0.0016408715251690457,0.001306781975421029,0.0011601872582943213,0.000994043488262168,0.001091835496785151,0.0007755265206906365,0.000949541004809413,0.000715012349543285,0.0007981407319054166,0.0007798149239247218,0.0007903716840834103,0.0009722104469750672,0.0009762973489771985,0.0009119749666475591,0.001255491534589649,0.0012343854329778007,0.0010687076321679134
981,0.001,0.0009625829890737535,0.0009630454137332896,0.0027988338192419825,0.0025,0.0016408715251690457,0.002019572143832499,0.0013148788927335642,0.0011083013604762102,0.0008492053863884508,0.0008361122869470376,0.000949541004809413,0.000715012349543285,0.0008810644443111742,0.000823137975253873,0.000838926201691191,0.0009566179367712965,0.001043309474705811,0.0009730537240700173,0.0010541260551029897,0.001987277607496098,0.0011353170686343864
982,0.001,0.0009664906331430651,0.0009669078953391719,0.0027988338192419825,0.0019444444444444444,0.0019143501126972198,0.0016037778789258082,0.0013922247099531855,0.0011654302965832316,0.0006065752759917505,0.0008262670555195986,0.0009958870075444887,0.0006528373626264775,0.000818871660006856,0.0004765535646206633,0.0008795604343817908,0.0009722104469750672,0.0009732163317023199,0.000957436923448194,0.0011759493683444393,0.0015707853133545644,0.0010610697865917563
983,0.001,0.0009782135653509999,0.0009784953401568183,0.0009329446064139941,0.0008333333333333334,0.0009571750563486099,0.0011879836140191173,0.001108623380147907,0.0011882818710260397,0.00048526022079340043,0.0007915829082952821,0.001082643318807635,0.0009384537087755616,0.0010054500129198106,0.0010830762832287804,0.000893148596485574,0.0009722104469750672,0.0009772601668755982,0.0009119067864903222,0.0011958316366161936,0.0010998309323012802,0.0009626134182826067
984,0.001,0.0009977517856975576,0.0009978077481862292,0.0018658892128279882,0.0025,0.001777610818933133,0.00172257624032772,0.0015469163443924282,0.0012682623815758695,0.0006065752759917505,0.0009516372823657055,0.000949541004809413,0.0006825117882004085,0.0009743536207676515,0.0006931688212664194,0.000914804132107146,0.0009566179367712965,0.0009271936361588187,0.0010619011591429868,0.0013403632313337627,0.0018987991581937958,0.0011748231020268145
985,0.001,0.0009378345766347801,0.0009385830302293692,0.0009329446064139941,0.0008333333333333334,0.0015041322314049588,0.001306781975421029,0.001108623380147907,0.0011882818710260397,0.001091835496785151,0.0009071943633348664,0.0009958870075444887,0.0007507629670204494,0.0009743536207676515,0.0008664610265830242,0.0008447566208641667,0.0009681796442624973,0.0010225126081003797,0.0009202859624953088,0.0012106141637089891,0.0013609513934285608,0.0009343864974114441
986,0.001,0.0009143887122189106,0.0009154081405940761,0.0013994169096209913,0.0013888888888888887,0.0015041322314049588,0.001663177059626764,0.0015211344053192213,0.0013025397432400822,0.00048526022079340043,0.0007714962887733094,0.0009958870075444887,0.0007507629670204494,0.0009639881567169318,0.0008664610265830242,0.0008587122000070676,0.0009722104469750672,0.0010756601560920377,0.0008510378701557764,0.0011346167283919782,0.0018011216490556028,0.0009946712453666406
987,0.001,0.0009703982772123767,0.0009707703769450541,0.0013994169096209913,0.0022222222222222222,0.0016408715251690457,0.0017819754210286758,0.001495352466246014,0.0011997076582474441,0.0003639451655950503,0.0008646540351104322,0.000949541004809413,0.000715012349543285,0.0006841206273475,0.0009097840779121755,0.0007898898864045507,0.0009722104469750672,0.0009583889360669659,0.0009328892019957774,0.0012157005481091216,0.0016818510076860563,0.0010957777874702245
988,0.001,0.0008896402997799373,0.0008909457570901557,0.0013994169096209913,0.0013888888888888887,0.0013673929376408715,0.0014849795175238966,0.0011859691973675284,0.0010854497860334018,0.001213150551983501,0.0009082982303382225,0.0009958870075444887,0.0007902768073899467,0.0007566788757025378,0.0006498457699372682,0.0007708013781903138,0.0009566179367712965,0.0010716163209187595,0.0008646060658055001,0.0010856948018596606,0.0014205112115189948,0.0009733490722375459
989,0.001,0.0009495575088427149,0.0009501704750470158,0.0009329446064139941,0.0011111111111111111,0.0010939143501126972,0.0013661811561219849,0.0013148788927335642,0.0010397466371477849,0.0007278903311901007,0.0008224178071608223,0.0010444951052903542,0.0008832505494358226,0.000818871660006856,0.0007798149239247218,0.0008783869083603553,0.0009722104469750672,0.0010513971450523676,0.000880953934508997,0.0011259168080779809,0.0013279277571245642,0.0009663194029207539
990,0.001,0.0009687006788589467,0.0009691300952084695,0.0014927113702623907,0.0009722222222222222,0.000937640871525169,0.0007985889849795177,0.0008508039894158356,0.0010305221483818806,0.0008492053863884508,0.0009586649989203045,0.000949541004809413,0.0009673696493820914,0.001056362733404228,0.000828553356670017,0.001009162938054026,0.0009722104469750672,0.001043309474705811,0.0010825551905566527,0.0010934849854160253,0.0010790438787843587,0.0010036377984086948
991,0.001,0.0010589789965632567,0.0010582617681984454,0.0022390670553935864,0.00125,0.000937640871525169,0.0012341829767865272,0.000964244521337947,0.0011489729700349704,0.001213150551983501,0.0011568742814303183,0.000949541004809413,0.0009673696493820914,0.0011661147057059657,0.0008745840987072402,0.001071158351897436,0.0009566179367712965,0.0009732163317023199,0.0011550584152049076,0.0009181033740444051,0.0017371881427998461,0.00103874557546469
992,0.001,0.0010632779640729858,0.0010625061335789207,0.0022390670553935864,0.0009722222222222222,0.0010939143501126972,0.0009800864815657717,0.0010209647872990028,0.0012081983808615155,0.001091835496785151,0.0010589356569896727,0.001090939557516868,0.0008832505494358226,0.0010838007264796622,0.0005063381624094548,0.0011230409818972337,0.0009722104469750672,0.0009772601668755982,0.001136520572400746,0.0010242068086220807,0.0013731094291762399,0.0009955076864384643
993,0.001,0.001076174866602173,0.0010752392297203456,0.0007463556851311954,0.0004166666666666667,0.0005469571750563486,0.0007259899863450161,0.0008129904787751318,0.0012318885451921332,0.0013344656071818512,0.0010673894468756554,0.001082643318807635,0.0012696726648139952,0.0013307426641585727,0.0011507685509305793,0.0011403906287375185,0.0009722104469750672,0.0009271936361588187,0.0010824742576519032,0.0010415235019108832,0.0009614224240596119,0.000990047218406712
994,0.001,0.0010976697041508183,0.001096461056622721,0.0014927113702623907,0.00125,0.0010157776108189332,0.0010526854802002732,0.0011344053192211142,0.001314804120349296,0.0013344656071818512,0.0011529123715696857,0.0009958870075444887,0.0009233983016829055,0.001289585674545421,0.0007364918725955706,0.0011680408651934754,0.0009566179367712965,0.0010225126081003797,0.0012605243057429525,0.001167404978916263,0.0016598442868425813,0.0010783156216583058
995,0.001,0.0010317522023349727,0.001031380787455437,0.0007463556851311954,0.0004166666666666667,0.000859504132231405,0.0007985889849795177,0.0008129904787751318,0.0012318885451921332,0.001091835496785151,0.001111488857220142,0.001090939557516868,0.0010157381318511962,0.001289585674545421,0.0009206148407444632,0.0010786027518692165,0.0009681796442624973,0.0010756601560920377,0.0010924207154040615,0.0010543985161799048,0.0011896821131949814,0.0009517500835861555
996,0.001,0.0010059583972765985,0.0010059145951725867,0.0011195335276967932,0.0006944444444444444,0.000859504132231405,0.0010163859808830224,0.0011154985639007622,0.001350339366845223,0.0008492053863884508,0.0009461396206358269,0.000949541004809413,0.0010157381318511962,0.0012758666780077036,0.0009206148407444632,0.00109642152439575,0.0009722104469750672,0.0009583889360669659,0.0010102201237870792,0.00098820766410344,0.001574459029114604,0.0009733409499157733
997,0.001,0.0010675769315827148,0.0010667504989593957,0.0011195335276967932,0.0011111111111111111,0.000937640871525169,0.001088984979517524,0.0010965918085804104,0.0012437336273574422,0.0008492053863884508,0.00114266152708318,0.000949541004809413,0.0009673696493820914,0.0009054537714893381,0.0009666455827816865,0.001008547768797666,0.0009722104469750672,0.0010716163209187595,0.0011073813259888186,0.001058828561957487,0.0014701980324678555,0.0010097113974353424
998,0.001,0.0009787316030483145,0.000979033614429578,0.0011195335276967932,0.0006944444444444444,0.0007813673929376409,0.0009074874829312701,0.0008697107447361874,0.0011252828057043524,0.0018197258279752516,0.001155460873106065,0.0009958870075444887,0.001069198033527575,0.0010014867472533588,0.0006904611305583474,0.0009841751661089863,0.0009566179367712965,0.0010513971450523676,0.0010263261806025322,0.000945598541981243,0.0012417466105675362,0.0009490461668277426
999,0.001,0.0010446491048641598,0.001044113883596862,0.0007463556851311954,0.0005555555555555556,0.0006250939143501126,0.0008348884842967685,0.000964244521337947,0.0010779024770431165,0.0006065752759917505,0.0009523371079917513,0.0009958870075444887,0.0011949860374719954,0.0010838007264796622,0.000828553356670017,0.001121542599564562,0.0009722104469750672,0.0006065752759917505,0.0010457318340105042,0.0009806303671041564,0.0011608143449460756,0.0009670607423282086
