number,uniform,historical_position,bayes_position_strong,frequency_25,frequency_50,frequency_100,frequency_250,frequency_500,frequency_1000,bayes_number,pairs,pair_markov,cold_100,markov_1,markov_2,cross_markov,gap_hazard,sum_pattern,random_forest,xgboost,random_forest_rolling500,ensemble_static
000,0.001,0.0010254279447171927,0.0010252001958713144,0.0011195335276967932,0.0013611111111111111,0.0008925619834710743,0.0010923987255348204,0.00141054345613678,0.001297193732705297,0.0010047221943132723,0.0010806442491558513,0.0009269092100256741,0.0009857659731362424,0.0010816871201042885,0.001157592512204224,0.0009967908334370698,0.001039887471598992,0.0010047221943132723,0.0010987111401937087,0.001052026682084182,0.0011799459843809537,0.0010289230066087187
001,0.001,0.0010395070469329895,0.0010391327013644694,0.00018658892128279887,0.0005833333333333334,0.0008114199849737039,0.0010468821119708695,0.0010709681796594072,0.001167474359434767,0.0011051944137445997,0.0011288484326924231,0.0009269092100256741,0.0010376483927749922,0.0009745893854404973,0.0007717283414694826,0.0010291018436321686,0.0010710123868348028,0.0011386851535550421,0.0010693919871254374,0.0011401435113010362,0.0007578406149072905,0.0010047901595616074
002,0.001,0.0010664919928465998,0.0010658366702263496,0.0007463556851311955,0.0013611111111111111,0.0011359879789631852,0.0015475648611743289,0.0016456340321595769,0.0015825763539004621,0.001306138852607254,0.001193542250021813,0.0010153781661807106,0.0008571878027271673,0.0011780750813017002,0.0009646604268368532,0.0011886414124787806,0.0010305519706957965,0.0008540138651662815,0.0010938647468410239,0.001200225789307618,0.0013982700929625108,0.0010417015563030725
003,0.001,0.0011016897483860915,0.0011006679339592368,0.00037317784256559773,0.0015555555555555557,0.0009737039819684446,0.0012289485662266729,0.0012538164054549156,0.001167474359434767,0.001708027730332563,0.0012172742161808143,0.001096733767640345,0.000938824736320231,0.0012316239486335956,0.0012058255335460667,0.0011882416474284234,0.0010710123868348028,0.0010047221943132723,0.0011369830869335166,0.0012261418185107679,0.0011626064261247146,0.0010948587683878078
004,0.001,0.001054759407666769,0.0010542262489820538,0.00018658892128279887,0.0005833333333333334,0.0004868519909842223,0.0006827492034592627,0.0011493317050003393,0.001284221795378244,0.0009042499748819451,0.0010359083723691018,0.0009269092100256741,0.0013143546308483232,0.0009852991589068766,0.001012893448178696,0.001001011686093755,0.0010710123868348028,0.0010181184902374493,0.0009954804176730758,0.001041020225026988,0.0009509420534699006,0.0010116533589771496
005,0.001,0.0011181153676378542,0.001116922523701251,0.0009329446064139942,0.0011666666666666668,0.0009737039819684446,0.0013199817933545748,0.0013060587556822038,0.0013231376073594028,0.000803777755450618,0.0011902197543994517,0.0008837732553866656,0.000938824736320231,0.0012958825894318702,0.0008681943841531679,0.0011807593782359096,0.001039887471598992,0.0010477817169266984,0.0011513600915876675,0.0011622563841350063,0.0016316670169989125,0.0010298427051272554
006,0.001,0.0010160418765733281,0.001015911858875878,0.0009329446064139942,0.0011666666666666668,0.001054845980465815,0.0013199817933545748,0.0013844222810231361,0.0013879972939946676,0.0014066110720385814,0.0010198075731383447,0.0009269092100256741,0.0008961508846693114,0.0010709773466379092,0.0008199613628113252,0.0010073746131452695,0.001039887471598992,0.0010477817169266984,0.001019968272800024,0.0009245772779679253,0.0012593763469303716,0.001002274982039471
007,0.001,0.0010007895158395486,0.0010008183112582936,0.0007463556851311955,0.0011666666666666668,0.0009737039819684446,0.0010923987255348204,0.0012538164054549156,0.0010507269234912905,0.001306138852607254,0.0011133486339832436,0.0009269092100256741,0.000938824736320231,0.0010709773466379092,0.0007717283414694826,0.001066896297767997,0.0010305519706957965,0.0011219397836498208,0.001129388170205559,0.0010183902063479416,0.0014111388912261948,0.0010211653646123634
008,0.001,0.001012522101019379,0.001012428732502589,0.0005597667638483966,0.0013611111111111111,0.0008114199849737039,0.0012289485662266729,0.00141054345613678,0.001284221795378244,0.0010047221943132723,0.0010409739691904364,0.0009269092100256741,0.0010376483927749922,0.0010923968935706676,0.0008199613628113252,0.0010912453207101535,0.0010305519706957965,0.001047143798073166,0.001116959726739141,0.0011807071181577403,0.0012643467710472041,0.0010324008041387022
009,0.001,0.0010805710950623965,0.0010797691757195044,0.0007463556851311955,0.0013611111111111111,0.0008114199849737039,0.0012744651797906238,0.0014366646312504242,0.0015566324792463562,0.0011051944137445997,0.0010323648409324227,0.0009269092100256741,0.0010376483927749922,0.001274463042499112,0.001157592512204224,0.0010373669860482982,0.0010305519706957965,0.0010558716878419482,0.001065201013649186,0.0009887950119501878,0.0010851598002736664,0.0010310786077447317
010,0.001,0.0009944514755538608,0.0009945182498648458,0.003918367346938776,0.0024953703703703705,0.0017851239669421485,0.0011948111060537097,0.0014329330348056178,0.0011530610957380418,0.0014066110720385814,0.0010685390517543064,0.0011084222018669146,0.0006571773154241615,0.0010510733336862425,0.0009748147471193463,0.0009476360019443872,0.0009905692779898657,0.0011386851535550421,0.001021844260161135,0.0009432904331096888,0.0014634523432153716,0.0010692682566451866
011,0.001,0.0010081052715568885,0.0010080337866693512,0.000653061224489796,0.0010694444444444445,0.0016228399699474078,0.0011450273099681385,0.001087967674574636,0.0010377549861642374,0.0009042499748819451,0.0010293131516764735,0.001056839102569329,0.000691765595183328,0.0009470066669846341,0.0006498764980795643,0.0009783536565344572,0.0010202180483180865,0.0008540138651662815,0.0009945763030251799,0.0010222996097890764,0.0009399274529093896,0.0010056731135483761
012,0.001,0.0010342750472293587,0.0010339385655446529,0.002612244897959184,0.0024953703703703705,0.0022719759579263705,0.001692649066909422,0.001671755207273221,0.0014067345368004107,0.0011051944137445997,0.001115021917440977,0.0010196001310282415,0.0005714585351514447,0.0011447333337176898,0.0008123456225994552,0.0011300258369982628,0.0009816765269548596,0.0010047221943132723,0.0010173369251130432,0.0010761718537237697,0.0017342333217630571,0.0010585136822626473
013,0.001,0.0010684095372369283,0.001067727407555916,0.001306122448979592,0.0028518518518518515,0.0019474079639368893,0.0013441624943104234,0.0012737182531605492,0.0010377549861642374,0.0014066110720385814,0.0011167150510730491,0.001096733767640345,0.0006258831575468206,0.0011967666670684937,0.0010154320282493193,0.0011296457855959731,0.0010202180483180865,0.0010181184902374493,0.0010574386649783744,0.0010994092324213248,0.0014419465984640762,0.0011062711151450045
014,0.001,0.0010228968838935021,0.001022675618207565,0.000653061224489796,0.0010694444444444445,0.0009737039819684446,0.0007467569412835686,0.00116757506539717,0.0011415304847806613,0.000803777755450618,0.001027424923476358,0.0011084222018669146,0.0008762364205655487,0.000957413333654795,0.0008529629037294281,0.0009516487113335633,0.0010202180483180865,0.0010477817169266984,0.0009258356575165877,0.0009334215905971441,0.0011794254947548994,0.0010018884430293262
015,0.001,0.0010843389659071273,0.0010834955338278388,0.00326530612244898,0.002138888888888889,0.0019474079639368893,0.0014437300864815659,0.0013267898470422387,0.0011761223176528024,0.0012056666331759268,0.0011413970745771118,0.0009721505809253322,0.0006258831575468206,0.0012592066670894587,0.0007311110603395098,0.0011225324901831164,0.0009905692779898657,0.0010477817169266984,0.001070809840664792,0.0010421269219172548,0.002023708670551613,0.0010484166114331569
016,0.001,0.0009853489448851756,0.0009855078919951757,0.00326530612244898,0.002138888888888889,0.00210969196093163,0.0014437300864815659,0.0014063972378647732,0.0012337753724397044,0.0007033055360192907,0.0008452045844540138,0.0009721505809253322,0.0005974339231128742,0.0010406666670160815,0.000690493779209537,0.0009576978628200087,0.0009905692779898657,0.0011219397836498208,0.0009486103189264261,0.0008290140505276209,0.0015619674885983845,0.001018337553041391
017,0.001,0.0009705573325485621,0.0009708660604569616,0.002612244897959184,0.002138888888888889,0.0019474079639368893,0.0011948111060537097,0.0012737182531605492,0.0009339794875478137,0.0014066110720385814,0.0010192708320101657,0.0009269092100256741,0.0006258831575468206,0.0010406666670160815,0.0006498764980795643,0.0010142843495259352,0.0009816765269548596,0.001047143798073166,0.0010503750958736715,0.0009131305842143518,0.0017501941142252942,0.0010218019338869009
018,0.001,0.0009819354958844186,0.0009821290077940492,0.001959183673469388,0.0024953703703703705,0.0016228399699474078,0.0013441624943104234,0.0014329330348056178,0.0011415304847806613,0.0007033055360192907,0.0009169214440456505,0.0009721505809253322,0.000691765595183328,0.0010614800003564033,0.000690493779209537,0.0010374326470204006,0.0009816765269548596,0.0010558716878419482,0.0010388161581744893,0.0010586706096239358,0.0015681321596230239,0.001038900789621018
019,0.001,0.0010479288432323865,0.0010474541023491582,0.002612244897959184,0.0024953703703703705,0.0016228399699474078,0.0013939462903959947,0.0014594688317464627,0.0013836733148856499,0.0007033055360192907,0.0009973059215200733,0.0009721505809253322,0.000691765595183328,0.0012383933337491372,0.0009748147471193463,0.000986211219276798,0.0009816765269548596,0.0009536886860306935,0.0009906785340534007,0.0008865943145390272,0.0013458918234352827,0.0010380172457455034
020,0.001,0.0009805654721358156,0.0009807642740688426,0.0027988338192419825,0.0013611111111111111,0.0013884297520661156,0.0011265361857077834,0.001320985141461429,0.0010954080409511396,0.0010047221943132723,0.0011418210793204063,0.0010196001310282415,0.0007714690224544504,0.0010714825246316065,0.001218518433899183,0.0010284938526918324,0.000998561223893368,0.0008540138651662815,0.0008854110877428722,0.0008920714004171049,0.001395585019468578,0.0009864558534962678
021,0.001,0.000994028613629671,0.0009940928938749877,0.0004664723032069971,0.0005833333333333334,0.0012622088655146505,0.0010795971779699591,0.0010029701999984925,0.0009858672368560255,0.0006028333165879634,0.0011056075761969907,0.001056839102569329,0.000812072655215211,0.0009653951459552095,0.0008123456225994554,0.0010618325173797239,0.001028449201487384,0.0010047221943132723,0.0008617838555612625,0.0009667905159856053,0.0008963384962612039,0.0009678945405439429
022,0.001,0.001019832968159561,0.001019639415170099,0.0018658892128279884,0.0013611111111111111,0.0017670924117205104,0.0015959262630860264,0.0015411493317050006,0.0013363978099603902,0.0012056666331759268,0.0010501094576079151,0.0009721505809253322,0.0006708426282212612,0.0011669611654403634,0.0010154320282493193,0.0012264462561056878,0.000989596725847038,0.0010181184902374493,0.0008815055567501911,0.0010177375906124564,0.001653808581698085,0.0009789438252455459
023,0.001,0.0010534908218942,0.0010529609646854616,0.0009329446064139942,0.0015555555555555557,0.0015146506386175805,0.0012673532089212563,0.0011742090146323813,0.0009858672368560255,0.0014066110720385814,0.0010644140393526644,0.001201411648228493,0.000734732402337572,0.0012200048547785615,0.0012692900353116492,0.0012260337764930939,0.001028449201487384,0.0010477817169266984,0.0009162530486125474,0.0010397132199935508,0.0013750765995350115,0.001055845426117548
024,0.001,0.001008613683581348,0.0010085322319983113,0.0004664723032069971,0.0005833333333333334,0.0007573253193087902,0.0007040851160673646,0.0010763582634130161,0.0010844539605416282,0.0010047221943132723,0.000927542509960062,0.0011084222018669146,0.0010286253632726006,0.0009760038838228494,0.0010662036296617853,0.0010328489499348017,0.001028449201487384,0.0010477817169266984,0.0008022212273948998,0.0008827384189178239,0.0011247298620212182,0.0009747962202188573
025,0.001,0.001069197820303698,0.0010685110211259643,0.0023323615160349854,0.0011666666666666668,0.0015146506386175805,0.001361231224396905,0.0012231343902420638,0.0011173162017701626,0.0015070832914699085,0.0011210589642949955,0.0010153781661807106,0.000734732402337572,0.0012836572819843997,0.0009138888254243873,0.0012183135330773806,0.000998561223893368,0.0011219397836498208,0.0009278389503692838,0.0009855412394911777,0.0019298595663083137,0.000996428772369627
026,0.001,0.000971590044473245,0.0009718785275314126,0.0023323615160349854,0.0011666666666666668,0.0016408715251690455,0.001361231224396905,0.0012965224536565878,0.0011720866038177193,0.0012056666331759268,0.0009652688004979763,0.0010649376049291118,0.0007013354749585914,0.0010608737867639666,0.0008631172240119213,0.0010394142504352526,0.000998561223893368,0.001047143798073166,0.0008219550934232522,0.0007840000269923603,0.0014895315437436555,0.0009777783281238722
027,0.001,0.0009570049745215682,0.0009574391894080886,0.0018658892128279884,0.0011666666666666668,0.0015146506386175805,0.0011265361857077834,0.0011742090146323813,0.0008872805131704231,0.0006028333165879634,0.0009305074313076696,0.0009269092100256741,0.000734732402337572,0.0010608737867639666,0.0008123456225994554,0.00110082902742036,0.000989596725847038,0.0010558716878419482,0.0009101325832459799,0.0008635491789505558,0.0016690291954491313,0.000960966270183856
028,0.001,0.0009682242590997812,0.0009685463725798762,0.0013994169096209913,0.0013611111111111111,0.0012622088655146505,0.0012673532089212563,0.001320985141461429,0.0010844539605416282,0.0005023610971566361,0.0008656350998738388,0.0009721505809253322,0.000812072655215211,0.001082091262499246,0.0008631172240119213,0.0011259524731574255,0.000989596725847038,0.0009536886860306935,0.000900116955620131,0.001001186633680017,0.0014954103293234005,0.000976431197607568
029,0.001,0.0010332961096534165,0.0010329680349762441,0.0018658892128279884,0.0013611111111111111,0.0012622088655146505,0.0013142922166590805,0.0013454478292662703,0.0013144896491413675,0.0012056666331759268,0.0009827701244424592,0.0010196001310282415,0.000812072655215211,0.0012624398062491204,0.001218518433899183,0.0010703605333701,0.000989596725847038,0.0009828804074803752,0.0008584065034542701,0.000838453782643955,0.0012834763464074788,0.00098692806338072
030,0.001,0.0009923151673356999,0.0009924022535885376,0.0027988338192419825,0.0020416666666666665,0.0013884297520661156,0.0009558488848429678,0.0011642580907795645,0.0009801019313773354,0.0010047221943132723,0.0010296699945201548,0.0009721505809253322,0.0007714690224544504,0.0010204595472681967,0.0010966665905092648,0.0009599073936486432,0.0009905692779898657,0.0010047221943132723,0.0011167910781480477,0.0010247176297791725,0.0013137872387629325,0.0010389672785431996
031,0.001,0.001005939631875778,0.001005889033931757,0.0004664723032069971,0.0008749999999999999,0.0012622088655146505,0.0009160218479745109,0.0008839737355918916,0.0008820917382396018,0.000803777755450618,0.0009340424403235934,0.0010153781661807106,0.000812072655215211,0.0009194239485287711,0.0007311110603395099,0.0009910228258357412,0.0010202180483180865,0.0010181184902374493,0.0010869894611736997,0.0011105470768040964,0.0008438024638931287,0.0010065177792701143
032,0.001,0.0010320531889109281,0.00103173869625626,0.0018658892128279884,0.0020416666666666665,0.0017670924117205104,0.0013541192535275377,0.0013583011059094918,0.0011957243562803492,0.000803777755450618,0.0010109471602235893,0.0010196001310282415,0.0006708426282212612,0.0011113915861336796,0.0009138888254243872,0.0011446590818868937,0.0009816765269548596,0.0010477817169266984,0.0011118649345426227,0.0011690697079874293,0.0015568758475344817,0.0010511395946708347
033,0.001,0.0010661143502611239,0.0010654556471143078,0.0009329446064139942,0.002333333333333333,0.0015146506386175805,0.0010753299954483389,0.001034896080692946,0.0008820917382396018,0.001306138852607254,0.0010351043580149632,0.001096733767640345,0.000734732402337572,0.0011619093855033923,0.0011423610317804842,0.0011442741090172729,0.0010202180483180865,0.0010477817169266984,0.0011556928122788577,0.0011943129955110192,0.0012944808546874063,0.0011008882596981833
034,0.001,0.001020699468460863,0.0010204997126369107,0.0004664723032069971,0.0008749999999999999,0.0007573253193087902,0.0005974055530268549,0.0009486547406352006,0.0009703009120635622,0.000803777755450618,0.0009528165704481156,0.0011084222018669146,0.0010286253632726006,0.0009295275084027138,0.0009595832666956066,0.000963972065530389,0.0010202180483180865,0.0011219397836498208,0.0010118616333792492,0.0010139968840224489,0.0010588073955836413,0.0010192620793840778
035,0.001,0.001082009558891215,0.0010811902241813966,0.0023323615160349854,0.0017499999999999998,0.0015146506386175805,0.0011549840691852528,0.001078016750721819,0.0009997039700048822,0.0009042499748819451,0.0010399754642517033,0.0009721505809253322,0.000734732402337572,0.0012225307447470473,0.0008224999428819485,0.001137068700140871,0.0009905692779898657,0.001047143798073166,0.0011703063989995839,0.0011320859322570239,0.0018167469809799832,0.001047897690951932
036,0.001,0.0009832321909756477,0.0009834110666930584,0.0023323615160349854,0.0017499999999999998,0.0016408715251690455,0.0011549840691852528,0.001142697755765128,0.0010487090665737488,0.0007033055360192907,0.0008685004333801765,0.0010196001310282415,0.0007013354749585914,0.001010355987394254,0.0007768055016107292,0.0009700995503718528,0.0009905692779898657,0.0010558716878419482,0.0010367524505634053,0.0009005766231613117,0.0014022273860824616,0.0010241366358167633
037,0.001,0.0009684723543905629,0.0009688003879879044,0.0018658892128279884,0.0017499999999999998,0.0015146506386175805,0.0009558488848429678,0.001034896080692946,0.0007938825644156417,0.0009042499748819451,0.000904382704006053,0.0010153781661807106,0.000734732402337572,0.001010355987394254,0.0007311110603395099,0.0010274188025511375,0.0009816765269548596,0.0009536886860306935,0.0011479729167296372,0.0009919543070635545,0.0015712043533820717,0.0010399166049900497
038,0.001,0.000979826074840628,0.0009800393716072535,0.0013994169096209913,0.0020416666666666665,0.0012622088655146505,0.0010753299954483389,0.0011642580907795645,0.0009703009120635622,0.001306138852607254,0.0009397337998821041,0.0010153781661807106,0.000812072655215211,0.0010305631071421393,0.0007768055016107292,0.0010508668584182886,0.0009816765269548596,0.0009828804074803752,0.0011353399559169198,0.001150057712590585,0.0014077616053284044,0.0010488241971236378
039,0.001,0.0010456776534510065,0.0010452254765994792,0.0018658892128279884,0.0020416666666666665,0.0012622088655146505,0.0011151570323167958,0.001185818425794001,0.0011761223176528024,0.0006028333165879634,0.0009328502988801263,0.0010196001310282415,0.000812072655215211,0.0012023236249991624,0.0010966665905092648,0.0009989821399151505,0.0009816765269548596,0.0009909588765829537,0.0010827295227642214,0.0009631273600168885,0.001208249459288628,0.0010477654245529841
040,0.001,0.0009559979276269661,0.0009564303168912984,0.0016793002915451898,0.0015879629629629631,0.0009917355371900827,0.0007168866636322259,0.0009627518827600247,0.0009416665615194008,0.0010047221943132723,0.0009730193516050751,0.0010196001310282415,0.0009338835534974929,0.0010408687382135605,0.0008529629037294281,0.0008573321810539436,0.0009905692779898657,0.0010181184902374493,0.0009387881745467416,0.0008698184761537636,0.0011349135452522684,0.0010045902790651886
041,0.001,0.0009691237572969015,0.0009694282373926526,0.0002798833819241983,0.0006805555555555557,0.0009015777610818934,0.0006870163859808831,0.0007309782813548336,0.0008474999053674606,0.001306138852607254,0.0009243696655941235,0.0009721505809253322,0.000983035319471045,0.0009378124274993464,0.0005686419358196188,0.0008851226340892133,0.0010202180483180865,0.0010477817169266984,0.000913736572554824,0.0009426737063662351,0.0007289177558850933,0.0009655041420105841
042,0.001,0.0009942815974976114,0.000994340918353581,0.0011195335276967932,0.0015879629629629631,0.0012622088655146505,0.0010155894401456533,0.0011232105298866954,0.0011488332050536689,0.0005023610971566361,0.0009730680500536731,0.0010649376049291118,0.0008120726552152111,0.001133619417856353,0.0007108024197745234,0.0010223413984833854,0.0009816765269548596,0.0010477817169266984,0.0009346471982680263,0.0009923498946127136,0.0013449053511181367,0.0010101507753165814
043,0.001,0.0010270961716724498,0.0010268357196069658,0.0005597667638483966,0.001814814814814815,0.001081893313298272,0.0008064974965862541,0.000855779451342244,0.0008474999053674606,0.0010047221943132723,0.0010214395494612975,0.001150264079588181,0.0008894129080928504,0.0011851475732134599,0.0008885030247181543,0.0010219975636174988,0.0010202180483180865,0.0011219397836498208,0.0009714894457925031,0.0010137773369136838,0.0011182357483071643,0.0010622045503794904
044,0.001,0.0009833434061059982,0.0009835093179357858,0.0002798833819241983,0.0006805555555555557,0.000540946656649136,0.00044805416477014114,0.0007844644970637237,0.0009322498959042068,0.0009042499748819451,0.0009184039372433729,0.0009721505809253322,0.0012451780713299905,0.0009481180585707679,0.0007463425407632496,0.0008609625041795943,0.0010202180483180865,0.001047143798073166,0.0008505832060095152,0.0008607183080036804,0.0009146495106716325,0.0009713525349111842
045,0.001,0.0010424096396207077,0.001041999960191879,0.0013994169096209913,0.0013611111111111113,0.001081893313298272,0.0008662380518889396,0.0008914369284815043,0.0009604998927497889,0.0009042499748819451,0.0010070026708400017,0.0009269092100256741,0.0008894129080928504,0.0012469813596419882,0.000639722177797071,0.0010155621210443248,0.0009905692779898657,0.0010558716878419482,0.000983773804675349,0.0009609566888032591,0.0015693947209837382,0.0009926779127096105
046,0.001,0.0009472473745136757,0.0009477650365570625,0.0013994169096209913,0.0013611111111111113,0.0011720510894064613,0.0008662380518889396,0.0009449231441903946,0.0010075832208257588,0.0005023610971566361,0.0009259574467689116,0.0010196001310282415,0.0008489850486340845,0.0010305631071421389,0.0006041820568083449,0.0008664352091282866,0.0009905692779898657,0.0009536886860306935,0.0008715067299205768,0.0007644429677536478,0.0012113124614356455,0.0009801172838726814
047,0.001,0.000933027725704579,0.000933683956013929,0.0011195335276967932,0.0013611111111111113,0.001081893313298272,0.0007168866636322259,0.000855779451342244,0.0007627499148307146,0.001306138852607254,0.000856574846440225,0.0009721505809253322,0.0008894129080928504,0.0010305631071421389,0.0005686419358196188,0.0009176293553682254,0.0009816765269548596,0.0009828804074803752,0.0009650000076225973,0.0008420077479979748,0.0013572830138704162,0.0009855911321593788
048,0.001,0.0009439659170961919,0.000944515556431724,0.0008396501457725949,0.0015879629629629631,0.0009015777610818934,0.0008064974965862541,0.0009627518827600247,0.0009322498959042068,0.0010047221943132723,0.0009588418603811062,0.0009721505809253322,0.000983035319471045,0.001051174369284982,0.0006041820568083449,0.0009385717639912572,0.0009816765269548596,0.0009909588765829537,0.0009543805869873984,0.0009762118050706322,0.0012160931901558684,0.0009970464829175357
049,0.001,0.0010074074271675467,0.001007338838854935,0.0011195335276967932,0.0015879629629629631,0.0009015777610818934,0.0008363677742375969,0.0009805806213296548,0.001129999873823281,0.0009042499748819451,0.001010009777708073,0.0009721505809253322,0.000983035319471045,0.0012263700974991453,0.0008529629037294281,0.0008922314199414151,0.0009816765269548596,0.0009645333065407414,0.0009101556164732734,0.000817538362068019,0.0010437448598462381,0.0009968126221878437
050,0.001,0.000932498537227197,0.0009331543578519085,0.0016793002915451898,0.0011342592592592593,0.001090909090909091,0.0007510241238051891,0.0009403623040911866,0.0008744046642680149,0.0011051944137445997,0.001026313950772998,0.001056839102569329,0.0008871893758226182,0.0010510733336862425,0.001157592512204224,0.0009628020798855596,0.000998561223893368,0.0010477817169266984,0.0009695314558158248,0.0008811256488716516,0.0011091012398405148,0.0010033102418692218
051,0.001,0.0009453017208046872,0.0009458359572791147,0.0002798833819241983,0.00048611111111111115,0.0009917355371900827,0.0007197314519799729,0.0007139787864396047,0.0007869641978412133,0.0011051944137445997,0.0009542454351500606,0.0011489052320026653,0.0009338835534974929,0.0009470066669846341,0.0007717283414694826,0.0009940113434296234,0.001028449201487384,0.0010477817169266984,0.0009436594680679293,0.0009549279579218325,0.0007123393585140637,0.0010024164042488964
052,0.001,0.0009698411559948766,0.0009701423561812594,0.0011195335276967932,0.0011342592592592593,0.0013884297520661156,0.0010639508420573513,0.001097089354773051,0.0010667736904069781,0.0011051944137445997,0.0009988833558187747,0.001056839102569329,0.0007714690224544505,0.0011447333337176898,0.0009646604268368532,0.001148110903294066,0.000989596725847038,0.0011219397836498208,0.0009652548715246559,0.0010052499099177234,0.0013143170232070036,0.0010009696801649723
053,0.001,0.0010018491149386018,0.0010018463547492745,0.0005597667638483966,0.0012962962962962963,0.0011900826446280992,0.0008449021392808378,0.0008358776036366104,0.0007869641978412133,0.0009042499748819451,0.001037997662241844,0.0013060721590286849,0.0008449422626882079,0.0011967666670684937,0.0012058255335460667,0.0011477247695044705,0.001028449201487384,0.001047143798073166,0.001003303622932479,0.0010269558974527189,0.001092802760236492,0.0010845620145381236
054,0.001,0.0009591718363469681,0.0009595743566585877,0.0002798833819241983,0.00048611111111111115,0.0005950413223140496,0.00046939007737824317,0.0007662211366668928,0.0008656606176253347,0.0009042499748819451,0.0008996468080755811,0.0011084222018669146,0.001182919167763491,0.000957413333654795,0.001012893448178696,0.000966879009147373,0.001028449201487384,0.0010558716878419482,0.0008784379654260731,0.0008719071834263789,0.0008938468578061939,0.0009964991620155662
055,0.001,0.0010167861624456737,0.0010166415540810148,0.0013994169096209913,0.0009722222222222223,0.0011900826446280992,0.0009074874829312702,0.0008707058371214691,0.0008918927575533752,0.0014066110720385814,0.001063816946035879,0.001056839102569329,0.0008449422626882079,0.0012592066670894587,0.0008681943841531679,0.0011404976320758728,0.000998561223893368,0.0009536886860306935,0.001015990267986567,0.0009734486093045976,0.0015337006401270137,0.0010142965692840175
056,0.001,0.0009239630815088703,0.0009246999582337713,0.0013994169096209913,0.0009722222222222223,0.0012892561983471075,0.0009074874829312702,0.0009229481873487573,0.0009356129907667759,0.0007033055360192907,0.0009012385702447995,0.0011084222018669146,0.0008065357962023803,0.0010406666670160815,0.0008199613628113252,0.000973024971965103,0.000998561223893368,0.0009828804074803752,0.0009000466894687284,0.0007743803154949682,0.0011837625504010653,0.0009928299987199498
057,0.001,0.0009100929659665893,0.0009109615588542981,0.0011195335276967932,0.0009722222222222223,0.0011900826446280992,0.0007510241238051891,0.0008358776036366104,0.000708267778057092,0.0009042499748819451,0.0010085346268963197,0.0010076565471517406,0.0008449422626882079,0.0010406666670160815,0.0007717283414694826,0.0010305170754543074,0.000989596725847038,0.0009909588765829537,0.0009966016697050288,0.0008529533961963352,0.0013264131702327485,0.0009870172148304754
058,0.001,0.0009207622856144978,0.0009215295583769697,0.0008396501457725949,0.0011342592592592593,0.0009917355371900827,0.0008449021392808378,0.0009403623040911866,0.0008656606176253347,0.000803777755450618,0.0008545100520962689,0.001056839102569329,0.0009338835534974929,0.0010614800003564033,0.0008199613628113252,0.001054035841022259,0.000989596725847038,0.0009645333065407414,0.000985634486023432,0.0009889020338847917,0.001188434546936063,0.00100525443330007
059,0.001,0.0009826443395723667,0.0009828239556084655,0.0011195335276967932,0.0011342592592592593,0.0009917355371900827,0.0008761948111060539,0.0009577764208336161,0.0010492855971216178,0.000803777755450618,0.0009440393081792763,0.001056839102569329,0.0009338835534974929,0.0012383933337491372,0.001157592512204224,0.0010019946595295126,0.000989596725847038,0.0009591747881710708,0.0009399612434235525,0.0008281659214000287,0.0010200060814987558,0.0010048294643934304
060,0.001,0.0009015220680638652,0.0009024724118454399,0.0011195335276967932,0.0011342592592592593,0.000793388429752066,0.0008534365043240783,0.0011642580907795645,0.0009801019313773354,0.0019089721691952176,0.0010459643742296596,0.0009721505809253322,0.0010437522068501388,0.0009490273789594228,0.001218518433899183,0.0008372771714225054,0.001039887471598992,0.0010477817169266984,0.0009206903391065484,0.0008176920193838867,0.001052236652616726,0.0009941321035721248
061,0.001,0.0009138999454285865,0.0009147370425839963,0.00018658892128279887,0.00048611111111111115,0.0007212622088655145,0.0008178766499772418,0.0008839737355918916,0.0008820917382396018,0.001306138852607254,0.0008726873839579902,0.0009269092100256741,0.0010986865335264621,0.0008550642721317571,0.0008123456225994554,0.0008644175406097628,0.0010710123868348028,0.0011219397836498208,0.0008961216786158719,0.0008861811834431962,0.0006758170987508472,0.0009673189386074735
062,0.001,0.0009376242103776355,0.0009382442514995627,0.0007463556851311955,0.0011342592592592593,0.0010097670924117202,0.0012090350477924443,0.0013583011059094918,0.0011957243562803492,0.0007033055360192907,0.0009476571847600032,0.0009721505809253322,0.0009076106146522947,0.001033594175104322,0.0010154320282493193,0.000998426436411161,0.0010305519706957965,0.001047143798073166,0.0009166291920260333,0.0009328803785007363,0.001246930843910502,0.0009859602712222466
063,0.001,0.0009685689037894386,0.0009689058283459536,0.00037317784256559773,0.0012962962962962963,0.0008655146506386174,0.0009601160673645882,0.001034896080692946,0.0008820917382396018,0.0010047221943132723,0.0010464173099345281,0.001150264079588181,0.0009940497208096562,0.0010805757285181547,0.0012692900353116492,0.000998090644648869,0.0010710123868348028,0.0010558716878419482,0.0009527611995293608,0.0009530237176521283,0.001036773810267235,0.0010579995999602304
064,0.001,0.000927309312573701,0.000928023725884099,0.00018658892128279887,0.00048611111111111115,0.0004327573253193087,0.000533397815202549,0.0009486547406352006,0.0009703009120635622,0.0005023610971566361,0.0008761015184721218,0.0010196001310282415,0.0013916696091335185,0.0008644605828145238,0.0010662036296617853,0.0008408225727793726,0.0010710123868348028,0.0009536886860306935,0.0008341857743972302,0.0008091372058505177,0.0008480185503581391,0.000999135507011714
065,0.001,0.0009830097607149467,0.0009832145642076028,0.0009329446064139942,0.0009722222222222223,0.0008655146506386174,0.0010312357760582614,0.001078016750721819,0.0009997039700048822,0.0006028333165879634,0.0009118797019589236,0.0010153781661807106,0.0009940497208096562,0.0011369535926147542,0.0009138888254243873,0.0009918057421646356,0.001039887471598992,0.0009828804074803752,0.000964808742151012,0.0009033685038314648,0.0014550664715832799,0.0010110480206384261
066,0.001,0.0008932701498207176,0.000894295991353069,0.0009329446064139942,0.0009722222222222223,0.0009376408715251689,0.0010312357760582614,0.001142697755765128,0.0010487090665737488,0.0005023610971566361,0.0008224831423358481,0.0010196001310282415,0.0009488656425910355,0.0009396310682766562,0.0008631172240119213,0.0008461672583291883,0.001039887471598992,0.0009909588765829537,0.0008547059373554823,0.0007186314514383715,0.001123070012712427,0.0009798578514804816
067,0.001,0.0008798607826756029,0.0008810093080529663,0.0007463556851311955,0.0009722222222222223,0.0008655146506386174,0.0008534365043240783,0.001034896080692946,0.0007938825644156417,0.000803777755450618,0.0009491560898746673,0.0009269092100256741,0.0009940497208096562,0.0009396310682766562,0.0008123456225994554,0.0008961638534697936,0.0010305519706957965,0.0009645333065407414,0.0009463968638983264,0.0007915479317498786,0.0012584068109356224,0.000976479488587396
068,0.001,0.0008901756804795373,0.0008912298336684299,0.0005597667638483966,0.0011342592592592593,0.0007212622088655145,0.0009601160673645882,0.0011642580907795645,0.0009703009120635622,0.0010047221943132723,0.0009138003797464126,0.0009269092100256741,0.0010986865335264621,0.0009584236896421893,0.0008631172240119213,0.000916616370058067,0.0010305519706957965,0.0009591747881710708,0.0009359821630629042,0.0009177094119273273,0.0011275024719131126,0.000988120282337756
069,0.001,0.0009500020877423568,0.000950508882238119,0.0007463556851311955,0.0011342592592592593,0.0007212622088655145,0.0009956759217114248,0.001185818425794001,0.0011761223176528024,0.0010047221943132723,0.0009522463505094611,0.0010196001310282415,0.0010986865335264621,0.001118160971249221,0.001218518433899183,0.0008713600352951517,0.0010305519706957965,0.000997840535448113,0.0008926097557365277,0.0007685449464803266,0.0009677094806956393,0.0010069282307774373
070,0.001,0.0008459780543916839,0.0008474565086614271,0.0011195335276967932,0.0006805555555555556,0.000793388429752066,0.0005461993627674102,0.00080602483207816,0.000605357075262472,0.0010047221943132723,0.0009358049372754354,0.0010649376049291118,0.0010437522068501388,0.000877595210650649,0.0009748147471193463,0.0008569165929999893,0.0009905692779898657,0.0011219397836498208,0.0008668610390752915,0.0007745777280159041,0.0008449342141092468,0.000965782995941366
071,0.001,0.0008575933137197161,0.0008589734714065429,0.00018658892128279887,0.0002916666666666667,0.0007212622088655145,0.0005234410559854347,0.0006119818169482326,0.0005448213677362246,0.0011051944137445997,0.0009437218951218828,0.0010153781661807106,0.0010986865335264621,0.000790704595734743,0.0006498764980795643,0.0008846935747337605,0.0010202180483180865,0.001047143798073166,0.000843728815723949,0.0008394556769663424,0.0005426735400203086,0.0009475348013450745
072,0.001,0.0008798558940984447,0.0008810476500013478,0.0007463556851311955,0.0006805555555555556,0.0010097670924117202,0.0007737824305871644,0.0009403623040911867,0.0007385356318202157,0.0011051944137445997,0.0009184083755747397,0.0010153781661807106,0.0009076106146522947,0.0009557967640749643,0.0008123456225994552,0.0010218458229274202,0.0009816765269548596,0.0010558716878419482,0.0008630373319845131,0.0008836925724604379,0.001001271463057333,0.0009470544792474953
073,0.001,0.0009088940424185254,0.0009098400568641369,0.00037317784256559773,0.0007777777777777778,0.0008655146506386174,0.0006144742831133364,0.0007164665174028089,0.0005448213677362246,0.0010047221943132723,0.0010485381416804713,0.001201411648228493,0.0009940497208096562,0.0009992420715329172,0.0010154320282493193,0.0010215021547339926,0.0010202180483180865,0.0009536886860306935,0.0008970568369557562,0.0009027738176049058,0.000832517725369787,0.0010171479930132508
074,0.001,0.0008701765113250844,0.0008714501810470847,0.00018658892128279887,0.0002916666666666667,0.0004327573253193087,0.0003413746017296314,0.0006567609742859082,0.0005993035045098472,0.0011051944137445997,0.0008993443210483445,0.0011122910520308088,0.0013916696091335185,0.0007993936572263338,0.0008529629037294281,0.0008605451563422604,0.0010202180483180865,0.0009828804074803752,0.0007854140707912056,0.0007664739825063546,0.0006809493716219247,0.0009808851625697128
075,0.001,0.0009224451783012296,0.0009232765134001052,0.0009329446064139942,0.0005833333333333334,0.0008655146506386174,0.0006599908966772874,0.0007463192889612593,0.0006174642167677214,0.001306138852607254,0.0010128329054927298,0.0010605279064639988,0.0009940497208096562,0.0010513764404824608,0.0007311110603395098,0.0010150698317136762,0.0009905692779898657,0.0009909588765829537,0.0009084000050891841,0.0008557367647860052,0.0011684020344535093,0.000973863920315104
076,0.001,0.0008382345481729957,0.0008397785334980167,0.0009329446064139942,0.0005833333333333334,0.0009376408715251689,0.0006599908966772874,0.0007910984462989349,0.0006477320705308449,0.0009042499748819451,0.0008685004333801765,0.0010649376049291118,0.0009488656425910355,0.0008689061491590583,0.000690493779209537,0.0008660152084209803,0.0009905692779898657,0.0009645333065407414,0.0008047344970283773,0.0006807403077693218,0.0009018126067183079,0.0009445891105050141
077,0.001,0.0008256513505676274,0.0008273018238574748,0.0007463556851311955,0.0005833333333333334,0.0008655146506386174,0.0005461993627674102,0.0007164665174028089,0.0004903392309626022,0.0009042499748819451,0.0009227476786179136,0.0009681250953901018,0.0009940497208096562,0.0008689061491590583,0.0006498764980795643,0.0009171845385207112,0.0009816765269548596,0.0009591747881710708,0.0008910646000832631,0.0007498121347111571,0.0010104865356889508,0.0009395053479419889
078,0.001,0.0008353307333409876,0.0008368992928117377,0.0005597667638483966,0.0006805555555555556,0.0007212622088655145,0.0006144742831133364,0.00080602483207816,0.0005993035045098472,0.000803777755450618,0.0008843957289284588,0.0009681250953901018,0.0010986865335264621,0.0008862842721422396,0.000690493779209537,0.0009381167954020529,0.0009816765269548596,0.000997840535448113,0.0008812588076203886,0.0008693215225520744,0.0009053718216743626,0.0009488370209139534
079,0.001,0.000891471153426477,0.0008925646127464635,0.0007463556851311955,0.0006805555555555556,0.0007212622088655145,0.0006372325898953119,0.0008209512178573852,0.0007264284903149662,0.0006028333165879634,0.0008837179443898164,0.0010649376049291118,0.0010986865335264621,0.0010339983174992796,0.0009748147471193463,0.0008917989146328724,0.0009816765269548596,0.0009828804074803752,0.0008404222217617545,0.0007280220234647516,0.0007770598444031431,0.0009684391500272693
080,0.001,0.0009581342358451269,0.0009585463131676067,0.0011195335276967932,0.0004537037037037037,0.000793388429752066,0.0007510241238051891,0.0009851414614288623,0.0008551869793390475,0.0006028333165879634,0.0010366223098233474,0.0009721505809253322,0.0010437522068501388,0.0010918917155769705,0.0009748147471193463,0.0009308912666038196,0.001039887471598992,0.001047143798073166,0.0009532338018429905,0.000990510743059975,0.0009719829936662173,0.0009819502038555738
081,0.001,0.000971289396978012,0.000971572990130247,0.00018658892128279887,0.00019444444444444446,0.0007212622088655145,0.0007197314519799729,0.0007479777762700622,0.0007696682814051427,0.0009042499748819451,0.0010215707331125848,0.0009269092100256741,0.0010986865335264621,0.0009837836249257852,0.0006498764980795643,0.0009610661400043418,0.0010710123868348028,0.0010558716878419482,0.0009277967176780322,0.0010734750513518166,0.000624272805153779,0.0009684771277384392
082,0.001,0.0009965034558160415,0.000996540787641974,0.0007463556851311955,0.0004537037037037037,0.0010097670924117202,0.0010639508420573513,0.0011493317050003393,0.001043328114793638,0.0011051944137445997,0.0009681476621995783,0.0009269092100256741,0.0009076106146522947,0.0011891889971630371,0.0008123456225994552,0.001110058271889176,0.0010305519706957965,0.0009536886860306935,0.0009490291061847742,0.0011300440936076034,0.0011518279386532053,0.000964771656157126
083,0.001,0.0010293913586482543,0.0010291074800485743,0.00037317784256559773,0.0005185185185185185,0.0008655146506386174,0.0008449021392808378,0.0008756812990478775,0.0007696682814051427,0.0006028333165879634,0.0009852948767473677,0.0011455010608697536,0.0009940497208096562,0.0012432430424886296,0.0010154320282493193,0.0011096849359980468,0.0010710123868348028,0.0009828804074803752,0.000986438264745121,0.0011544447155503099,0.0009576994959757775,0.001042389017699402
084,0.001,0.0009855408215386373,0.0009856852235064404,0.00018658892128279887,0.00019444444444444446,0.0004327573253193087,0.00046939007737824317,0.0008027078574605544,0.000846635109545657,0.0012056666331759268,0.0009282267186594287,0.0009721505809253322,0.0013916696091335185,0.0009945944339909039,0.0008529629037294281,0.0009348330713876594,0.0010710123868348028,0.0009909588765829537,0.0008636715770729816,0.0009801478747565014,0.0007833405225067977,0.0009899232171962321
085,0.001,0.00104473904663662,0.0010443052698383213,0.0009329446064139942,0.0003888888888888889,0.0008655146506386174,0.0009074874829312702,0.0009121680198415391,0.0008722907189258285,0.0011051944137445997,0.0010674493899702191,0.0010076565471517406,0.0009940497208096562,0.0013081078968793407,0.0007311110603395098,0.0011026973325690775,0.001039887471598992,0.0009645333065407414,0.0009989116495177325,0.001094294901717754,0.0013440891471664129,0.001002352375413908
086,0.001,0.0009493641284232035,0.00094986186185918,0.0009329446064139942,0.0003888888888888889,0.0009376408715251689,0.0009074874829312702,0.0009668981010320315,0.0009150500678927809,0.0010047221943132723,0.0008215570960947389,0.0009269092100256741,0.0009488656425910355,0.0010810809065118518,0.000690493779209537,0.0009407753343214668,0.001039887471598992,0.0009591747881710708,0.0008849170622489356,0.0008705137827893012,0.0010374139223703655,0.0009511255464066035
087,0.001,0.0009351127038625781,0.0009357496284829864,0.0007463556851311955,0.0003888888888888889,0.0008655146506386174,0.0007510241238051891,0.0008756812990478775,0.0006927014532646285,0.0010047221943132723,0.0010215707331125848,0.0009681250953901018,0.0009940497208096562,0.0010810809065118518,0.0006498764980795643,0.000996361937378187,0.0010305519706957965,0.000997840535448113,0.000979848970177674,0.0009588411179993093,0.0011624286383689509,0.0009766492027723694
088,0.001,0.0009460753381399823,0.0009466051926185199,0.0005597667638483966,0.0004537037037037037,0.0007212622088655145,0.0008449021392808378,0.0009851414614288623,0.000846635109545657,0.0009042499748819451,0.0009141972959904512,0.0008837732553866656,0.0010986865335264621,0.001102702524642089,0.000690493779209537,0.0010191012042803848,0.0010305519706957965,0.0009828804074803752,0.0009690661429330211,0.0011116667522402658,0.001041508319721448,0.0009669874646547141
089,0.001,0.0010096586169489267,0.0010095674646046142,0.0007463556851311955,0.0004537037037037037,0.0007212622088655145,0.0008761948111060539,0.001003384821825693,0.001026224375206857,0.0011051944137445997,0.0009390107688624237,0.0009269092100256741,0.0010986865335264621,0.0012864862787491038,0.0009748147471193463,0.0009687848595534393,0.0010305519706957965,0.0010206701656515782,0.0009241606595422367,0.0009309764654261933,0.0008939026745614967,0.0009761349659751707
090,0.001,0.000986974396790298,0.0009871122628977672,0.0022390670553935864,0.0013611111111111111,0.0009917355371900827,0.0008875739644970415,0.0012314268267860778,0.0009224488765904334,0.0011051944137445997,0.001019624193376999,0.0010153781661807106,0.0009338835534974929,0.0012449606476671999,0.0009138888254243872,0.0009672898536626333,0.000998561223893368,0.0010558716878419482,0.0009826429580510328,0.0009503044704259519,0.001097257028867346,0.0010158658188465703
091,0.001,0.0010005255326730022,0.001000527152087771,0.00037317784256559773,0.0005833333333333334,0.0009015777610818934,0.0008505917159763314,0.0009349722203375778,0.0008302039889313899,0.0007033055360192907,0.0008891819120939897,0.0010153781661807106,0.000983035319471045,0.0011216972172051008,0.0006092592169495916,0.0009986445885527412,0.001028449201487384,0.0009536886860306935,0.0009564210893135613,0.0010299011366993233,0.0007047322101820092,0.00099047126895954
092,0.001,0.0010264985431148524,0.0010262390230352779,0.001492711370262391,0.0013611111111111111,0.0012622088655146505,0.0012573964497041422,0.0014366646312504244,0.0011253876294403285,0.0014066110720385814,0.0009918709714036116,0.0011122910520308088,0.0008120726552152111,0.001355897735083089,0.0007615740211869893,0.0011534624309991039,0.000989596725847038,0.0009828804074803752,0.0009783085391799166,0.0010841739592002842,0.0013002812908957408,0.0010330934559019138
093,0.001,0.0010603763828216132,0.001059776246010287,0.0007463556851311955,0.0015555555555555557,0.001081893313298272,0.0009985207100591718,0.001094601623809847,0.0008302039889313899,0.0006028333165879634,0.001044823860997404,0.0011455010608697536,0.0008894129080928504,0.0014175294503141385,0.0009519675264837368,0.0011530744973784405,0.001028449201487384,0.0009909588765829537,0.0010168718445881676,0.0011075841243860679,0.0010811326024732894,0.0010738503282030503
094,0.001,0.0010152059298792653,0.0010150599487102748,0.00037317784256559773,0.0005833333333333334,0.000540946656649136,0.0005547337278106509,0.0010033848218256932,0.0009132243878245289,0.000803777755450618,0.0009353322122189038,0.0010649376049291118,0.0012451780713299905,0.001134023560251311,0.0007996527222463389,0.0009713857861408028,0.001028449201487384,0.0009645333065407414,0.0008903175607482114,0.0009403622460288662,0.0008843013714418625,0.0010063364607386766
095,0.001,0.0010761860413514347,0.0010754269500652912,0.0018658892128279884,0.0011666666666666668,0.001081893313298272,0.0010724852071005919,0.001140210024801924,0.000940897854122242,0.0010047221943132723,0.0010303902324289944,0.0010153781661807106,0.0008894129080928504,0.0014914875085913978,0.0006854166190682904,0.0011458136731116932,0.000998561223893368,0.0009591747881710708,0.0010297300580570667,0.001049875879038036,0.0015173220866651488,0.0010269565104223256
096,0.001,0.0009779403062018285,0.000978169003437765,0.0018658892128279884,0.0011666666666666668,0.0011720510894064613,0.0010724852071005919,0.0012086226262900395,0.0009870202979517637,0.0007033055360192907,0.0008860476693061399,0.0010649376049291118,0.0008489850486340845,0.00123263430462099,0.000647337918008941,0.0009775603962696932,0.000998561223893368,0.000997840535448113,0.0009122185113420381,0.0008351783614142883,0.0011711210232929513,0.00100236823252313
097,0.001,0.0009632599089955654,0.000963636206815261,0.001492711370262391,0.0011666666666666668,0.001081893313298272,0.0008875739644970415,0.001094601623809847,0.000747183590038251,0.0007033055360192907,0.0009093931728403795,0.0009681250953901018,0.0008894129080928504,0.00123263430462099,0.0006092592169495916,0.0010353204796062804,0.000989596725847038,0.0009828804074803752,0.0010100792571949098,0.0009199203615379557,0.001312248261871375,0.0009981963170920128
098,0.001,0.0009745525222311524,0.0009748152811402639,0.0011195335276967932,0.0013611111111111111,0.0009015777610818934,0.0009985207100591718,0.0012314268267860778,0.0009132243878245289,0.0009042499748819451,0.0009309098129183935,0.0010605279064639988,0.000983035319471045,0.0012572869907134098,0.000647337918008941,0.001058948869884845,0.000989596725847038,0.0010206701656515782,0.000998963758311684,0.0010665425808651303,0.001175743127076378,0.0010280926309535518
099,0.001,0.0010400496789975567,0.0010396539122252816,0.001492711370262391,0.0013611111111111111,0.0009015777610818934,0.0010355029585798817,0.0012542310272821164,0.0011069386519085198,0.0012056666331759268,0.0009818634437102475,0.0011122910520308088,0.000983035319471045,0.0014668348224989782,0.0009138888254243872,0.0010066651161599542,0.000989596725847038,0.0010156828000694171,0.0009526728515619253,0.0008931867757665443,0.0010091133272674795,0.00103998136121684
100,0.001,0.0010324194988857191,0.0010321194322888937,0.0013994169096209913,0.00175,0.0010413223140495866,0.0013982703686845701,0.0014361897007938123,0.0013365026336963665,0.0009042499748819451,0.000832631049042856,0.0008837732553866656,0.0009000471928635257,0.0010333975165282042,0.001157592512204224,0.0009924961841733285,0.0010091587548332996,0.0011386851535550421,0.0011589264558320835,0.001148736395978797,0.0012150599419773578,0.0010271538552228492
101,0.001,0.0010465945949802598,0.0010461459704400452,0.00023323615160349855,0.00075,0.0009466566491359878,0.001340009103322713,0.0010904403283804873,0.0012028523703267297,0.0006028333165879634,0.0009998326986917084,0.0009721505809253322,0.0009474180977510797,0.0009310809307333322,0.0007717283414694826,0.001024667983160328,0.0010393639275673887,0.0008540138651662815,0.001128000454528939,0.0012449535457369327,0.0007803931584719423,0.0010121795343047033
102,0.001,0.001073763529161463,0.0010730301685630856,0.0009329446064139942,0.00175,0.0013253193087903827,0.001980883022303141,0.0016755546509261145,0.001630533213109567,0.0010047221943132723,0.0010622519964163764,0.0010605279064639988,0.0007826497329248049,0.0011254824437435887,0.0009646604268368532,0.001183520179622583,0.001000099118358665,0.0010047221943132723,0.0011538144538997055,0.0013105590105743294,0.0014398811475383392,0.0010612178481336132
103,0.001,0.0011092012693978148,0.001108096513940964,0.0004664723032069971,0.002,0.0011359879789631852,0.0015730541647701413,0.0012766130673722777,0.0012028523703267297,0.0009042499748819451,0.0009687421843494038,0.0009269092100256741,0.0008571878027271673,0.0011766407366410245,0.0012058255335460667,0.0011831221369503033,0.0010393639275673887,0.0010181184902374493,0.0011992959123437738,0.0013388574240004304,0.0011972043766145142,0.001069047985882246
104,0.001,0.0010619509490826789,0.0010613413867704591,0.00023323615160349855,0.00075,0.0005679939894815926,0.0008739189804278563,0.0011702286450912544,0.0013231376073594028,0.0006028333165879634,0.0009965812016299275,0.0008837732553866656,0.0012000629238180342,0.0009413125893128195,0.001012893448178696,0.0009966988513881473,0.0010393639275673887,0.0010477817169266984,0.0010500381311330824,0.0011367181477464157,0.0009792410937515606,0.0009948366578880364
105,0.001,0.0011257388815081124,0.0011244608084506407,0.0011661807580174927,0.0015,0.0011359879789631852,0.0016895766954938556,0.0013298052785127893,0.001363232686370294,0.0010047221943132723,0.0010342977481498663,0.0009269092100256741,0.0008571878027271673,0.0012380306881179474,0.0008681943841531679,0.0011756721049341367,0.0010091587548332996,0.0010477817169266984,0.0012144608546473341,0.0012690991898319172,0.0016802237197673106,0.0010453501225348685
106,0.001,0.0010229694348226918,0.0010227684068547928,0.0011661807580174927,0.0015,0.001230653643876784,0.0016895766954938556,0.0014095935952235566,0.0014300578180551121,0.0010047221943132723,0.0009963950813179805,0.0010076565471517406,0.0008182247207850235,0.0010231658579487168,0.0008199613628113252,0.0010030343639219313,0.0010091587548332996,0.0011219397836498208,0.001075868053225435,0.0010095709435740084,0.0012968540689866298,0.0010257712848737752
107,0.001,0.0010076130807202728,0.0010075729905243789,0.0009329446064139942,0.0015,0.0011359879789631852,0.0013982703686845701,0.0012766130673722777,0.001082567133294057,0.0009042499748819451,0.0009861043671249854,0.0010153781661807106,0.0008571878027271673,0.0010231658579487168,0.0007717283414694826,0.0010622996008020965,0.001000099118358665,0.001047143798073166,0.0011912847530828239,0.0011120078181121901,0.001453132907770223,0.0010465889624613899
108,0.001,0.0010194256607990566,0.0010192617723170049,0.0006997084548104956,0.00175,0.0009466566491359878,0.0015730541647701413,0.0014361897007938123,0.0013231376073594028,0.0014066110720385814,0.0009424928019808184,0.0009269092100256741,0.0009474180977510797,0.0010436291751076913,0.0008199613628113252,0.0010865437165661937,0.001000099118358665,0.0010558716878419482,0.0011781751636638018,0.001289246045482431,0.001301972407723271,0.0010389990453218295
109,0.001,0.0010879386252560038,0.001087056706714237,0.0009329446064139942,0.00175,0.0009466566491359878,0.0016313154301319985,0.0014627858063640683,0.0016038031604356398,0.000803777755450618,0.0010043671106107252,0.0009681250953901018,0.0009474180977510797,0.001217567370958973,0.001157592512204224,0.0010328975154097091,0.001000099118358665,0.0009536886860306935,0.0011235797930287178,0.0010796920246729821,0.0011174530202316315,0.0010454883360550117
110,0.001,0.0010012318265235462,0.0010012304090315377,0.00489795918367347,0.003208333333333333,0.002082644628099173,0.0015293582157487485,0.0014589863627111745,0.001188002341063437,0.0006028333165879634,0.000938522285882448,0.0010076565471517406,0.000600031461909017,0.0010041504170038209,0.0009748147471193463,0.0009435531350865409,0.0009612979158362836,0.0008540138651662815,0.0010778468548449534,0.0010300043439440015,0.0015070031533407878,0.0010756533095936018
111,0.001,0.0010149787165902309,0.0010148371643071646,0.000816326530612245,0.001375,0.0018933132982719757,0.0014656349567592172,0.0011077489050214473,0.0010692021069570931,0.0015070832914699085,0.0010392584372722765,0.001056839102569329,0.0006316120651673864,0.0009047295836371058,0.0006498764980795643,0.0009741384434027047,0.0009900705638043936,0.0010047221943132723,0.0010490844661102928,0.0011162766014956107,0.0009678987102059443,0.001016809162993391
112,0.001,0.001041326922551377,0.0010409167785854494,0.00326530612244898,0.003208333333333333,0.0026506386175807655,0.0021665908056440605,0.0017021507564963703,0.001449362856097393,0.0005023610971566361,0.0011312471515211072,0.0010153781661807106,0.0005217664886165366,0.0010936291670338644,0.0008123456225994552,0.0011251571479352432,0.0009526679459533594,0.0010181184902374493,0.001073092493446914,0.0011751011621219908,0.0017858422904181832,0.001088983111898281
113,0.001,0.0010756941477180891,0.0010749336667745162,0.00163265306122449,0.003666666666666666,0.0022719759579263705,0.001720527992717342,0.0012968767668543773,0.0010692021069570931,0.0010047221943132723,0.0010130864200531625,0.0008837732553866656,0.0005714585351514448,0.0011433395837172219,0.0010154320282493193,0.0011247787339752535,0.0009900705638043936,0.0010477817169266984,0.0011153920256484666,0.001200474684592106,0.0014848574201330106,0.0010936953361009743
114,0.001,0.0010298711808291396,0.0010295778158557602,0.000816326530612245,0.001375,0.0011359879789631852,0.0009558488848429678,0.001188803702949846,0.0011761223176528026,0.0014066110720385814,0.0011267453647070048,0.0010076565471517406,0.0008000419492120227,0.0009146716669737775,0.0008529629037294281,0.0009475485558140983,0.0009900705638043936,0.0010477817169266984,0.0009765764612703336,0.0010192282878102507,0.0012145239631247617,0.0009852068282102451
115,0.001,0.0010917321861292212,0.0010908082145960809,0.004081632653061225,0.00275,0.0022719759579263705,0.0018479745106964043,0.001350913298806643,0.0012117623878847058,0.001708027730332563,0.0011306794938029082,0.0009721505809253322,0.0005714585351514448,0.0012029920837372508,0.0007311110603395098,0.0011176960860241139,0.0009612979158362836,0.0011219397836498208,0.001129496014114294,0.0011379265800217713,0.002083932122629807,0.0010737680145384825
116,0.001,0.000992067233145756,0.0009921592388477867,0.004081632653061225,0.00275,0.002461307287753568,0.0018479745106964043,0.0014319680967350417,0.0012711625049378775,0.0014066110720385814,0.0009413681966109719,0.0010076565471517406,0.0005454831471900155,0.0009942083336671494,0.000690493779209537,0.000953571644677267,0.0009612979158362836,0.001047143798073166,0.0010005992973597415,0.0009052228701388394,0.0016084500063471778,0.0010516641464285521
117,0.001,0.0009771747689068476,0.000977418587299191,0.00326530612244898,0.00275,0.0022719759579263705,0.0015293582157487485,0.0012968767668543773,0.000962281896261384,0.0009042499748819451,0.001029119088109199,0.0009681250953901018,0.0005714585351514448,0.0009942083336671494,0.0006498764980795643,0.0010099143298700603,0.0009526679459533594,0.0010558716878419482,0.001107941334735662,0.0009970719889825688,0.0018022780593599731,0.00105619732077289
118,0.001,0.000988630510629085,0.00098875755002888,0.002448979591836735,0.003208333333333333,0.0018933132982719757,0.001720527992717342,0.0014589863627111745,0.0011761223176528026,0.000401888877725309,0.0009463562133031782,0.0009269092100256741,0.0006316120651673864,0.0010140925003404924,0.000690493779209537,0.0010329628934830967,0.0009526679459533594,0.0009536886860306935,0.0010957489047048396,0.0011559910802060459,0.0016147981315297365,0.001055934439953406
119,0.001,0.0010550738126180617,0.0010545235338610761,0.00326530612244898,0.003208333333333333,0.0018933132982719757,0.0017842512517068732,0.0014860046286873075,0.0014256028092761242,0.0011051944137445997,0.0011060429976419764,0.0009681250953901018,0.0006316120651673864,0.0011831079170639078,0.0009748147471193463,0.000981962152025491,0.0009526679459533594,0.0009828804074803752,0.0010449730783079264,0.0009680963182047486,0.0013859441555276262,0.0010629098103804527
120,0.001,0.0009872511458094686,0.0009873836055023782,0.003498542274052479,0.00175,0.0016198347107438012,0.0014419663177059627,0.001345003053124364,0.001128602224010265,0.000803777755450618,0.0010125793274610923,0.0009269092100256741,0.0007043847596323243,0.0010236484833534099,0.001218518433899183,0.0010240626117342937,0.000969053699415705,0.0010047221943132723,0.0009339364063345759,0.0009740768964535671,0.0014371161690673502,0.000977677698413797
121,0.001,0.0010008060814498732,0.0010008021822475975,0.0005830903790087463,0.00075,0.001472577009767092,0.0013818843878015477,0.0010212060218166468,0.0010157420016092384,0.000803777755450618,0.0011270776889627805,0.001056839102569329,0.0007414576417182361,0.0009222971483679235,0.0008123456225994554,0.0010572576375894901,0.000998058486065249,0.0010181184902374493,0.0009090142739818204,0.001055664720213739,0.0009230125918269029,0.00096909518955249
122,0.001,0.001026786374760649,0.0010265211210092676,0.0023323615160349854,0.00175,0.0020616078136739286,0.0020427856167501137,0.0015691702286450915,0.0013768947132925234,0.001607555510901236,0.0010756858949666304,0.0009681250953901018,0.0006125084866368037,0.0011148646848403473,0.0010154320282493193,0.0012211621419925586,0.000960354102648538,0.0010477817169266984,0.0009298168311105619,0.0011112952093345733,0.001703024194259182,0.0009920802545872766
123,0.001,0.0010606737138616604,0.0010600675628723154,0.0011661807580174927,0.002,0.0017670924117205104,0.0016222121074192081,0.001195558269443879,0.0010157420016092384,0.000803777755450618,0.0009749706183095843,0.0009681250953901018,0.0006708426282212613,0.0011655403523330903,0.0012692900353116492,0.0012207514395384267,0.000998058486065249,0.0010477817169266984,0.0009664686735465956,0.001135290993590342,0.001415997440020105,0.0010201987845267044
124,0.001,0.0010154905950603115,0.0010153389737215847,0.0005830903790087463,0.00075,0.0008835462058602552,0.0009012289485662268,0.0010959284136568893,0.0011173162017701624,0.0010047221943132723,0.001027037534424447,0.0010076565471517406,0.0009391796795097658,0.0009324322818664723,0.0010662036296617853,0.0010283989451458342,0.000998058486065249,0.0011219397836498208,0.0008461872914969455,0.0009638859614575258,0.0011582006456038602,0.0009488272021199886
125,0.001,0.0010764878054421324,0.0010757225690750712,0.0029154518950437317,0.0015,0.0017670924117205104,0.0017423759672280383,0.001245373197337374,0.0011511742684904703,0.0010047221943132723,0.0011212643805063934,0.0010153781661807106,0.0006708426282212613,0.001226351153324382,0.0009138888254243873,0.0012130644586052614,0.000969053699415705,0.001047143798073166,0.0009786895454112295,0.001076139142496559,0.0019872901672640993,0.0010063551943947338
126,0.001,0.000978214522049199,0.0009784378876722321,0.0029154518950437317,0.0015,0.0019143501126972196,0.0017423759672280383,0.0013200955891776167,0.0012076043796909834,0.001306138852607254,0.0010854823259329417,0.0011038324421855526,0.0006403497814839313,0.0010135133498548612,0.0008631172240119213,0.001034935959207431,0.000969053699415705,0.0010558716878419482,0.0008670026801641355,0.0008560708400192629,0.0015338584435830248,0.0009964015850762594
127,0.001,0.0009635300084387606,0.0009639010961982447,0.0023323615160349854,0.0015,0.0017670924117205104,0.0014419663177059627,0.001195558269443879,0.0009141678014483147,0.0009042499748819451,0.0009485772237997766,0.0009681250953901018,0.0006708426282212613,0.0010135133498548612,0.0008123456225994554,0.0010960861321071935,0.000960354102648538,0.0009536886860306935,0.0009600127735599362,0.0009429327111864382,0.001718697757545987,0.000979973927788772
128,0.001,0.0009748257881390978,0.0009750832434859272,0.0017492711370262395,0.00175,0.001472577009767092,0.0016222121074192081,0.001345003053124364,0.0011173162017701624,0.0012056666331759268,0.0009020574042891294,0.0009269092100256741,0.0007414576417182361,0.0010337836168519585,0.0008631172240119213,0.0011211013340842663,0.000960354102648538,0.0009828804074803752,0.0009494482353453582,0.0010932227716860296,0.001539912175669049,0.0009767312885603857
129,0.001,0.0010403413104010536,0.0010399396977544867,0.0023323615160349854,0.00175,0.001472577009767092,0.0016822940373236233,0.0013699105170711116,0.001354322668812318,0.0012056666331759268,0.0011004552032476426,0.0010153781661807106,0.0007414576417182361,0.0012060808863272848,0.001218518433899183,0.0010657489108286636,0.000960354102648538,0.0009909588765829537,0.0009054518247044209,0.0009155303690217008,0.0013216712592257838,0.0009951040930725517
130,0.001,0.0009990809525675342,0.0009991001315655132,0.003498542274052479,0.0026249999999999997,0.0016198347107438012,0.001223486572598999,0.0011854264197028292,0.0010098019899039215,0.0009042499748819451,0.0009389782112364631,0.0008837732553866656,0.0007043847596323243,0.0009749033174794379,0.0010966665905092648,0.0009557716557956191,0.0009612979158362836,0.0010181184902374493,0.0011779972722173546,0.0011189169029405558,0.0013528841720151954,0.0010407250105932738
131,0.001,0.001012798311184022,0.0010126779362980005,0.0005830903790087463,0.001125,0.001472577009767092,0.001172507965407374,0.000900045985329926,0.0009088217909135293,0.0009042499748819451,0.0009791425270459602,0.0010153781661807106,0.0007414576417182361,0.0008783782365408795,0.0007311110603395099,0.0009867530278936285,0.0009900705638043936,0.0010477817169266984,0.001146562365375455,0.0012126363981998737,0.0008689131421183095,0.0010132299878934637
132,0.001,0.0010390899151989572,0.0010387020620352676,0.0023323615160349854,0.0026249999999999997,0.0020616078136739286,0.0017332726445152484,0.001382997489653301,0.0012319584276827842,0.0011051944137445997,0.0010648926212928362,0.0010153781661807106,0.0006125084866368037,0.0010617758903241404,0.0009138888254243872,0.0011397273458412184,0.0009526679459533594,0.0010477817169266984,0.0011728011492868557,0.0012765388424758627,0.0016032068433739837,0.0010738568567306647
133,0.001,0.0010733833117401769,0.0010726465738664854,0.0011661807580174927,0.003,0.0017670924117205104,0.0013764223941738739,0.0010537123730691815,0.0009088217909135293,0.0012056666331759268,0.0009749706183095843,0.0008837732553866656,0.0006708426282212613,0.0011100384307934194,0.0011423610317804842,0.0011393440316179208,0.0009900705638043936,0.0011219397836498208,0.0012190310318768707,0.0013041026710615192,0.0013330032501551084,0.0010802711911283758
134,0.001,0.0010276587830185505,0.0010273872247581947,0.0005830903790087463,0.001125,0.0008835462058602552,0.0007646791078743744,0.0009659030086467497,0.0009997039700048822,0.0015070832914699085,0.0010848963583527805,0.0010076565471517406,0.0009391796795097658,0.0008880307446347355,0.0009595832666956066,0.0009598188151366003,0.0009900705638043936,0.001047143798073166,0.0010673171260991562,0.001107210630606868,0.0010903163955577277,0.000998646912288464
135,0.001,0.001089386896792746,0.0010884873460543871,0.0029154518950437317,0.00225,0.0017670924117205104,0.0014783796085571237,0.0010976170552803974,0.001029998029702,0.0010047221943132723,0.0010696190290198468,0.0009721505809253322,0.0006708426282212613,0.0011679534793565542,0.0008224999428819485,0.0011321696670718718,0.0009612979158362836,0.0010558716878419482,0.0012344455222244065,0.0012361552571868782,0.0018708114697768953,0.0010665715359000746
136,0.001,0.0009899360468232088,0.0009900482617438552,0.0029154518950437317,0.00225,0.0019143501126972196,0.0014783796085571237,0.0011634740785972212,0.001080488129197196,0.0005023610971566361,0.0010043173931584951,0.001056839102569329,0.0006403497814839313,0.000965250809385582,0.0007768055016107292,0.0009659198998574169,0.0009612979158362836,0.0009536886860306935,0.0010935720947498906,0.000983363979270536,0.0014439562055599462,0.0010508535755795506
137,0.001,0.0009750755749886804,0.0009753389732836609,0.0023323615160349854,0.00225,0.0017670924117205104,0.001223486572598999,0.0010537123730691815,0.0008179396118221764,0.0009042499748819451,0.0009480506752031123,0.0010605279064639988,0.0006708426282212613,0.000965250809385582,0.0007311110603395099,0.0010229921934212002,0.0009526679459533594,0.0009828804074803752,0.001210888044278989,0.0010831417444796818,0.0016179617505597808,0.0010684334548677133
138,0.001,0.0009865067071690868,0.0009866538105607334,0.0017492711370262395,0.0026249999999999997,0.001472577009767092,0.0013764223941738739,0.0011854264197028292,0.0009997039700048822,0.000803777755450618,0.0010070026708400017,0.0009681250953901018,0.0007414576417182361,0.0009845558255732938,0.0007768055016107292,0.0010463392239052037,0.0009526679459533594,0.0009909588765829537,0.0011975627288564412,0.001255779130346443,0.0014496551173786877,0.0010583628711238284
139,0.001,0.0010528072738154451,0.0010522798667677547,0.0023323615160349854,0.0026249999999999997,0.001472577009767092,0.0014274010013654987,0.0012073787608084371,0.0012117623878847056,0.0012056666331759268,0.0010741349172769888,0.0010153781661807106,0.0007414576417182361,0.0011486484631688426,0.0010966665905092648,0.0009946780494603014,0.0009526679459533594,0.0009645333065407414,0.0011420689592904951,0.0010516648211074961,0.0012442056986766517,0.0010655115125000761
140,0.001,0.0009625160953153318,0.0009628854146430959,0.002099125364431487,0.0020416666666666665,0.0011570247933884298,0.0009176149294492491,0.0009802564624465705,0.0009702019118684735,0.0007033055360192907,0.0008777243707059802,0.0009721505809253322,0.0008526762879759718,0.0009944013838290267,0.0008529629037294281,0.0008536383860303183,0.0009612979158362836,0.0010477817169266984,0.0009902388463201607,0.000949778326413863,0.0011686873845899056,0.0010043809887387966
141,0.001,0.0009757314192784713,0.0009759710601422094,0.0003498542274052478,0.0008749999999999999,0.0010518407212622089,0.0008793809740555304,0.000744268795561285,0.0008731817206816261,0.0007033055360192907,0.0009585266912952229,0.0010196001310282415,0.0008975539873431282,0.0008959458012716971,0.0005686419358196188,0.0008813091045689781,0.0009900705638043936,0.0010477817169266984,0.0009638142809841886,0.001029330923327734,0.0007506095854351071,0.0009745082660535905
142,0.001,0.0010010607902078222,0.001001051880682177,0.0013994169096209913,0.0020416666666666665,0.0014725770097670922,0.0012999544833864362,0.001143632539520999,0.0011836463324795376,0.0011051944137445997,0.0010139109096687158,0.0011122910520308088,0.0007414576417182362,0.001083011408130623,0.0007108024197745234,0.0010179366652264092,0.0009526679459533594,0.0011219397836498208,0.000985870922134437,0.0010835736972269398,0.0013849283268267364,0.0010327105049259071
143,0.001,0.001034099100115671,0.0010337659944299603,0.0006997084548104956,0.002333333333333333,0.0012622088655146505,0.0010323167956304052,0.0008713390777302848,0.0008731817206816261,0.0009042499748819451,0.0009516982752955931,0.0009721505809253322,0.0008120726552152112,0.0011322391994092876,0.0008885030247181543,0.0010175943117647494,0.0009900705638043936,0.001047143798073166,0.001024732324177655,0.0011069709011791212,0.0011515132738622352,0.0010374511379172234
144,0.001,0.000990048020238539,0.0009901471760995822,0.0003498542274052478,0.0008749999999999999,0.0006311044327573253,0.0005735093309057807,0.0007987274879194278,0.0009604998927497888,0.0015070832914699085,0.001034408090898156,0.0009269092100256741,0.0011369017173012957,0.0009057913595274302,0.0007463425407632496,0.0008572530679963438,0.0009900705638043936,0.0010558716878419482,0.0008971997682276189,0.0009398416066124055,0.0009418685228623854,0.0009552765480446214
145,0.001,0.001049516978072667,0.0010490325808455926,0.0017492711370262393,0.0017499999999999998,0.0012622088655146505,0.0011087847064178427,0.0009076448726357133,0.000989605950105843,0.000803777755450618,0.001024509221167935,0.0009721505809253322,0.0008120726552152112,0.0011913125489436854,0.000639722177797071,0.0010111865961406818,0.0009612979158362836,0.0009536886860306935,0.0010376899323982797,0.0010492946064834148,0.001616098265395184,0.0010107332163528913
146,0.001,0.0009537058793399053,0.0009541616509770204,0.0017492711370262393,0.0017499999999999998,0.0013673929376408715,0.0011087847064178427,0.0009621035649938562,0.0010381160456992666,0.0010047221943132723,0.0010591834718785746,0.0011084222018669146,0.0007751602617963381,0.0009845558255732936,0.0006041820568083449,0.0008627021939277636,0.0009612979158362836,0.0009828804074803752,0.0009192700144667615,0.0008347159579346041,0.0012473598525619112,0.0010076329901725174
147,0.001,0.0009393892783798375,0.0009399855350196476,0.0013994169096209913,0.0017499999999999998,0.0012622088655146505,0.0009176149294492491,0.0008713390777302848,0.0007858635486134635,0.0009042499748819451,0.0008882267386796452,0.0010649376049291118,0.0008120726552152112,0.0009845558255732936,0.0005686419358196188,0.0009136757714234062,0.0009526679459533594,0.0009909588765829537,0.0010178872296815126,0.0009194110399416836,0.001397674335868405,0.0010140407246014855
148,0.001,0.0009504020483491204,0.000950890239602242,0.0010495626822157435,0.0020416666666666665,0.0010518407212622089,0.0010323167956304052,0.0009802564624465705,0.0009604998927497888,0.0007033055360192907,0.0010163703392653267,0.0009721505809253322,0.0008975539873431282,0.0010042469420847597,0.0006041820568083449,0.0009345279501840067,0.0009526679459533594,0.0009645333065407414,0.0010066858073335318,0.0010659520806517529,0.0012522828507654698,0.0010060577171396648
149,0.001,0.0010142761141709617,0.0010141375261812902,0.0013994169096209913,0.0020416666666666665,0.0010518407212622089,0.001070550751024124,0.0009984093598992849,0.0011642422942421682,0.001708027730332563,0.0011504074342192103,0.0010153781661807106,0.0008975539873431282,0.0011716214324322195,0.0008529629037294281,0.0008883872623887963,0.0009526679459533594,0.0009591747881710708,0.0009600370691327187,0.0008926922554434569,0.001074805614520812,0.001014151311084191
150,0.001,0.0009388564817992006,0.0009394523625168259,0.002099125364431487,0.0014583333333333332,0.0012727272727272726,0.0009613108784706419,0.0009574598005292082,0.0009009017753064397,0.0006028333165879634,0.0008455360819173607,0.0009269092100256741,0.0008100424735771731,0.0010041504170038209,0.001157592512204224,0.0009586538703467022,0.000969053699415705,0.0010477817169266984,0.001022667025755518,0.0009621249342117983,0.001142106931983542,0.0009822322138803772
151,0.001,0.0009517469598101737,0.0009522195520414036,0.0003498542274052478,0.000625,0.0011570247933884296,0.0009212562585343651,0.0007269602189203248,0.0008108115977757957,0.0009042499748819451,0.0009037199097037548,0.0011084222018669146,0.0008526762879759718,0.0009047295836371058,0.0007717283414694826,0.0009897286695315392,0.000998058486065249,0.0011219397836498208,0.0009953771130850107,0.0010427116721310884,0.0007335378323088071,0.00099205522087793
152,0.001,0.0009764537093312053,0.000976689998630177,0.0013994169096209913,0.0014583333333333332,0.0016198347107438014,0.0013618570778334094,0.001117036433950743,0.0010991001658738563,0.0015070832914699085,0.0009505754484492153,0.0010153781661807106,0.0007043847596323244,0.0010936291670338644,0.0009646604268368532,0.001143164295159114,0.000960354102648538,0.001047143798073166,0.0010181560615044796,0.0010976595729389426,0.0013534297222898646,0.0010014228969529616
153,0.001,0.0010086799043586378,0.0010086079724416206,0.0006997084548104956,0.0016666666666666666,0.0013884297520661156,0.001081474738279472,0.000851075378248185,0.0008108115977757957,0.0010047221943132723,0.0008832796436999892,0.0010153781661807106,0.0007714690224544507,0.0011433395837172219,0.0012058255335460667,0.0011427798250176376,0.000998058486065249,0.0010558716878419482,0.0010582900903722766,0.0011213609279679933,0.0011253234266840404,0.0010319429452400066
154,0.001,0.000965711644322061,0.0009660506740263624,0.0003498542274052478,0.000625,0.0006942148760330578,0.0006008192990441511,0.0007801524300608363,0.0008918927575533753,0.0010047221943132723,0.0009254339948650366,0.0009721505809253322,0.0010800566314362308,0.0009146716669737775,0.001012893448178696,0.0009627132342571247,0.000998058486065249,0.0009536886860306935,0.0009265811191830625,0.0009520590423932767,0.0009204468048191516,0.0009602943312554033
155,0.001,0.0010237187953714396,0.001023503026886961,0.0017492711370262393,0.00125,0.0013884297520661156,0.0011615839781520256,0.0008865368523418595,0.0009189198108125685,0.0009042499748819451,0.0009884788623890203,0.0010196001310282415,0.0007714690224544507,0.0012029920837372508,0.0008681943841531679,0.001135583825536336,0.000969053699415705,0.0009828804074803752,0.0010716720322231088,0.001062934872438583,0.0015793419660485996,0.0010122002012242176
156,0.001,0.0009302628297918853,0.0009309409028337744,0.0017492711370262393,0.00125,0.0015041322314049586,0.0011615839781520256,0.0009397290634823711,0.0009639648995778905,0.000803777755450618,0.0009415321837556024,0.0011084222018669146,0.0007364022487065211,0.0009942083336671494,0.0008199613628113252,0.0009688327173422922,0.000969053699415705,0.0009909588765829537,0.0009493741182286467,0.0008455668167810141,0.0012189900850079155,0.0009988551575226975
157,0.001,0.000916298145279998,0.0009171097808488154,0.0013994169096209913,0.00125,0.0013884297520661156,0.0009613108784706419,0.000851075378248185,0.0007297304379982162,0.0007033055360192907,0.0009551345894659942,0.0010153781661807106,0.0007714690224544507,0.0009942083336671494,0.0007717283414694826,0.0010260771174902955,0.000960354102648538,0.0009645333065407414,0.0010512208338435114,0.0009313628893359657,0.0013658858379916035,0.0009947676607662778
158,0.001,0.0009270402102891421,0.00092774910545263,0.0010495626822157435,0.0014583333333333332,0.0011570247933884296,0.001081474738279472,0.0009574598005292082,0.0008918927575533753,0.0006028333165879634,0.0008272512004961429,0.0009721505809253322,0.0008526762879759718,0.0010140925003404924,0.0008199613628113252,0.001049494553024059,0.000960354102648538,0.0009591747881710708,0.001039652589152435,0.0010798088848187764,0.0012238011152702125,0.0009929059217145767
159,0.001,0.0009893441873421783,0.0009894571881547544,0.0013994169096209913,0.0014583333333333332,0.0011570247933884296,0.001121529358215749,0.0009751905375760454,0.0010810821303677276,0.0007033055360192907,0.0009820450543605683,0.0010153781661807106,0.0008526762879759718,0.0011831079170639078,0.001157592512204224,0.0009976775897065657,0.000960354102648538,0.000997840535448113,0.0009914762057189285,0.0009042967749989094,0.0010503603949740562,0.0010007901381720217
160,0.001,0.000907668809437028,0.0009085633392594699,0.0013994169096209913,0.0014583333333333332,0.0009256198347107437,0.0010923987255348204,0.0011854264197028292,0.0010098019899039215,0.0007033055360192907,0.0009435253478126342,0.0009269092100256741,0.0009529911453849093,0.0009066600852558772,0.001218518433899183,0.0008336697829241601,0.0010091587548332996,0.0011219397836498208,0.0009711491515699668,0.0008928600380237389,0.0010835501141568747,0.0009868293405865365
161,0.001,0.0009201310814201451,0.0009209107459085229,0.00023323615160349855,0.000625,0.000841472577009767,0.0010468821119708695,0.000900045985329926,0.0009088217909135293,0.0010047221943132723,0.0009049346617650992,0.0009721505809253322,0.0010031485740893782,0.0008168917599830181,0.0008123456225994554,0.0008606932184853871,0.0010393639275673887,0.001047143798073166,0.0009452339955427133,0.0009676452091842515,0.0006959287083182225,0.0009710128465868575
162,0.001,0.0009440171027211195,0.0009445766086525408,0.0009329446064139942,0.0014583333333333332,0.0011780616078136737,0.0015475648611743289,0.001382997489653301,0.0012319584276827842,0.0009042499748819451,0.0009874334669616482,0.0010153781661807106,0.0008286879525086167,0.0009874515780014506,0.0010154320282493193,0.000994124740191456,0.001000099118358665,0.0010558716878419482,0.0009668654316544625,0.0010186373236800862,0.0012840382008220074,0.0009999252992034357
163,0.001,0.0009751727826789122,0.0009754451252751727,0.0004664723032069971,0.0016666666666666666,0.0010097670924117204,0.0012289485662266729,0.0010537123730691815,0.0009088217909135293,0.0007033055360192907,0.0009749706183095843,0.0009721505809253322,0.0009076106146522947,0.0010323357406378801,0.0012692900353116492,0.0009937903951798726,0.0010393639275673887,0.0009536886860306935,0.0010049776686802444,0.0010406323806627729,0.001067627113802045,0.0010249587292643525
164,0.001,0.0009336318760685219,0.0009342871031116633,0.00023323615160349855,0.000625,0.0005048835462058602,0.0006827492034592627,0.0009659030086467497,0.0009997039700048822,0.000803777755450618,0.0009867624281706144,0.0009721505809253322,0.0012706548605132123,0.0008258685925103041,0.0010662036296617853,0.0008371999090047946,0.0010393639275673887,0.0009828804074803752,0.0008799036686360337,0.0008835188056824412,0.0008732546949040795,0.0009778922957787437
165,0.001,0.0009897120999925488,0.0009898504330324012,0.0011661807580174927,0.00125,0.0010097670924117204,0.0013199817933545748,0.0010976170552803974,0.001029998029702,0.0006028333165879634,0.0009277325575248858,0.0010649376049291118,0.0009076106146522947,0.0010861967358015956,0.0009138888254243873,0.0009875325710464037,0.0010091587548332996,0.0009909588765829537,0.0010176854818271417,0.0009864125093065623,0.0014983677269453464,0.001023100549252927
166,0.001,0.0008993606281149498,0.0009003317348267682,0.0011661807580174927,0.00125,0.001093914350112697,0.0013199817933545748,0.0011634740785972212,0.001080488129197196,0.001607555510901236,0.0009408213663605821,0.0011084222018669146,0.000866355586713554,0.0008976832527285912,0.0008631172240119213,0.0008425215671058302,0.0010091587548332996,0.0009645333065407414,0.0009015484475595559,0.0007846931238729453,0.0011564914009167917,0.0010003795416477744
167,0.001,0.000885859833466573,0.0008869553776236276,0.0009329446064139942,0.00125,0.0010097670924117204,0.0010923987255348204,0.0010537123730691815,0.0008179396118221764,0.000803777755450618,0.00098422901595924,0.0010153781661807106,0.0009076106146522947,0.0008976832527285912,0.0008123456225994554,0.0008923027531221663,0.001000099118358665,0.0009591747881710708,0.0009982645330190367,0.00086431260142703,0.001295855680615366,0.0009970708121274541
168,0.001,0.0008962450601191705,0.0008972448831645049,0.0006997084548104956,0.0014583333333333332,0.000841472577009767,0.0012289485662266729,0.0011854264197028292,0.0009997039700048822,0.0015070832914699085,0.000968626465280204,0.0009269092100256741,0.0010031485740893782,0.0009156369177831631,0.0008631172240119213,0.0009126671505360241,0.001000099118358665,0.000997840535448113,0.0009872790502236048,0.0010020717348391956,0.0011610557654644007,0.0009896265372365191
169,0.001,0.0009564793747042366,0.0009569240153015936,0.0009329446064139942,0.0014583333333333332,0.000841472577009767,0.0012744651797906238,0.0012073787608084371,0.0012117623878847056,0.0014066110720385814,0.0010846145304850945,0.0010649376049291118,0.0010031485740893782,0.0010682430707470237,0.001218518433899183,0.0008676058015998736,0.001000099118358665,0.0009828804074803752,0.0009415296002864712,0.0008391950194822936,0.0009965075020632124,0.0010172480193742961
170,0.001,0.000851746086580718,0.0008531761251428316,0.0013994169096209913,0.000875,0.0009256198347107437,0.0006991351843422851,0.0008206798290250355,0.0006237012290583044,0.0011051944137445997,0.0007887590616157076,0.0009269092100256741,0.0009529911453849093,0.0008384168530323166,0.0009748147471193463,0.0008532245885274708,0.0009612979158362836,0.001047143798073166,0.0009143697146251957,0.000845782376853475,0.0008700785720364009,0.0009342892064244801
171,0.001,0.0008634405408587142,0.0008647708176702542,0.00023323615160349855,0.000375,0.000841472577009767,0.0006700045516613565,0.0006231087590745641,0.000561331106152474,0.0011051944137445997,0.0009143761864309922,0.0009721505809253322,0.0010031485740893782,0.0007554052834251565,0.0006498764980795643,0.0008808818938054096,0.0009900705638043936,0.0010558716878419482,0.0008899697202651121,0.000916624364537832,0.0005588229366242224,0.0009306612603981828
172,0.001,0.0008858549115582068,0.0008869939783478138,0.0009329446064139942,0.000875,0.0011780616078136737,0.0009904415111515704,0.0009574598005292082,0.0007609154994511313,0.0010047221943132723,0.0008941590341624013,0.0009681250953901018,0.0008286879525086167,0.0009131272656787607,0.0008123456225994552,0.0010174432248457742,0.0009526679459533594,0.0009536886860306935,0.0009103364476956598,0.0009649278275246308,0.0010310682538949491,0.0009373264606711828
173,0.001,0.000915091047253197,0.0009159807096663697,0.0004664723032069971,0.001,0.0010097670924117204,0.0007865270823850706,0.0007294931813555871,0.000561331106152474,0.0007033055360192907,0.0009128369178689903,0.0009269092100256741,0.0009076106146522947,0.0009546330504823406,0.0010154320282493193,0.001017101037338469,0.0009900705638043936,0.0009828804074803752,0.0009462204056197906,0.0009857631553269824,0.0008572925815868079,0.0009584983414878799
174,0.001,0.0008761095329932099,0.0008773317345749617,0.00023323615160349855,0.000375,0.0005048835462058602,0.00043695949021392815,0.0006687020829092882,0.0006174642167677214,0.0007033055360192907,0.000946469271808247,0.0009681250953901018,0.0012706548605132123,0.0007637064403858726,0.0008529629037294281,0.0008568375182921009,0.0009900705638043936,0.0009909588765829537,0.0008284590117673889,0.0008369336778907007,0.0007012137122586486,0.0009373699140325334
175,0.001,0.0009287345772441925,0.0009295078509483625,0.0011661807580174927,0.00075,0.0010097670924117204,0.0008447883477469278,0.0007598887305787366,0.0006361752536394705,0.0010047221943132723,0.0009628206625373072,0.0010153781661807106,0.0009076106146522947,0.0010044399922466368,0.0007311110603395098,0.0010106964278267408,0.0009612979158362836,0.0009645333065407414,0.0009581852407451206,0.000934402124801024,0.0012031724561816506,0.0009619953986828311
176,0.001,0.0008439497837287206,0.0008454463301245501,0.0011661807580174927,0.00075,0.001093914350112697,0.0008447883477469278,0.0008054820544134609,0.0006673603150923856,0.000803777755450618,0.0009282662401857438,0.001056839102569329,0.000866355586713554,0.0008301156960716005,0.000690493779209537,0.0008622840027833747,0.0009612979158362836,0.0009591747881710708,0.0008488383019057077,0.0007433187589835803,0.0009286496060821579,0.0009407577988808479
177,0.001,0.0008312807915942248,0.0008328854132198426,0.0009329446064139942,0.00075,0.0010097670924117204,0.0006991351843422851,0.0007294931813555871,0.0005051979955372265,0.0012056666331759268,0.0008940541782213591,0.0009681250953901018,0.0009076106146522947,0.0008301156960716005,0.0006498764980795643,0.0009132328710585511,0.0009526679459533594,0.000997840535448113,0.0009398997617425288,0.0008187401555090403,0.0010405575574438442,0.0009374702827780667
178,0.001,0.0008410261701592215,0.0008425476569926945,0.0006997084548104956,0.000875,0.000841472577009767,0.0007865270823850706,0.0008206798290250355,0.0006174642167677214,0.0010047221943132723,0.0008759392423891432,0.0008837732553866656,0.0010031485740893782,0.0008467180099930327,0.000690493779209537,0.0009340749418159955,0.0009526679459533594,0.0009828804074803752,0.00092955655879328,0.0009492356893314629,0.0009323147395503292,0.0009279223837162713
179,0.001,0.0008975493658362029,0.0008985886708752361,0.0009329446064139942,0.000875,0.000841472577009767,0.0008156577150659993,0.0008358776036366104,0.0007484414748699653,0.0006028333165879634,0.000940507201315932,0.0010153781661807106,0.0010031485740893782,0.000987837678325205,0.0009748147471193463,0.0008879566205189437,0.0009526679459533594,0.0010206701656515782,0.0008864819070617197,0.0007949469435235956,0.0008001843321232783,0.0009541598813655485
180,0.001,0.0009646669692713436,0.0009650156921091206,0.0013994169096209913,0.0005833333333333334,0.0009256198347107437,0.0009613108784706419,0.0010030531243639324,0.0008811017362887157,0.0010047221943132723,0.0009525545042364776,0.0009269092100256741,0.0009529911453849093,0.0010431465497029986,0.0009748147471193463,0.0009268805440343131,0.0010091587548332996,0.0010558716878419482,0.001005476172157925,0.0010815654778896068,0.0010009081903072546,0.0009676146373384886
181,0.001,0.0009779118246846803,0.0009781302881513737,0.00023323615160349855,0.00025,0.000841472577009767,0.0009212562585343651,0.000761577372202245,0.000792991562659844,0.0014066110720385814,0.0010790947319603327,0.0009721505809253322,0.0010031485740893782,0.0009398647130987411,0.0006498764980795643,0.0009569254097205927,0.0010393639275673887,0.0009536886860306935,0.000978644998139975,0.0011721564506520427,0.000642850510488535,0.0009692002617809105
182,0.001,0.0010032977975602418,0.0010032665972323587,0.0009329446064139942,0.0005833333333333334,0.0011780616078136737,0.0013618570778334094,0.0011702286450912544,0.001074944118272233,0.0010047221943132723,0.0010276158361712103,0.0009681250953901018,0.0008286879525086167,0.0011361002026468302,0.0008123456225994552,0.0011052756125988208,0.001000099118358665,0.0009828804074803752,0.0010010410364259164,0.0012339257183251273,0.001186105132636319,0.000971251340793805
183,0.001,0.0010364099360935831,0.0010360530873379913,0.0004664723032069971,0.0006666666666666666,0.0010097670924117204,0.001081474738279472,0.0008916027772123843,0.000792991562659844,0.0009042499748819451,0.0009351589651185596,0.0009681250953901018,0.0009076106146522947,0.0011877411209489587,0.0010154320282493193,0.0011049038852163737,0.0010393639275673887,0.0009909588765829537,0.0010405004192973412,0.001260569417565317,0.00098619963067426,0.0010014319059019165
184,0.001,0.000992260418049128,0.0009923377671971479,0.00023323615160349855,0.00025,0.0005048835462058602,0.0006008192990441511,0.0008173025457780189,0.0008722907189258284,0.0010047221943132723,0.0010649883118731877,0.0009269092100256741,0.0012706548605132123,0.0009501928967591669,0.0008529629037294281,0.0009308053656473161,0.0010393639275673887,0.0009645333065407414,0.0009110054528468939,0.0010702499816292348,0.0008066519166341139,0.0009661506849701023
185,0.001,0.0010518622674091423,0.0010513534493872866,0.0011661807580174927,0.0005,0.0010097670924117204,0.0011615839781520256,0.000928752892929567,0.0008987237710144899,0.0009042499748819451,0.001106280218662965,0.001056839102569329,0.0009076106146522947,0.001249710222911513,0.0007311110603395098,0.0010979463877082405,0.0010091587548332996,0.0009591747881710708,0.0010536574130493145,0.0011948902085324072,0.0013840878334996259,0.0010082612347159356
186,0.001,0.0009558370656624527,0.000956272628080952,0.0011661807580174927,0.0005,0.001093914350112697,0.0011615839781520256,0.0009844780665053412,0.0009427788578289256,0.000803777755450618,0.0009573054289915072,0.0010076565471517406,0.000866355586713554,0.0010328183660425728,0.000690493779209537,0.0009367220264845978,0.0010091587548332996,0.000997840535448113,0.0009334153055703864,0.000950537550540218,0.0010682862749714411,0.0009638975878054476
187,0.001,0.0009414884722980047,0.0009420651490351778,0.0009329446064139942,0.0005,0.0010097670924117204,0.0009613108784706419,0.0008916027772123843,0.0007136924063938597,0.001306138852607254,0.0010790947319603327,0.0010605279064639988,0.0009076106146522947,0.0010328183660425728,0.0006498764980795643,0.0009920691360027706,0.001000099118358665,0.0009828804074803752,0.0010335499957327464,0.001046984557487364,0.0011970212980812066,0.000992061741547715
188,0.001,0.0009525258518091184,0.0009529939790703886,0.0006997084548104956,0.0005833333333333334,0.000841472577009767,0.001081474738279472,0.0010030531243639324,0.0008722907189258284,0.0009042499748819451,0.0009871372337667706,0.0008837732553866656,0.0010031485740893782,0.0010534747333634242,0.000690493779209537,0.0010147104313219806,0.001000099118358665,0.0010206701656515782,0.001022176211208916,0.0012138590021006253,0.0010725025173026089,0.000961463546442517
189,0.001,0.0010165426529735785,0.0010163811932746118,0.0009329446064139942,0.0005833333333333334,0.000841472577009767,0.001121529358215749,0.0010216281822225236,0.0010573220835464587,0.0014066110720385814,0.0010895051278335076,0.0009681250953901018,0.0010031485740893782,0.0012290538555906616,0.0009748147471193463,0.0009646108733526847,0.001000099118358665,0.0010156828000694171,0.000974809664343529,0.0010165583894850192,0.000920504282622676,0.0009784889264069759
190,0.001,0.0009937037676775045,0.0009937744379004518,0.0027988338192419825,0.00175,0.0011570247933884298,0.0011360946745562132,0.0012538164054549156,0.0009504018728507496,0.0011051944137445997,0.0009204720951819056,0.0009269092100256741,0.0008526762879759718,0.0011893820473249143,0.0009138888254243872,0.0009631223086587006,0.000969053699415705,0.0009536886860306935,0.0010364971092599092,0.0010376631610492695,0.0011299102496876345,0.0010045742855573048
191,0.001,0.0010073472976685001,0.00100727986627509,0.0004664723032069971,0.00075,0.0010518407212622089,0.0010887573964497043,0.0009519717152528062,0.0008553616855656746,0.0009042499748819451,0.0009227476786179136,0.0010196001310282415,0.0008975539873431282,0.0010716214485798731,0.0006092592169495916,0.0009943419524297958,0.000998058486065249,0.0009828804074803752,0.0010088381402283818,0.0011245769143826503,0.0007257043032038213,0.0009893004747590093
192,0.001,0.0010334973968179082,0.001033165270659813,0.0018658892128279884,0.00175,0.0014725770097670922,0.001609467455621302,0.001462785806364068,0.0011594902848779144,0.0007033055360192907,0.0010342977481498663,0.0011122910520308088,0.0007414576417182362,0.0012953665861954512,0.0007615740211869893,0.0011484927659361113,0.000960354102648538,0.0009909588765829537,0.001031925140780998,0.0011838388775828974,0.001338976301274427,0.0010431941058034228
193,0.001,0.001067606221795397,0.0010669288415964082,0.0009329446064139942,0.002,0.0012622088655146505,0.00127810650887574,0.0011145034715154805,0.0008553616855656746,0.0007033055360192907,0.0009742345135475592,0.0009269092100256741,0.0008120726552152112,0.0013542468855679715,0.0009519675264837368,0.0011481065037180957,0.000998058486065249,0.0009645333065407414,0.0010726019239927118,0.0012094010702941214,0.0011133059772394688,0.0010377475120874188
194,0.001,0.0010221277884920785,0.0010219107470142812,0.0004664723032069971,0.00075,0.0006311044327573253,0.0007100591715976333,0.0010216281822225236,0.0009408978541222421,0.0010047221943132723,0.0010542846400939227,0.0009721505809253322,0.0011369017173012957,0.0010833975084543774,0.0007996527222463389,0.0009672005939105798,0.000998058486065249,0.0009591747881710708,0.0009391117806096661,0.001026806977250495,0.0009106172547706592,0.0009791388016657653
195,0.001,0.0010835236734515583,0.0010826851747001527,0.0023323615160349854,0.0015,0.0012622088655146505,0.0013727810650887577,0.0011609411161619587,0.0009694099103077647,0.0014066110720385814,0.0010491094483747031,0.0010196001310282415,0.0008120726552152112,0.0014249032448149961,0.0006854166190682904,0.001140876962537574,0.000969053699415705,0.000997840535448113,0.0010861648371358482,0.0011463878759443095,0.0015624760039770497,0.0010342055010293873
196,0.001,0.000984608081016841,0.0009847708189840267,0.0023323615160349854,0.0015,0.0013673929376408715,0.0013727810650887577,0.0012305975831316764,0.001016930003950302,0.0009042499748819451,0.001014310847188715,0.0011084222018669146,0.0007751602617963381,0.00117760598745041,0.000647337918008941,0.0009733486008806585,0.000969053699415705,0.0009828804074803752,0.0009622130218026716,0.0009119538479669059,0.001205972359283336,0.0010181980482035819
197,0.001,0.0009698275901932625,0.0009701399382448354,0.0018658892128279884,0.0015,0.0012622088655146505,0.0011360946745562132,0.0011145034715154805,0.0007698255170091072,0.001306138852607254,0.0009437218951218828,0.0010153781661807106,0.0008120726552152112,0.00117760598745041,0.0006092592169495916,0.0010308598262913358,0.000960354102648538,0.0010206701656515782,0.0010654370660554292,0.0010044859305346626,0.0013512993967819962,0.0010149638182713524
198,0.001,0.000981197198519092,0.0009813944618903671,0.0013994169096209913,0.00175,0.0010518407212622089,0.00127810650887574,0.0012538164054549156,0.0009408978541222421,0.000803777755450618,0.000987521184475092,0.0010153781661807106,0.0008975539873431282,0.0012011581071994183,0.000647337918008941,0.0010543864142202907,0.000960354102648538,0.0010156828000694171,0.0010537123776871366,0.0011645866985747202,0.0012107320120379917,0.0010251528387324109
199,0.001,0.0010471409268089037,0.0010466706990344512,0.0018658892128279884,0.00175,0.0010518407212622089,0.0013254437869822488,0.0012770352277781548,0.0011404822474208995,0.0010047221943132723,0.001119208521827012,0.0011122910520308088,0.0008975539873431282,0.001401351125065988,0.0009138888254243872,0.0010023279237872645,0.000960354102648538,0.0009801623184522814,0.0010048844787661402,0.0009752948049732827,0.0010391434837769117,0.0010456841803498907
200,0.001,0.0010370805349980698,0.0010367322565672799,0.0011195335276967932,0.001166666666666667,0.0009669421487603306,0.0013982703686845701,0.0012566659881945857,0.0013365026336963665,0.0007033055360192907,0.00085578274991277,0.0009681250953901018,0.000940958428902777,0.000975449992236903,0.001302291576229752,0.0009146415891930027,0.001039887471598992,0.0008540138651662815,0.0011405265489008302,0.0010971106630685075,0.0009529639832458167,0.0010310290584149607
201,0.001,0.0010513196270117732,0.0010508214831570957,0.00018658892128279887,0.0005000000000000001,0.000879038317054846,0.001340009103322713,0.0009541352873329264,0.0012028523703267297,0.0010047221943132723,0.0010523787599287895,0.0009721505809253322,0.0009904825567397652,0.0008788707850847343,0.0008681943841531679,0.0009442897287243162,0.0010710123868348028,0.0010047221943132723,0.001110091549889393,0.001189003686863375,0.0006120575184010669,0.001011542249095
202,0.001,0.0010786112200380383,0.0010778258341209092,0.0007463556851311955,0.001166666666666667,0.0012306536438767843,0.001980883022303141,0.0014661103195603503,0.001630533213109567,0.0005023610971566361,0.0010318484582949971,0.0010153781661807106,0.0008182247207850233,0.001062371278673855,0.0010852429801914598,0.0010906810476391123,0.0010305519706957965,0.0010181184902374493,0.0011354957085980923,0.0012516607553436903,0.0011292898616389931,0.0010360462728191274
203,0.001,0.001114208950072297,0.0011130489005954489,0.00037317784256559773,0.0013333333333333335,0.001054845980465815,0.0015730541647701413,0.001117036433950743,0.0012028523703267297,0.0009042499748819451,0.0010498459553903612,0.0009269092100256741,0.0008961508846693115,0.001110660882249939,0.001356553725239325,0.0010903142287151245,0.0010710123868348028,0.0010477817169266984,0.0011802550723844219,0.0012786874006440185,0.0009389599739756317,0.001051446667528232
204,0.001,0.0010667453100266188,0.0010660848119627294,0.00018658892128279887,0.0005000000000000001,0.0005274229902329075,0.0008739189804278563,0.0010239500644548477,0.0013231376073594028,0.0011051944137445997,0.0010182485430687272,0.0009269092100256741,0.001254611238537036,0.0008885287057999512,0.001139505129201033,0.0009185145856654405,0.0010710123868348028,0.0010477817169266984,0.0010333670095188604,0.0010856325308065667,0.0007680127218586775,0.0010058331078739997
205,0.001,0.0011308212240882843,0.0011294863316169007,0.0009329446064139942,0.0010000000000000002,0.001054845980465815,0.0016895766954938556,0.0011635796186986907,0.001363232686370294,0.0015070832914699085,0.0011214942929569903,0.0008837732553866656,0.0008961508846693115,0.0011686084065412404,0.000976718682172314,0.0010834486011878197,0.001039887471598992,0.0011219397836498208,0.001195179245719771,0.001212064193778622,0.001317789051730089,0.001024154970683812
206,0.001,0.0010275878069889342,0.001027339438840736,0.0009329446064139942,0.0010000000000000002,0.0011427498121712998,0.0016895766954938556,0.001233394395820612,0.0014300578180551121,0.0010047221943132723,0.0009448690442437004,0.0008837732553866656,0.0008554167535479792,0.0009657920715216861,0.0009224565331627408,0.0009243531202055796,0.001039887471598992,0.001047143798073166,0.0010587868381491568,0.0009641994901497166,0.001017114610213258,0.0009880195657878817
207,0.001,0.0010121621239740889,0.0010120761100351023,0.0007463556851311955,0.0010000000000000002,0.001054845980465815,0.0013982703686845701,0.001117036433950743,0.001082567133294057,0.001306138852607254,0.0010228492655986515,0.0009269092100256741,0.0008961508846693115,0.0009657920715216861,0.0008681943841531679,0.000978969401162996,0.0010305519706957965,0.0010558716878419482,0.0011723711037524122,0.001062032716067044,0.0011396831350729301,0.001016330117633813
208,0.001,0.0010240280339855084,0.001023817132193282,0.0005597667638483966,0.001166666666666667,0.000879038317054846,0.0015730541647701413,0.0012566659881945857,0.0013231376073594028,0.0010047221943132723,0.001013435904562582,0.0009269092100256741,0.0009904825567397652,0.00098510791295212,0.0009224565331627408,0.001001311730458219,0.0010305519706957965,0.0009536886860306935,0.001159469651117224,0.0012313056230907377,0.00102112889156808,0.001025358655727908
209,0.001,0.001092850312051742,0.001091915060710725,0.0007463556851311955,0.001166666666666667,0.000879038317054846,0.0016313154301319985,0.0012799375805685597,0.0016038031604356398,0.0005023610971566361,0.0009493664991190774,0.0008837732553866656,0.0009904825567397652,0.0011492925651108066,0.001302291576229752,0.000951873709977764,0.0010305519706957965,0.0009828804074803752,0.0011057410738265388,0.0010311692371246315,0.0008764114793522242,0.0010137377771326545
210,0.001,0.0010057520605033364,0.001005705181809332,0.003918367346938776,0.002138888888888889,0.0019338842975206612,0.0015293582157487485,0.0012766130673722777,0.001188002341063437,0.0007033055360192907,0.0008837179443898164,0.001157709232261475,0.000627305619268518,0.0009478429169849151,0.0010966665905092648,0.0008695377903970642,0.0009905692779898657,0.0010047221943132723,0.0010607342229643983,0.0009837145864826451,0.0011819332348612685,0.0010712173666251126
211,0.001,0.0010195610132791258,0.0010193727493990402,0.000653061224489796,0.0009166666666666668,0.001758076634109692,0.0014656349567592172,0.0009692802918937665,0.0010692021069570931,0.001306138852607254,0.0010021355183936838,0.0011084222018669146,0.0006603217044931769,0.0008539970836200719,0.0007311110603395099,0.0008977238886917943,0.0010202180483180865,0.0010181184902374493,0.0010324284855324798,0.0010661096546794833,0.0007591169607281262,0.001015116239463392
212,0.001,0.0010460281727660559,0.0010455689206126466,0.002612244897959184,0.002138888888888889,0.0024613072877535686,0.0021665908056440605,0.0014893819119343242,0.001449362856097393,0.001306138852607254,0.0010067091592935026,0.0010196001310282415,0.0005454831471900155,0.001032304167013274,0.0009138888254243872,0.0010368961999954992,0.0009816765269548596,0.0010477817169266984,0.0010560553450509244,0.0011222905617521907,0.0014006250422149609,0.0010515253761314135
213,0.001,0.0010805505547055296,0.0010797378395869162,0.001306122448979592,0.0024444444444444444,0.00210969196093163,0.001720527992717342,0.0011347671709975803,0.0010692021069570931,0.0007033055360192907,0.0010058240581748534,0.0009269092100256741,0.0005974339231128743,0.0010792270836956954,0.0011423610317804842,0.0010365474700444353,0.0010202180483180865,0.0010477817169266984,0.0010976833010261967,0.0011465237645644445,0.0011645644735347792,0.0010603188518080967
214,0.001,0.0010345207121195644,0.0010341792809545568,0.000653061224489796,0.0009166666666666668,0.001054845980465815,0.0009558488848429678,0.001040203240081115,0.0011761223176528026,0.0009042499748819451,0.0010546905244747315,0.0011084222018669146,0.0008364074923580239,0.0008633816669565564,0.0009595832666956066,0.0008732197974637125,0.0010202180483180865,0.0011219397836498208,0.0009610716672359914,0.0009734228205635464,0.0009525436183529753,0.0009969546120460198
215,0.001,0.0010966609996106173,0.001095683335108242,0.00326530612244898,0.0018333333333333335,0.00210969196093163,0.0018479745106964043,0.0011820491364558127,0.0012117623878847058,0.0010047221943132723,0.0011231794844303738,0.0009721505809253322,0.0005974339231128743,0.0011355345837146013,0.0008224999428819485,0.0010300204077936914,0.0009905692779898657,0.001047143798073166,0.0011115633649506306,0.0010867866545372412,0.0016344150504734667,0.0010418739374722385
216,0.001,0.0009965460919861434,0.0009965934700828605,0.00326530612244898,0.0018333333333333335,0.0022854996243425996,0.0018479745106964043,0.0012529720846431616,0.0012711625049378775,0.0003014166582939817,0.0008178199968781847,0.0009269092100256741,0.0005702778356986528,0.0009384583336484307,0.0007768055016107292,0.0008787704158514779,0.0009905692779898657,0.0010558716878419482,0.000984713100393362,0.0008645409571415115,0.0012614973730480606,0.001002990810224995
217,0.001,0.0009815863931457048,0.0009817869385273436,0.002612244897959184,0.0018333333333333335,0.00210969196093163,0.0015293582157487485,0.0011347671709975803,0.000962281896261384,0.0009042499748819451,0.0009779407579954117,0.0009269092100256741,0.0005974339231128743,0.0009384583336484307,0.0007311110603395099,0.0009306933994819496,0.0009816765269548596,0.0009536886860306935,0.0010903509023645348,0.0009522622551082575,0.0014135155139500318,0.001016094102742018
218,0.001,0.000993093853792196,0.0009931765781854335,0.001959183673469388,0.002138888888888889,0.001758076634109692,0.001720527992717342,0.0012766130673722777,0.0011761223176528026,0.0011051944137445997,0.0009322470978478455,0.0009721505809253322,0.0006603217044931769,0.0009572275003213994,0.0007768055016107292,0.0009519339595846594,0.0009816765269548596,0.0009828804074803752,0.001078352047669493,0.0011040393121918147,0.0012664761682919146,0.001029832448440973
219,0.001,0.0010598371255418455,0.0010592364882023545,0.002612244897959184,0.002138888888888889,0.001758076634109692,0.0017842512517068732,0.001300254050101394,0.0014256028092761242,0.0010047221943132723,0.000957792844033408,0.0009269092100256741,0.0006603217044931769,0.0011167654170416328,0.0010966665905092648,0.0009049338804300381,0.0009816765269548596,0.0009909588765829537,0.0010283823729272936,0.0009245887892973111,0.001086987413031248,0.0010182540192924176
220,0.001,0.0009917082615919042,0.0009917964931247351,0.0027988338192419825,0.001166666666666667,0.0015041322314049586,0.0014419663177059627,0.0011768776714838184,0.001128602224010265,0.0015070832914699085,0.001056326973130678,0.0010649376049291118,0.000736402248706521,0.0009662476338195737,0.0013708332381365809,0.0009437318445812943,0.000998561223893368,0.0010181184902374493,0.0009191085948977171,0.0009303005924499427,0.001127121306157677,0.0009906010261398342
221,0.001,0.0010053243933300083,0.0010052750411626704,0.0004664723032069971,0.0005000000000000001,0.0013673929376408712,0.0013818843878015477,0.0008935552690895659,0.0010157420016092384,0.0012056666331759268,0.0012040845327705228,0.0011084222018669146,0.000775160261796338,0.0008705795512631802,0.0009138888254243873,0.0009743229457720645,0.001028449201487384,0.0010477817169266984,0.000894582143317897,0.0010082217515053843,0.0007239130562250084,0.0009771129027008492
222,0.001,0.0010314219791613742,0.0010311089249020462,0.0018658892128279884,0.001166666666666667,0.0019143501126972196,0.0020427856167501137,0.001373023950064455,0.0013768947132925234,0.0014066110720385814,0.0010605526271652013,0.0009721505809253322,0.0006403497814839313,0.001052348908120328,0.0011423610317804842,0.0011253702533322247,0.000989596725847038,0.0010477817169266984,0.000915054424859974,0.0010613521328703625,0.00133567132258852,0.0009747317326342641
223,0.001,0.001065462308506634,0.0010648052949968844,0.0009329446064139942,0.0013333333333333335,0.0016408715251690455,0.0016222121074192081,0.0010461134857633941,0.0010157420016092384,0.001306138852607254,0.0010724258709800434,0.0010153781661807106,0.0007013354749585915,0.0011001829493985245,0.0014279512897256053,0.0011249917677004179,0.001028449201487384,0.0011219397836498208,0.0009511243576448058,0.0010842695148457666,0.0011105580178303535,0.0010102131175413246
224,0.001,0.0010200752027129541,0.0010198768015371002,0.0004664723032069971,0.0005000000000000001,0.0008204357625845228,0.0009012289485662268,0.000958937361949778,0.0011173162017701624,0.0012056666331759268,0.0010650887777299155,0.0011084222018669146,0.000981869664942028,0.0008801463595188196,0.0011994790833695084,0.0009477280220437859,0.001028449201487384,0.001047143798073166,0.0008327526448620352,0.0009205676515507661,0.0009083695894347068,0.000969971797681654
225,0.001,0.0010813477955344218,0.001080530267707809,0.0023323615160349854,0.0010000000000000002,0.0016408715251690455,0.0017423759672280383,0.0010897015476702024,0.0011511742684904703,0.001607555510901236,0.001234007790055289,0.0010153781661807106,0.0007013354749585915,0.0011575837989323606,0.0010281249286024357,0.0011179077782917707,0.000998561223893368,0.0010558716878419482,0.0009631512026117048,0.0010277760261721237,0.0015586193637322071,0.000991929262304276
226,0.001,0.0009826308404331681,0.0009828107944327784,0.0023323615160349854,0.0010000000000000002,0.0017776108189331327,0.0017423759672280383,0.0011550836405304144,0.0012076043796909834,0.000803777755450618,0.001044771191867642,0.0010153781661807106,0.000669456589733201,0.0009566808255639343,0.0009710068770134114,0.0009537522516833746,0.000998561223893368,0.0009536886860306935,0.0008532375542203037,0.0008175978842621117,0.0012029956725866178,0.0009636131100033813
227,0.001,0.0009678800310502224,0.0009682090340583485,0.0018658892128279884,0.0010000000000000002,0.0016408715251690455,0.0014419663177059627,0.0010461134857633941,0.0009141678014483147,0.000803777755450618,0.000998665011958799,0.0009269092100256741,0.0007013354749585915,0.0009566808255639343,0.0009138888254243873,0.0010101056082124492,0.000989596725847038,0.0009828804074803752,0.000944770955929986,0.0009005560680588318,0.0013479640011514738,0.0009573399458844857
228,0.001,0.0009792268074986423,0.0009794411574232944,0.0013994169096209913,0.001166666666666667,0.0013673929376408712,0.0016222121074192081,0.0011768776714838184,0.0011173162017701624,0.000803777755450618,0.0009844888611903924,0.0009721505809253322,0.000775160261796338,0.000975814442075213,0.0009710068770134114,0.0010331585372364042,0.000989596725847038,0.0009909588765829537,0.0009343741475303085,0.001044091894471662,0.0012077435771490974,0.0009704546869982622
229,0.001,0.001045038110899478,0.0010445874729399815,0.0018658892128279884,0.001166666666666667,0.0013673929376408712,0.0016822940373236233,0.0011986717024372226,0.001354322668812318,0.000803777755450618,0.0010557769460310953,0.0009721505809253322,0.000775160261796338,0.001138450182421082,0.0013708332381365809,0.0009821481362096666,0.000989596725847038,0.0009645333065407414,0.0008910762539152175,0.0008743852233922717,0.0010365785787354908,0.0009698201257753449
230,0.001,0.0010035914760554237,0.0010035653835501635,0.0027988338192419825,0.00175,0.0015041322314049586,0.001223486572598999,0.0010372481172399755,0.0010098019899039215,0.0009042499748819451,0.0009724746006845494,0.0009681250953901018,0.000736402248706521,0.0009202358417329274,0.0012337499143229228,0.0008807978510170928,0.0009905692779898657,0.0010477817169266984,0.0011592945839967227,0.0010686312974855306,0.0010610586728221217,0.0010310109485627912
231,0.001,0.0010173707640561847,0.0010172038712088296,0.0004664723032069971,0.00075,0.0013673929376408712,0.001172507965407374,0.0007875402371636853,0.0009088217909135293,0.0011051944137445997,0.0010384903806599543,0.0010153781661807106,0.000775160261796338,0.0008291233821554097,0.0008224999428819486,0.0009093489445759113,0.0010202180483180865,0.0010477817169266984,0.0011283587591779944,0.00115813891467806,0.0006814831930515023,0.0010051201128168966
232,0.001,0.0010437810660576432,0.001043344305887939,0.0018658892128279884,0.00175,0.0019143501126972196,0.0017332726445152484,0.0012101228034466383,0.0012319584276827842,0.0009042499748819451,0.00104233184782152,0.0009721505809253322,0.0006403497814839313,0.0010022370553526934,0.0010281249286024357,0.0010503234646843578,0.0009816765269548596,0.0011219397836498208,0.0011541809582582099,0.0012191694985933471,0.0012573851928179968,0.0010352435173229607
233,0.001,0.0010782292860595456,0.0010774405250346037,0.0009329446064139942,0.002,0.0016408715251690455,0.0013764223941738739,0.0009219983264355338,0.0009088217909135293,0.0011051944137445997,0.0010646839860170318,0.0008837732553866656,0.0007013354749585915,0.0010477932851414519,0.0012851561607530447,0.0010499702188624114,0.0010202180483180865,0.001047143798073166,0.0011996768636982355,0.0012454945722674944,0.0010454661890014836,0.0010474794237098548
234,0.001,0.001032298326057009,0.0010319788995057175,0.0004664723032069971,0.00075,0.0008204357625845228,0.0007646791078743744,0.000845165132565906,0.0009997039700048822,0.0011051944137445997,0.0011169691646903922,0.001056839102569329,0.000981869664942028,0.0008382346281131616,0.0010795311750325576,0.0008845275381538103,0.0010202180483180865,0.0010558716878419482,0.0010503716713746308,0.0010574511205127884,0.0008551283927754371,0.0010037136600297787
235,0.001,0.0010943051220604332,0.0010933520939697139,0.0023323615160349854,0.0015,0.0016408715251690455,0.0014783796085571237,0.0009604149233703478,0.001029998029702,0.0012056666331759268,0.0011686714524812513,0.0009269092100256741,0.0007013354749585915,0.0011024607608879626,0.0009253124357421921,0.0010433586345616477,0.0009905692779898657,0.0009536886860306935,0.001214846623082594,0.0011806008050370413,0.0014672658430655214,0.0010327967729169823
236,0.001,0.0009944052840549164,0.0009944730584443863,0.0023323615160349854,0.0015,0.0017776108189331327,0.0014783796085571237,0.0010180398187725687,0.001080488129197196,0.001306138852607254,0.0009596720714881306,0.0009269092100256741,0.000669456589733201,0.0009111245957751755,0.0008739061893120703,0.000890150034153124,0.0009905692779898657,0.0009828804074803752,0.0010762097982342186,0.000939170301482375,0.0011324859043938128,0.0009995723881301912
237,0.001,0.000979477722054092,0.0009796980301474984,0.0018658892128279884,0.0015,0.0016408715251690455,0.001223486572598999,0.0009219983264355338,0.0008179396118221764,0.0012056666331759268,0.000990905259477745,0.0009681250953901018,0.0007013354749585915,0.0009111245957751755,0.0008224999428819486,0.0009427453933257617,0.0009816765269548596,0.0009909588765829537,0.0011916631597258928,0.0010344639219607502,0.0012689573750934795,0.0010251834133463468
238,0.001,0.000990960462054726,0.0009910634365297199,0.0013994169096209913,0.00175,0.0013673929376408712,0.0013764223941738739,0.0010372481172399755,0.0009997039700048822,0.0007033055360192907,0.001091090295721472,0.0009681250953901018,0.000775160261796338,0.0009293470876906791,0.0008739061893120703,0.0009642610075974807,0.0009816765269548596,0.0009645333065407414,0.0011785494061003607,0.001199342755383028,0.001136955525619344,0.0010312215536015198
239,0.001,0.001057560354058404,0.0010569827935466049,0.0018658892128279884,0.00175,0.0013673929376408712,0.0014274010013654987,0.0010564564157073827,0.0012117623878847056,0.0011051944137445997,0.001023085855536726,0.0009269092100256741,0.000775160261796338,0.001084238268972459,0.0012337499143229228,0.0009166523019446534,0.0009816765269548596,0.0009591747881710708,0.0011239366934730488,0.0010044016131550903,0.000975822819620319,0.0010194177932590634
240,0.001,0.0009668615404409088,0.0009671888131442941,0.0016793002915451898,0.0013611111111111111,0.0010743801652892562,0.0009176149294492491,0.0008577244046407491,0.0009702019118684735,0.000401888877725309,0.0008785077036336028,0.0010153781661807106,0.0008914343010657887,0.0009386405585675859,0.0009595832666956068,0.0007866762436424308,0.0009905692779898657,0.0010477817169266984,0.0009745171389414811,0.0009070940322841863,0.0009165942738392785,0.0009955392361026597
241,0.001,0.0009801365272661844,0.0009803329419752471,0.0002798833819241983,0.0005833333333333334,0.0009767092411720512,0.0008793809740555304,0.0006512351961161243,0.0008731817206816261,0.001306138852607254,0.0009824838946054747,0.0009721505809253322,0.000938351895858725,0.0008457058497985178,0.0006397221777970712,0.0008121763819622495,0.0010202180483180865,0.0011219397836498208,0.0009485121080293146,0.0009830714302795135,0.0005886984466253273,0.0009618133752824758
242,0.001,0.0010055802520146295,0.001005525855567907,0.0011195335276967932,0.0013611111111111111,0.0013673929376408715,0.0012999544833864362,0.001000678472080874,0.0011836463324795376,0.0010047221943132723,0.0009591016773787309,0.0010153781661807106,0.000775160261796338,0.001022281796459747,0.000799652722246339,0.0009380864370335065,0.0009816765269548596,0.001047143798073166,0.0009702185628995463,0.001034876462180262,0.0010861907048758297,0.0009925353594525028
243,0.001,0.0010387677190778185,0.0010383861776452896,0.0005597667638483966,0.0015555555555555557,0.0011720510894064613,0.0010323167956304052,0.0007624216930139992,0.0008731817206816261,0.000803777755450618,0.001004368632534726,0.0009269092100256741,0.0008489850486340846,0.001068749150844281,0.000999565902807924,0.0009377709388792248,0.0010202180483180865,0.0010558716878419482,0.0010084629748160702,0.0010572221648425817,0.0009031247252167544,0.0010057570755319285
244,0.001,0.0009945177629935664,0.0009945724148754463,0.0002798833819241983,0.0005833333333333334,0.0005860255447032307,0.0005735093309057807,0.0006988865519294992,0.0009604998927497888,0.000803777755450618,0.001029223055285108,0.0009269092100256741,0.0011885790680877183,0.0008549993206754247,0.0008396353583586559,0.0007900073783213884,0.0010202180483180865,0.0009536886860306935,0.0008829552127158739,0.0008976038818125333,0.000738701646093373,0.0009551342697219144
245,0.001,0.0010542552037073067,0.001053720994614735,0.0013994169096209913,0.0011666666666666668,0.0011720510894064613,0.0011087847064178427,0.0007941892635562491,0.000989605950105843,0.001306138852607254,0.0010817922136261517,0.0008837732553866656,0.0008489850486340846,0.0011245099761057217,0.0007196874500217051,0.0009318658650915855,0.0009905692779898657,0.0009828804074803752,0.0010212148592100353,0.0010021379191109709,0.0012674958552261683,0.0009764843632366132
246,0.001,0.0009580115492240583,0.0009584260605903255,0.0013994169096209913,0.0011666666666666668,0.0012697220135236664,0.0011087847064178427,0.0008418406193696241,0.0010381160456992666,0.0011051944137445997,0.0009781100738952256,0.0009269092100256741,0.0008103948191507172,0.0009293470876906789,0.0006797048139093882,0.000795029057277039,0.0009905692779898657,0.0009909588765829537,0.0009046750566713285,0.000797202718821491,0.0009782966029674809,0.0009541125182592123
247,0.001,0.0009436303134966764,0.0009441865876901263,0.0011195335276967932,0.0011666666666666668,0.0011720510894064613,0.0009176149294492491,0.0007624216930139992,0.0007858635486134635,0.0011051944137445997,0.0008971996368699326,0.0009269092100256741,0.0008489850486340846,0.0009293470876906789,0.0006397221777970712,0.0008420041032982991,0.0009816765269548596,0.0009645333065407414,0.0010017265577092745,0.000878091491828683,0.0010961873207852217,0.00096978973397195
248,0.001,0.0009546928025177395,0.0009551400283825871,0.0008396501457725949,0.0013611111111111111,0.0009767092411720512,0.0010323167956304052,0.0008577244046407491,0.0009604998927497888,0.0012056666331759268,0.0010642574963649289,0.0009269092100256741,0.000938351895858725,0.0009479340294444926,0.0006797048139093882,0.0008612205700453405,0.0009816765269548596,0.0009591747881710708,0.0009907029767831227,0.001018046784359643,0.0009821576799526545,0.000978858693041259
249,0.001,0.001018855238839905,0.0010186699843988602,0.0011195335276967932,0.0013611111111111111,0.0009767092411720512,0.001070550751024124,0.0008736081899118741,0.0011642422942421682,0.0009042499748819451,0.0010589357003749672,0.0008837732553866656,0.000938351895858725,0.001105923034351908,0.0009595832666956068,0.0008186993063020239,0.0009816765269548596,0.000997840535448113,0.0009447948657696829,0.0008525734848430533,0.0008429633833223739,0.0009684102992631206
250,0.001,0.0009430951115138698,0.0009436510322934375,0.0016793002915451898,0.0009722222222222222,0.0011818181818181819,0.0009613108784706419,0.0008377773254630572,0.0009009017753064397,0.0011051944137445997,0.0009118897596220319,0.0010605279064639988,0.0008468625860124994,0.0009478429169849151,0.001302291576229752,0.0008834539753825417,0.000998561223893368,0.0011219397836498208,0.001006430466480449,0.000918885767198529,0.0008957473895686841,0.00099900758858138
251,0.001,0.0009560437858138314,0.0009564752818829294,0.0002798833819241983,0.0004166666666666667,0.0010743801652892562,0.0009212562585343651,0.0006360901915552842,0.0008108115977757957,0.0012056666331759268,0.000998108733607535,0.001157709232261475,0.0008914343010657888,0.0008539970836200719,0.0008681943841531679,0.0009120911673068073,0.001028449201487384,0.001047143798073166,0.000979573827078295,0.000995850830534776,0.0005753091764352881,0.0010022996558779113
252,0.001,0.0009808620782220912,0.000981055093596122,0.0011195335276967932,0.0009722222222222222,0.0015041322314049586,0.0013618570778334094,0.0009774068797069,0.0010991001658738563,0.0011051944137445997,0.0009688894431758756,0.0010153781661807106,0.0007364022487065211,0.001032304167013274,0.0010852429801914598,0.0010534908086361275,0.000989596725847038,0.0010558716878419482,0.0010019911213748462,0.0010483293000083246,0.0010614865445219847,0.0009881875370740104
253,0.001,0.0010132337639719951,0.0010131157175698514,0.0005597667638483966,0.0011111111111111111,0.0012892561983471073,0.001081474738279472,0.000744690955967162,0.0008108115977757957,0.0005023610971566361,0.001004418854733049,0.0010605279064639988,0.0008065357962023804,0.0010792270836956954,0.001356553725239325,0.0010531364975699443,0.001028449201487384,0.0009536886860306935,0.0010414879550244068,0.0010709654847958605,0.0008825841903630452,0.0010268555882352102
254,0.001,0.0009700715163054564,0.0009703682189382121,0.0002798833819241983,0.0004166666666666667,0.0006446280991735537,0.0006008192990441511,0.0006826333763032317,0.0008918927575533753,0.0011051944137445997,0.000992169386059821,0.0010649376049291118,0.0011291501146833325,0.0008633816669565564,0.001139505129201033,0.0008871949097229938,0.001028449201487384,0.0009828804074803752,0.0009118700853021558,0.0009092722498710969,0.0007219007253739988,0.0009823096970881862
255,0.001,0.0010283405506552835,0.001028077342090925,0.0013994169096209913,0.0008333333333333334,0.0012892561983471073,0.0011615839781520256,0.000775719745799127,0.0009189198108125685,0.0009042499748819451,0.0011246519555919016,0.0010153781661807106,0.0008065357962023804,0.0011355345837146013,0.000976718682172314,0.00104650497544788,0.000998561223893368,0.0009909588765829537,0.0010546574360384227,0.0010151651734740174,0.0012386681174129258,0.0010012138589782131
256,0.001,0.000934462661980562,0.0009351015325671097,0.0013994169096209913,0.0008333333333333334,0.001396694214876033,0.0011615839781520256,0.0008222629305470747,0.0009639648995778905,0.0007033055360192907,0.0009368595386164499,0.0010153781661807106,0.0007698750781931814,0.0009384583336484307,0.0009224565331627408,0.0008928343608597448,0.000998561223893368,0.0009645333065407414,0.000934301207147498,0.0008075659257204107,0.0009560463700711375,0.0009695077285920721
257,0.001,0.000920434931488937,0.000921208595511827,0.0011195335276967932,0.0008333333333333334,0.0012892561983471073,0.0009613108784706419,0.000744690955967162,0.0007297304379982162,0.001306138852607254,0.001039567265500758,0.0009681250953901018,0.0008065357962023804,0.0009384583336484307,0.0008681943841531679,0.0009455883260222205,0.000989596725847038,0.0009591747881710708,0.0010345309348343222,0.0008895062093041251,0.0010712557988812243,0.0009751845200077454
258,0.001,0.0009312254934055717,0.0009318954701697367,0.0008396501457725949,0.0009722222222222222,0.0010743801652892562,0.001081474738279472,0.0008377773254630572,0.0008918927575533753,0.0012056666331759268,0.0009333723210671326,0.0010153781661807106,0.0008914343010657888,0.0009572275003213994,0.0009224565331627408,0.0009671688225450019,0.000989596725847038,0.000997840535448113,0.0010231463554868081,0.001031280845420919,0.0009598196312938008,0.0009909308165082693
259,0.001,0.0009938107525220528,0.0009938793431856136,0.0011195335276967932,0.0009722222222222222,0.0010743801652892562,0.001121529358215749,0.0008532917203790398,0.0010810821303677276,0.0009042499748819451,0.000974029476291043,0.0009681250953901018,0.0008914343010657888,0.0011167654170416328,0.001302291576229752,0.0009194165486001471,0.000989596725847038,0.0009828804074803752,0.0009757348531784151,0.000863656481941988,0.0008237911491092332,0.000979403276378411
260,0.001,0.0009117666370191364,0.0009126239575354899,0.0011195335276967932,0.0009722222222222222,0.0008595041322314048,0.0010923987255348204,0.0010372481172399755,0.0010098019899039215,0.000803777755450618,0.0009395857675674129,0.0009681250953901018,0.0009963089247205872,0.0008558193328116225,0.0013708332381365809,0.0007682740420317581,0.001039887471598992,0.001047143798073166,0.0009557305252064646,0.0008527337270522743,0.000849821640200724,0.0009865839460914136
261,0.001,0.000924285172081184,0.0009250265481248737,0.00018658892128279887,0.0004166666666666667,0.0007813673929376408,0.0010468821119708695,0.0007875402371636853,0.0009088217909135293,0.0007033055360192907,0.0009228558997733456,0.0009269092100256741,0.0010487462365479866,0.0007710847454045311,0.0009138888254243873,0.000793177672334138,0.0010710123868348028,0.0010558716878419482,0.000930226815873357,0.0009241579537128148,0.0005458125735383744,0.0009637292933329199
262,0.001,0.0009482790309501087,0.0009487981800878593,0.0007463556851311955,0.0009722222222222222,0.001093914350112697,0.0015475648611743289,0.0012101228034466383,0.0012319584276827842,0.0010047221943132723,0.0009293261068375544,0.0009269092100256741,0.000866355586713554,0.0009320804614780046,0.0011423610317804842,0.0009161423960356512,0.0010305519706957965,0.0009536886860306935,0.0009515148165503187,0.000972858415142978,0.0010070632042266225,0.0009706668154472972
263,0.001,0.0009795753686052278,0.0009798046565613187,0.00037317784256559773,0.0011111111111111111,0.0009376408715251689,0.0012289485662266729,0.0009219983264355338,0.0009088217909135293,0.0010047221943132723,0.0010237191492250635,0.0009269092100256741,0.0009488656425910355,0.0009744477551815502,0.0014279512897256053,0.0009158342781228473,0.0010710123868348028,0.0009828804074803752,0.000989021957704238,0.0009938649851750385,0.0008373333296909814,0.001003375579618947
264,0.001,0.0009378469183984022,0.0009384626879300394,0.00018658892128279887,0.0004166666666666667,0.00046882043576258444,0.0006827492034592627,0.000845165132565906,0.0009997039700048822,0.0010047221943132723,0.0009768449661313628,0.0009721505809253322,0.0013284118996274496,0.0007795582041452403,0.0011994790833695084,0.0007715272536611131,0.0010710123868348028,0.0009909588765829537,0.000865933717799294,0.0008438123020467527,0.000684888245998492,0.000982621719722545
265,0.001,0.0009941803261776165,0.0009942743455822664,0.0009329446064139942,0.0008333333333333334,0.0009376408715251689,0.0013199817933545748,0.0009604149233703478,0.001029998029702,0.0010047221943132723,0.0009746444586587157,0.0009681250953901018,0.0009488656425910355,0.0010252885076258052,0.0010281249286024357,0.0009100673378548665,0.001039887471598992,0.0009645333065407414,0.0010015280129414543,0.0009420818265467125,0.0011751605234496536,0.0009951569430869662
266,0.001,0.0009034209469777712,0.0009043555638092341,0.0009329446064139942,0.0008333333333333334,0.001015777610818933,0.0013199817933545748,0.0010180398187725687,0.001080488129197196,0.0009042499748819451,0.0008644087394256211,0.0009269092100256741,0.0009057353861096249,0.0008473458740709132,0.0009710068770134114,0.0007764314637732429,0.001039887471598992,0.0009591747881710708,0.0008872348494484477,0.0007494279770808581,0.0009070290394181538,0.0009549255327474599
267,0.001,0.000889859200660553,0.0008909194240040683,0.0007463556851311955,0.0008333333333333334,0.0009376408715251689,0.0010923987255348204,0.0009219983264355338,0.0008179396118221764,0.0010047221943132723,0.000989137919308857,0.0008837732553866656,0.0009488656425910355,0.0008473458740709132,0.0009138888254243873,0.000822307653340479,0.0010305519706957965,0.000997840535448113,0.0009824154043639028,0.0008254692500119739,0.0010163315804002945,0.0009622125594266489
268,0.001,0.0009002913132122593,0.0009012549161618881,0.0005597667638483966,0.0009722222222222222,0.0007813673929376408,0.0012289485662266729,0.0010372481172399755,0.0009997039700048822,0.0011051944137445997,0.001009128581380607,0.0008837732553866656,0.0010487462365479866,0.0008642927915523316,0.0009710068770134114,0.0008410746018795134,0.0010305519706957965,0.0009828804074803752,0.0009716043345866686,0.000957037305773614,0.0009106088422492774,0.0009718651989300992
269,0.001,0.0009607975660121563,0.0009612007706772431,0.0007463556851311955,0.0009722222222222222,0.0007813673929376408,0.0012744651797906238,0.0010564564157073827,0.0012117623878847056,0.001306138852607254,0.000993319061284518,0.0009269092100256741,0.0010487462365479866,0.001008341590144387,0.0013708332381365809,0.0007995480101813598,0.0010305519706957965,0.0010206701656515782,0.0009265812341230182,0.0008014804854193911,0.0007815546589043867,0.0009791773922110613
270,0.001,0.0008555914413734075,0.0008569892027971012,0.0011195335276967932,0.0005833333333333335,0.0008595041322314048,0.0006991351843422851,0.0007180948503969062,0.0006237012290583044,0.0007033055360192907,0.0008147157927877191,0.0011122910520308088,0.0009963089247205872,0.0007914028238903176,0.0010966665905092648,0.0007862949057474909,0.0009905692779898657,0.0010558716878419482,0.000899852557332604,0.0008077717982381236,0.0006823972325145518,0.0009713897391017396
271,0.001,0.0008673386922847129,0.0008686357151793949,0.00018658892128279887,0.00025000000000000006,0.0007813673929376408,0.0006700045516613565,0.0005452201641902437,0.000561331106152474,0.001306138852607254,0.0009672093634773037,0.0010649376049291118,0.0010487462365479866,0.0007130461086536523,0.0007311110603395099,0.0008117826829859294,0.0010202180483180865,0.0009536886860306935,0.0008758399539265273,0.0008754300533030312,0.0004382813663891383,0.0009553466537029609
272,0.001,0.0008898542565313815,0.0008909581972454575,0.0007463556851311955,0.0005833333333333335,0.001093914350112697,0.0009904415111515704,0.0008377773254630573,0.0007609154994511313,0.0003014166582939817,0.0008728788677527156,0.0010153781661807106,0.000866355586713554,0.0008619238676033161,0.0009138888254243872,0.0009376317037044387,0.0009816765269548596,0.0009828804074803752,0.0008958833252999841,0.000921562694778883,0.0008086604424066756,0.0009436490669406803
273,0.001,0.0009192223838096449,0.0009200744782011913,0.00037317784256559773,0.0006666666666666668,0.0009376408715251689,0.0007865270823850706,0.0006383065336861388,0.000561331106152474,0.0014066110720385814,0.0009941717325782611,0.0010153781661807106,0.0009488656425910355,0.0009011022252216486,0.0011423610317804842,0.0009373163584865179,0.0010202180483180865,0.0009909588765829537,0.0009311975650312076,0.0009414616553937858,0.0006723692594346737,0.0009730759906002479
274,0.001,0.0008800648807719603,0.0008812527702602128,0.00018658892128279887,0.00025000000000000006,0.00046882043576258444,0.00043695949021392815,0.0005851143225456272,0.0006174642167677214,0.001306138852607254,0.0009718482839207423,0.0011122910520308088,0.0013284118996274496,0.000720881780177319,0.0009595832666956066,0.0007896244256733699,0.0010202180483180865,0.0009645333065407414,0.0008153058313941499,0.0007993207715096887,0.0005499575693797664,0.000975355798822553
275,0.001,0.0009329275098728344,0.0009336620759805339,0.0009329446064139942,0.0005000000000000001,0.0009376408715251689,0.0008447883477469278,0.0006649026392563947,0.0006361752536394705,0.0011051944137445997,0.0010491745265029068,0.0010605279064639988,0.0009488656425910355,0.0009481162543636477,0.0008224999428819485,0.0009314141471577694,0.0009905692779898657,0.0009591747881710708,0.0009429724382727219,0.0008924088575078068,0.0009436407017983026,0.0009699641080244868
276,0.001,0.0008477599407658705,0.0008492248612089056,0.0009329446064139942,0.0005000000000000001,0.001015777610818933,0.0008447883477469278,0.0007047967976117783,0.0006673603150923856,0.0009042499748819451,0.0008846336371924347,0.0010153781661807106,0.0009057353861096249,0.000783567152366651,0.0007768055016107292,0.0007946436703919408,0.0009905692779898657,0.000997840535448113,0.0008353615660212599,0.0007099130308697803,0.0007283341315750519,0.000930756045884911
277,0.001,0.0008350337522786231,0.0008366078061280875,0.0007463556851311955,0.0005000000000000001,0.0009376408715251689,0.0006991351843422851,0.0006383065336861388,0.0005051979955372265,0.0005023610971566361,0.0009319732338117772,0.0009681250953901018,0.0009488656425910355,0.000783567152366651,0.0007311110603395099,0.0008415959454635132,0.0009816765269548596,0.0009828804074803752,0.0009249772720075327,0.0007819448900859198,0.0008161028443786043,0.0009363006527663847
278,0.001,0.0008448231280380442,0.0008463132331133321,0.0005597667638483966,0.0005833333333333335,0.0007813673929376408,0.0007865270823850706,0.0007180948503969062,0.0006174642167677214,0.000803777755450618,0.000946548943023412,0.0009681250953901018,0.0010487462365479866,0.000799238495413984,0.0007768055016107292,0.0008608030971116982,0.0009816765269548596,0.0010206701656515782,0.0009147982848035364,0.0009065757820299403,0.0007312086730427527,0.0009439916628848461
279,0.001,0.0009016015074426869,0.0009026047096277511,0.0007463556851311955,0.0005833333333333335,0.0007813673929376408,0.0008156577150659993,0.0007313929031820341,0.0007484414748699653,0.0014066110720385814,0.000893417370157863,0.0010153781661807106,0.0010487462365479866,0.0009324449113163147,0.0010966665905092648,0.0008183024453664394,0.0009816765269548596,0.0010156828000694171,0.0008724075156246338,0.0007592209765150969,0.0006275796132577158,0.0009521689420652419
280,0.001,0.0009690221248888214,0.0009693286114034629,0.0011195335276967932,0.0003888888888888889,0.0008595041322314048,0.0009613108784706419,0.0008776714838184409,0.0008811017362887157,0.0012056666331759268,0.0008975283934368271,0.0011122910520308088,0.0009963089247205872,0.0009846523506542324,0.0010966665905092648,0.0008541730510467803,0.001039887471598992,0.0009536886860306935,0.0009895125466006713,0.0010329584948759434,0.0007850060914248602,0.0010079959979766647
281,0.001,0.0009823267764891255,0.000982501820165458,0.00018658892128279887,0.0001666666666666667,0.0007813673929376408,0.0009212562585343651,0.0006663802006769645,0.000792991562659844,0.0007033055360192907,0.0010412421633216483,0.0010649376049291118,0.0010487462365479866,0.0008871620189062884,0.0007311110603395099,0.0008818611007708988,0.0010710123868348028,0.0009828804074803752,0.0009631073626033152,0.0011194781895102653,0.0005041836718851989,0.000995220582851724
282,0.001,0.001007827358723042,0.001007750470292615,0.0007463556851311955,0.0003888888888888889,0.001093914350112697,0.0013618570778334094,0.0010239500644548477,0.001074944118272233,0.000803777755450618,0.0009150958528794212,0.0010153781661807106,0.000866355586713554,0.0010723936492273818,0.0009138888254243872,0.0010185742362784813,0.0010305519706957965,0.0009909588765829537,0.0009851478261088064,0.0011784714646004407,0.0009302549057011684,0.00098080445346201
283,0.001,0.0010410889877238024,0.0010406834921976023,0.00037317784256559773,0.00044444444444444447,0.0009376408715251689,0.001081474738279472,0.0007801524300608364,0.000792991562659844,0.000803777755450618,0.0009290738673011551,0.0010605279064639988,0.0009488656425910355,0.0011211388151013536,0.0011423610317804842,0.0010182316683882975,0.0010710123868348028,0.0009645333065407414,0.0010239807249020178,0.0012039177607588347,0.0007734702592478431,0.0010205610712423572
284,0.001,0.0009967401490561217,0.0009967727963242857,0.00018658892128279887,0.0001666666666666667,0.00046882043576258444,0.0006008192990441511,0.0007151397275557667,0.0008722907189258284,0.000803777755450618,0.0009975470372967272,0.0010649376049291118,0.0013284118996274496,0.000896911052081083,0.0009595832666956066,0.0008577899970206392,0.0010710123868348028,0.0009591747881710708,0.0008965417088691003,0.0010221515319829566,0.0006326520997124949,0.0010041873471884042
285,0.001,0.0010566110812574906,0.001056052235753263,0.0009329446064139942,0.0003333333333333334,0.0009376408715251689,0.0011615839781520256,0.0008126587813133713,0.0008987237710144899,0.0012056666331759268,0.0010996742881012127,0.0011038324421855526,0.0009488656425910355,0.00117963301415012,0.0008224999428819485,0.001011819939377021,0.001039887471598992,0.000997840535448113,0.0010369288292466326,0.001141190262244684,0.0010855315111675825,0.001019278480484742
286,0.001,0.0009601523571552852,0.0009605464722287996,0.0009329446064139942,0.0003333333333333334,0.001015777610818933,0.0011615839781520256,0.0008614183081921736,0.0009427788578289256,0.000803777755450618,0.0008322197208472993,0.0009681250953901018,0.0009057353861096249,0.0009749033174794378,0.0007768055016107292,0.0008632425359394007,0.001039887471598992,0.0009828804074803752,0.0009185957674847093,0.0009078191358741819,0.000837850305711577,0.0009571036460186703
287,0.001,0.000945738984588289,0.0009462754960699718,0.0007463556851311955,0.0003333333333333334,0.0009376408715251689,0.0009613108784706419,0.0007801524300608364,0.0007136924063938597,0.0010047221943132723,0.0010261143544316612,0.0010605279064639988,0.0009488656425910355,0.0009749033174794378,0.0007311110603395099,0.0009142480400553743,0.0010305519706957965,0.0010206701656515782,0.001017140651002907,0.0009999316867719853,0.0009388163866164237,0.0009936605314943504
288,0.001,0.0009568261942552092,0.0009572531700383009,0.0005597667638483966,0.0003888888888888889,0.0007813673929376408,0.001081474738279472,0.0008776714838184409,0.0008722907189258284,0.001306138852607254,0.0009730680500536731,0.0009681250953901018,0.0010487462365479866,0.0009944013838290267,0.0007768055016107292,0.0009351132792999956,0.0010305519706957965,0.0010156828000694171,0.00100594744444038,0.0011593065731425425,0.0008411570784455218,0.0009807991737526872
289,0.001,0.0010211320103233462,0.0010209236790546098,0.0007463556851311955,0.0003888888888888889,0.0007813673929376408,0.001121529358215749,0.0008939246594447084,0.0010573220835464587,0.0007033055360192907,0.0009441002954025389,0.0009681250953901018,0.0010487462365479866,0.0011601349478005311,0.0010966665905092648,0.0008889436919004523,0.0010305519706957965,0.0009801623184522814,0.0009593329211823513,0.0009708729110001568,0.0007219458048591357,0.0009796888285474807
290,0.001,0.000998190014935642,0.0009982158879022417,0.0022390670553935864,0.001166666666666667,0.0010743801652892562,0.0011360946745562132,0.0010970893547730513,0.0009504018728507496,0.0005023610971566361,0.0009116522574016676,0.0010153781661807106,0.0008914343010657887,0.0011226877269141715,0.0010281249286024357,0.0008875718950119269,0.000998561223893368,0.0009828804074803752,0.001020040974145449,0.0009910292062179427,0.0008861816072220318,0.001008281731045722
291,0.001,0.0010118951409988318,0.0010117816757333029,0.00037317784256559773,0.0005000000000000001,0.0009767092411720512,0.0010887573964497043,0.0008329752508462057,0.0008553616855656746,0.0006028333165879634,0.0009359127374260006,0.0010196001310282415,0.000938351895858725,0.0010115305262296,0.0006854166190682904,0.0009163425694469302,0.001028449201487384,0.0009909588765829537,0.0009928211377728006,0.0010740369405277017,0.0005691653880995368,0.0009876560660979545
292,0.001,0.001038163299286612,0.0010377827690761698,0.001492711370262391,0.001166666666666667,0.0013673929376408715,0.001609467455621302,0.00127993758056856,0.0011594902848779144,0.0011051944137445997,0.0009681476621995783,0.0010649376049291118,0.000775160261796338,0.0012227292075302856,0.000856770773835363,0.0010584012970159902,0.000989596725847038,0.0009645333065407414,0.0010155415933567069,0.0011306355927241144,0.0010501508159817244,0.0010164360665753701
293,0.001,0.0010724261144445858,0.0010716972386538223,0.0007463556851311955,0.0013333333333333335,0.0011720510894064613,0.00127810650887574,0.0009751905375760455,0.0008553616855656746,0.0014066110720385814,0.0010173925121960423,0.0009269092100256741,0.0008489850486340846,0.0012783078078725712,0.0010709634672942038,0.0010580453344495194,0.001028449201487384,0.0009591747881710708,0.0010555725642120008,0.0011550489866873135,0.00087315897923106,0.001019036585018834
294,0.001,0.0010267423609006203,0.0010264779458836189,0.00037317784256559773,0.0005000000000000001,0.0005860255447032307,0.0007100591715976333,0.0008939246594447084,0.0009408978541222421,0.0012056666331759268,0.001038022205545323,0.0010196001310282415,0.0011885790680877183,0.0010226462462980571,0.0008996093125271311,0.0008913302664429145,0.001028449201487384,0.000997840535448113,0.0009242018014006274,0.0009806609136770604,0.0007141914701808094,0.0009900512585239323
295,0.001,0.0010884154281849735,0.0010875239911233936,0.0018658892128279884,0.0010000000000000002,0.0011720510894064613,0.0013727810650887577,0.001015823476641714,0.0009694099103077647,0.000803777755450618,0.001096175132064149,0.0009721505809253322,0.0008489850486340846,0.0013450021282833142,0.0007710936964518267,0.001051382901747074,0.000998561223893368,0.0009828804074803752,0.0010689201432946415,0.0010948676886304329,0.0012254402478719215,0.0010109836252885482
296,0.001,0.000989053264226849,0.0009891720293482011,0.0018658892128279884,0.0010000000000000002,0.0012697220135236664,0.0013727810650887577,0.001076772885240217,0.001016930003950302,0.0009042499748819451,0.0009268698902124593,0.0009721505809253322,0.0008103948191507172,0.001111572006845714,0.0007282551577600585,0.0008969960039592416,0.000998561223893368,0.0010206701656515782,0.0009469362715308026,0.0008709694359238497,0.0009458366484510597,0.0009767362509015569
297,0.001,0.0009742060443250604,0.0009744757591978849,0.001492711370262391,0.0010000000000000002,0.0011720510894064613,0.0011360946745562132,0.0009751905375760455,0.0007698255170091072,0.0010047221943132723,0.0009432796060848532,0.0009269092100256741,0.0008489850486340846,0.001111572006845714,0.0006854166190682904,0.000949995863752025,0.000989596725847038,0.0010156828000694171,0.001048521460446571,0.0009593430043216035,0.0010598157434269504,0.0009836696611284898
298,0.001,0.0009856269827110517,0.0009857805823904357,0.0011195335276967932,0.001166666666666667,0.0009767092411720512,0.00127810650887574,0.0010970893547730513,0.0009408978541222421,0.0011051944137445997,0.0010232277832415825,0.0010153781661807106,0.000938351895858725,0.0011338034469826285,0.0007282551577600585,0.000971676950404818,0.000989596725847038,0.0009801623184522814,0.0010369829212283725,0.0011122486321027633,0.0009495696146128461,0.0010104950211125908
299,0.001,0.0010518684253498015,0.0010513485569072307,0.001492711370262391,0.001166666666666667,0.0009767092411720512,0.0013254437869822488,0.0011174058243058856,0.0011404822474208995,0.0009042499748819451,0.0010194362823539567,0.0010153781661807106,0.000938351895858725,0.0013227706881464,0.0010281249286024357,0.0009237020955087143,0.000989596725847038,0.0009851859294238475,0.0009889302473367761,0.000931463766550023,0.0008149937951640858,0.0010101774004552906
300,0.001,0.0010277584627733682,0.0010275066080105075,0.0013994169096209913,0.0013611111111111111,0.001115702479338843,0.0014419663177059627,0.0015900671687360066,0.0013365026336963665,0.0006028333165879634,0.001033629528955723,0.0009681250953901018,0.0008625452264942122,0.0008788707850847342,0.0014469906402552798,0.0009715647150119188,0.0010091587548332996,0.0010047221943132723,0.0011521560964436839,0.0012901864053249477,0.0013042972081473497,0.0010209016537957411
301,0.001,0.0010418695629487462,0.0010414704577229948,0.00023323615160349855,0.0005833333333333334,0.00101427498121713,0.0013818843878015477,0.0012072732207069681,0.0012028523703267297,0.0015070832914699085,0.0010545069294631937,0.0010153781661807106,0.0009079423436781182,0.000791853875670404,0.0009646604268368533,0.0010030580196841775,0.0010393639275673887,0.0010181184902374493,0.0011214107624660757,0.0013982512834045592,0.0008377073284103164,0.0010055776871550847
302,0.001,0.0010689158382848876,0.0010682345030052615,0.0009329446064139942,0.0013611111111111111,0.0014199849737039818,0.0020427856167501137,0.0018550783635253411,0.001630533213109567,0.0014066110720385814,0.001197531372941692,0.0011122910520308088,0.0007500393273862714,0.0009571860035576314,0.0012058255335460665,0.0011585600673957436,0.001000099118358665,0.0010477817169266984,0.0011470739584341651,0.0014719350973278673,0.0015456298869848302,0.0010487609267010479
303,0.001,0.0011041935887233327,0.0011031441272864792,0.0004664723032069971,0.0015555555555555557,0.0012171299774605558,0.0016222121074192081,0.0014133930388764502,0.0012028523703267297,0.0015070832914699085,0.0012114840729208877,0.0010649376049291118,0.0008214716442802022,0.0010006944582647964,0.0015072819169325833,0.0011581704193329874,0.0010393639275673887,0.0010477817169266984,0.0011922897176894496,0.0015037180445927282,0.0012851302820986235,0.0010715499642265855
304,0.001,0.0010571565881387392,0.0010565979615781889,0.00023323615160349855,0.0005833333333333334,0.0006085649887302779,0.0009012289485662268,0.001295610285636746,0.0013231376073594028,0.0009042499748819451,0.0011743568263297573,0.0009681250953901018,0.001150060301992283,0.0008005555666118372,0.00126611681022337,0.0009756787491411847,0.0010393639275673887,0.0011219397836498208,0.0010439038889786133,0.0012766882864009561,0.00105115919022464,0.000994737677461359
305,0.001,0.0011206565389279403,0.0011194352852843808,0.0011661807580174927,0.0011666666666666668,0.0012171299774605558,0.0017423759672280383,0.0014722844154963024,0.001363232686370294,0.001708027730332563,0.0012757513406546277,0.0009681250953901018,0.0008214716442802022,0.0010529046039133945,0.00108524298019146,0.0011508775064250697,0.0010091587548332996,0.001047143798073166,0.00120736606756423,0.0014253701088097733,0.0018036238633536452,0.0010309990520824559
306,0.001,0.0010183510626564495,0.0010181973748688495,0.0011661807580174927,0.0011666666666666668,0.0013185574755822688,0.0017423759672280383,0.0015606214804260805,0.0014300578180551121,0.0012056666331759268,0.001128035681221552,0.0010153781661807106,0.0007841320240856476,0.0008701690941433011,0.0010249517035141565,0.0009818806474733855,0.0010091587548332996,0.0010558716878419482,0.0010695829146489717,0.001133884772146026,0.0013920985155687997,0.0010063930007302728
307,0.001,0.0010030640374664565,0.0010030698710136552,0.0009329446064139942,0.0011666666666666668,0.0012171299774605558,0.0014419663177059627,0.0014133930388764502,0.001082567133294057,0.0012056666331759268,0.0011031161565740373,0.0010153781661807106,0.0008214716442802022,0.0008701690941433011,0.0009646604268368533,0.0010398959969505738,0.001000099118358665,0.0009536886860306935,0.0011843253590059144,0.0012489352427289906,0.0015598548920865178,0.0010250191235306784
308,0.001,0.001014823287612605,0.0010147064124407276,0.0006997084548104956,0.0013611111111111111,0.00101427498121713,0.0016222121074192081,0.0015900671687360066,0.0013231376073594028,0.0012056666331759268,0.0010942602614413416,0.0010153781661807106,0.0009079423436781182,0.0008875724760261673,0.0010249517035141565,0.0010636288110396077,0.001000099118358665,0.0009828804074803752,0.0011712923548019025,0.0014479977537258106,0.0013975927588517191,0.001033051447361014
309,0.001,0.0010830269384602656,0.0010821983527177486,0.0009329446064139942,0.0013611111111111111,0.00101427498121713,0.0016822940373236233,0.0016195128570459327,0.0016038031604356398,0.0012056666331759268,0.0011618080697530892,0.0010605279064639988,0.0009079423436781182,0.0010355012220305286,0.0014469906402552798,0.0010111139933816592,0.001000099118358665,0.0009909588765829537,0.0011170159261309808,0.0012126402341277964,0.001199521771865886,0.0010392444228950668
310,0.001,0.000996711592543756,0.000996755636253743,0.00489795918367347,0.0024953703703703705,0.002231404958677686,0.0015771506599908966,0.0016153063301445145,0.001188002341063437,0.0009042499748819451,0.0009788875088030502,0.0010076565471517406,0.0005750301509961414,0.0008539970836200719,0.0012185184338991829,0.0009236538612513818,0.0009612979158362836,0.0010181184902374493,0.0010715501562613347,0.0011568342455536861,0.0016176815132041195,0.0010442309882785629
311,0.001,0.0010103964199013361,0.001010301579215289,0.000816326530612245,0.0010694444444444445,0.00202854996243426,0.0015114360491579426,0.0012264362877023166,0.0010692021069570931,0.0007033055360192907,0.0009209192519219955,0.0010076565471517406,0.000605294895785412,0.0007694429169250153,0.0008123456225994553,0.0009535941339008895,0.0009900705638043936,0.0010477817169266984,0.0010429557951936775,0.0012537296640669456,0.0010389837915622427,0.0009898781989965925
312,0.001,0.0010366256723366983,0.0010362646365582515,0.00326530612244898,0.0024953703703703705,0.0028399699474079636,0.002234296768320437,0.001884524051835267,0.001449362856097393,0.0014066110720385814,0.0010715013770153394,0.0009721505809253322,0.0005000262182575142,0.0009300958336456228,0.001015432028249319,0.0011014278958541759,0.0009526679459533594,0.0010477817169266984,0.0010668235694776074,0.0013197976050541393,0.0019169993455576447,0.001049676805814677
313,0.001,0.0010708377407306487,0.001070129493962116,0.00163265306122449,0.0028518518518518515,0.0024342599549211116,0.0017742944924897587,0.0014358278490173462,0.0010692021069570931,0.0009042499748819451,0.001064466215232667,0.0009269092100256741,0.0005476477628534681,0.0009723729169931511,0.001269290035311649,0.0011010574625396133,0.0009900705638043936,0.0011219397836498208,0.00110887599105922,0.0013482955040157686,0.0015939093378591947,0.0010673240749326837
314,0.001,0.0010252216495387147,0.0010249763507569633,0.000816326530612245,0.0010694444444444445,0.0012171299774605558,0.0009857191624943102,0.0013161755282659008,0.0011761223176528026,0.0011051944137445997,0.0011155500416968453,0.0010076565471517406,0.0007667068679948552,0.000777898333594521,0.0010662036296617851,0.0009275650196643034,0.0009900705638043936,0.001047143798073166,0.0009708713765518176,0.0011447312764343543,0.001303721865568012,0.0009658964096172905
315,0.001,0.0010868033726478255,0.0010859330940839193,0.004081632653061225,0.002138888888888889,0.0024342599549211116,0.0019057237141556667,0.001495654009393069,0.0012117623878847058,0.0012056666331759268,0.0011717524249861483,0.0009269092100256741,0.0005476477628534681,0.0010231054170101851,0.0009138888254243871,0.0010941241856687201,0.0009612979158362836,0.0010558716878419482,0.0011228975851071416,0.001278045519356121,0.002236981695809447,0.0010357077371428184
316,0.001,0.0009875883743053692,0.0009877250076127126,0.004081632653061225,0.002138888888888889,0.0026371149511645376,0.0019057237141556667,0.0015853932499566533,0.0012711625049378775,0.0007033055360192907,0.0008954197619052959,0.0009269092100256741,0.000522754682723765,0.0008455416669505662,0.0008631172240119212,0.0009334610832544219,0.0009612979158362836,0.0009536886860306935,0.0009947538730769368,0.0010166877666022151,0.001726578895613287,0.001008283644565497
317,0.001,0.0009727631446679908,0.000973050236071038,0.00326530612244898,0.002138888888888889,0.0024342599549211116,0.0015771506599908966,0.0014358278490173462,0.000962281896261384,0.000803777755450618,0.0009672525599400741,0.0008837732553866656,0.0005476477628534681,0.0008455416669505662,0.0008123456225994553,0.0009886155168484785,0.0009526679459533594,0.0009828804074803752,0.0011014688265107656,0.0011198467549376405,0.0019346422015221378,0.0010113199568205747
318,0.001,0.0009841671674659742,0.0009843385218723261,0.002448979591836735,0.0024953703703703705,0.00202854996243426,0.0017742944924897587,0.0016153063301445145,0.0011761223176528026,0.0012056666331759268,0.0009231517867179647,0.0009269092100256741,0.000605294895785412,0.0008624525002895775,0.0008631172240119212,0.001011177992649618,0.0009526679459533594,0.0009909588765829537,0.0010893476237202144,0.0012983343973252764,0.0017333932441623032,0.0010237794032883125
319,0.001,0.0010503104996942784,0.0010498105795197974,0.00326530612244898,0.0024953703703703705,0.00202854996243426,0.0018400091033227127,0.001645219410332376,0.0014256028092761242,0.0012056666331759268,0.0010749538203633558,0.0009681250953901018,0.000605294895785412,0.0010061945836711739,0.0012185184338991829,0.0009612528426794677,0.0009526679459533594,0.0009645333065407414,0.0010388684258032365,0.001087303156028805,0.0014877316173892141,0.0010296565476870822
320,0.001,0.0009827940300270333,0.0009829707178800212,0.003498542274052479,0.0013611111111111111,0.0017355371900826444,0.001487027765134274,0.0014891105231019744,0.001128602224010265,0.0009042499748819451,0.0010140566338138989,0.0010153781661807106,0.0006750353946476443,0.0008705795512631802,0.0015231480423739789,0.0010024654153735612,0.000969053699415705,0.0010477817169266984,0.0009284804215436724,0.0010940201546192723,0.0015426618410673348,0.0009750561443528006
321,0.001,0.0009962877695697384,0.0009963293233325244,0.0005830903790087463,0.0005833333333333334,0.001577761081893313,0.0014250682749203459,0.0011306209527255733,0.0010157420016092384,0.0006028333165879634,0.0009589518528558486,0.0011038324421855526,0.0007105635733133098,0.0007843835560886077,0.0010154320282493193,0.0010349603673432553,0.000998058486065249,0.0010477817169266984,0.0009037038823749401,0.0011856543201457593,0.0009908011160712866,0.0009659491457382024
322,0.001,0.0010221507703599235,0.0010219333171164887,0.0023323615160349854,0.0013611111111111111,0.002208865514650638,0.002106622667273555,0.0017372956102856367,0.0013768947132925234,0.001306138852607254,0.0009782856105118596,0.0010153781661807106,0.0005869872996936037,0.0009481559469202952,0.001269290035311649,0.0011954081712228992,0.000960354102648538,0.0011219397836498208,0.0009243849125618722,0.0012481348866504203,0.0018280988659414082,0.0009817239117377718
323,0.001,0.0010558851192166868,0.0010553298307477465,0.0011661807580174927,0.0015555555555555557,0.0018933132982719755,0.0016729062357760582,0.001323653798312866,0.0010157420016092384,0.0009042499748819451,0.0009836075938099746,0.0011122910520308088,0.0006428908520453756,0.0009912539445075814,0.0015866125441395614,0.0011950061303695777,0.000998058486065249,0.001047143798073166,0.0009608226377480233,0.0012750853991790358,0.0015199920958273458,0.0010268683360077579
324,0.001,0.0010109059874076692,0.0010108011459060693,0.0005830903790087463,0.0005833333333333334,0.0009466566491359877,0.0009293923532089212,0.0012133493151201273,0.0011173162017701624,0.0010047221943132723,0.0009763253127591044,0.0011038324421855526,0.0009000471928635257,0.0007930031556060651,0.0013327545370772314,0.001006710296716545,0.000998058486065249,0.0010558716878419482,0.0008412439302987428,0.0010825743557088619,0.0012432620123063222,0.0009535874111968546
325,0.001,0.0010716278153498429,0.0010709148704423333,0.0029154518950437317,0.0011666666666666668,0.0018933132982719755,0.0017968252162039143,0.0013788060399092354,0.0011511742684904703,0.0010047221943132723,0.0011157048681011018,0.0010605279064639988,0.0006428908520453756,0.0010429715416123248,0.0011423610317804842,0.0011874812657315806,0.000969053699415705,0.0009536886860306935,0.000972972116217376,0.0012086498667120964,0.0021332420956311523,0.0009957131337484818
326,0.001,0.0009737982036652296,0.0009740649809116858,0.0029154518950437317,0.0011666666666666668,0.0020510894064613068,0.0017968252162039143,0.0014615344023037897,0.0012076043796909834,0.0009042499748819451,0.00099136793180042,0.0011122910520308088,0.0006136685405887676,0.0008619599517457228,0.0010788965300149017,0.0010131094469652427,0.000969053699415705,0.0009828804074803752,0.0008619377170632609,0.0009614833861400064,0.0016465091281034588,0.0009801099004994479
327,0.001,0.000959179985827299,0.0009595931583381408,0.0023323615160349854,0.0011666666666666668,0.0018933132982719755,0.001487027765134274,0.001323653798312866,0.0009141678014483147,0.0011051944137445997,0.0008560357529485747,0.0009681250953901018,0.0006428908520453756,0.0008619599517457228,0.0010154320282493193,0.0010729699796843404,0.000960354102648538,0.0009909588765829537,0.00095440445263349,0.0010590410205226861,0.001844923537820091,0.0009612630208434525
328,0.001,0.0009704247687795534,0.00097072532954856,0.0017492711370262395,0.0013611111111111111,0.001577761081893313,0.0016729062357760582,0.0014891105231019744,0.0011173162017701624,0.0005023610971566361,0.0008448850183866797,0.0010153781661807106,0.0007105635733133098,0.0008791991507806373,0.0010788965300149017,0.001097457617992052,0.000960354102648538,0.0009645333065407414,0.0009439016316401605,0.0012278370938348924,0.001653007462536099,0.0009734615004231183
329,0.001,0.0010356445099026289,0.0010352919225689917,0.0023323615160349854,0.0013611111111111111,0.001577761081893313,0.0017348657259899862,0.001516686643900159,0.001354322668812318,0.0012056666331759268,0.001026916476386812,0.0011122910520308088,0.0007105635733133098,0.0010257323425774104,0.0015231480423739789,0.0010432725619856735,0.000960354102648538,0.0009591747881710708,0.000900162244652743,0.0010282644825294917,0.0014187383469258553,0.0009924907940409258
330,0.001,0.0009945704290796446,0.0009946348795808629,0.003498542274052479,0.0020416666666666665,0.0017355371900826444,0.0012617205279927173,0.001312436393242418,0.0010098019899039215,0.0011051944137445997,0.00104253567031507,0.0008837732553866656,0.0006750353946476443,0.0008291233821554098,0.0013708332381365809,0.0009356146967486695,0.0009612979158362836,0.0010477817169266984,0.0011711155025836294,0.0012566950798421858,0.0014522436198781711,0.0010124007683512235
331,0.001,0.0010082258583118595,0.0010081520013871714,0.0005830903790087463,0.0008749999999999999,0.001577761081893313,0.001209148839326354,0.0009964794837581323,0.0009088217909135293,0.0009042499748819451,0.0009236152994615145,0.0009681250953901018,0.0007105635733133098,0.0007470319581796266,0.0009138888254243873,0.0009659426803047493,0.0009900705638043936,0.0011219397836498208,0.0011398642360543566,0.0013619547539682588,0.0009327284574480456,0.0009871764994997187
332,0.001,0.0010343987643402712,0.0010340598181825958,0.0023323615160349854,0.0020416666666666665,0.002208865514650638,0.0017874374146563496,0.0015311757921161544,0.0012319584276827842,0.000803777755450618,0.001073713130727617,0.0009721505809253322,0.0005869872996936037,0.0009030056637336146,0.0011423610317804842,0.001115690812328738,0.0009526679459533594,0.001047143798073166,0.0011659497350044032,0.0014337258453696647,0.0017209506606665655,0.0010374034998229217
333,0.001,0.0010685373374208081,0.0010678526226983668,0.0011661807580174927,0.002333333333333333,0.0018933132982719755,0.001419435593991807,0.0011666101273265937,0.0009088217909135293,0.0015070832914699085,0.001090496127790831,0.0009269092100256741,0.0006428908520453756,0.0009440513757215061,0.0014279512897256053,0.0011153155820960616,0.0009900705638043936,0.0010558716878419482,0.0012119095461692272,0.001464683754463874,0.0014309025897103027,0.0010576098424241853
334,0.001,0.0010230192399800922,0.0010227955500106722,0.0005830903790087463,0.0008749999999999999,0.0009466566491359877,0.0007885753299954483,0.0010693926167160443,0.0009997039700048822,0.001708027730332563,0.0011434014528042353,0.0010076565471517406,0.0009000471928635257,0.000755241100577205,0.0011994790833695084,0.0009395765026220123,0.0009900705638043936,0.0009536886860306935,0.0010610819413825409,0.0012435473520651034,0.0011703921605784662,0.0009801130543533334
335,0.001,0.0010844686715250588,0.0010836225981390602,0.0029154518950437317,0.0017499999999999998,0.0018933132982719755,0.0015245789713245333,0.0012152188826318685,0.001029998029702,0.0012056666331759268,0.0011799746504957912,0.0009269092100256741,0.0006428908520453756,0.000993306230106976,0.0010281249286024357,0.0011082925229077994,0.0009612979158362836,0.0009828804074803752,0.0012272339862474673,0.0013883696148884901,0.0020082088897022624,0.0010308842477317387
336,0.001,0.0009854668095915014,0.0009856234650433239,0.0029154518950437317,0.0017499999999999998,0.0020510894064613068,0.0015245789713245333,0.0012881320155897808,0.001080488129197196,0.0014066110720385814,0.001016916628119211,0.0009721505809253322,0.0006136685405887676,0.0008209142397578314,0.0009710068770134114,0.0009455489171587804,0.0009612979158362836,0.0009909588765829537,0.0010871835305219164,0.0011044508052346126,0.001550004228214425,0.001008896787339291
337,0.001,0.0009706734279232688,0.0009709799164198231,0.0023323615160349854,0.0017499999999999998,0.0018933132982719755,0.0012617205279927173,0.0011666101273265937,0.0008179396118221764,0.0005023610971566361,0.0009485342511974262,0.0009681250953901018,0.0006428908520453756,0.0008209142397578314,0.0009138888254243873,0.001001417571885709,0.0009526679459533594,0.0009645333065407414,0.0012038141292797847,0.0012165147362436554,0.0017367892078723848,0.001024188321549993
338,0.001,0.0009820529522834478,0.0009822441845917468,0.0017492711370262395,0.0020416666666666665,0.001577761081893313,0.001419435593991807,0.001312436393242418,0.0009997039700048822,0.0009042499748819451,0.0010456740026034749,0.0009681250953901018,0.0007105635733133098,0.000837332524552988,0.0009710068770134114,0.0010242722199743147,0.0009526679459533594,0.0009591747881710708,0.0011905666593269996,0.0014104098797037424,0.0015561216834261953,0.0010293892818332658
339,0.001,0.001048054193572486,0.0010475769399889044,0.0023323615160349854,0.0020416666666666665,0.001577761081893313,0.0014720072826581703,0.0013367407708950556,0.0012117623878847056,0.0009042499748819451,0.0011112808823229394,0.0010153781661807106,0.0007105635733133098,0.0009768879453118196,0.0013708332381365809,0.0009737005653653364,0.0009526679459533594,0.000997840535448113,0.0011353970801028027,0.001181161892233132,0.0013355835075132614,0.0010354784207690642
340,0.001,0.0009581706501897546,0.0009585820161418976,0.002099125364431487,0.0015879629629629631,0.0012396694214876032,0.0009462903959945381,0.0010852839405658457,0.0009702019118684735,0.0010047221943132723,0.0008855265185498289,0.0009269092100256741,0.0008171481093103063,0.0008457058497985178,0.0010662036296617853,0.0008356353893063845,0.0009612979158362836,0.0011219397836498208,0.0009844539469969953,0.0010667295726861123,0.0012545189255741649,0.0009693626358230476
341,0.001,0.000971326311290758,0.0009716091783091716,0.0003498542274052478,0.0006805555555555557,0.0011269722013523666,0.0009068616294947657,0.0008240118807999941,0.0008731817206816261,0.000401888877725309,0.0008215943068244769,0.0009269092100256741,0.0008601559045371646,0.0007619725973432189,0.0007108024197745235,0.0008627225400681582,0.0009900705638043936,0.001047143798073166,0.0009581837519431981,0.0011560779030827634,0.0008057363697616603,0.0009391042289737504
342,0.001,0.0009965413284010148,0.0009965779057964463,0.0013994169096209913,0.0015879629629629631,0.0015777610818933129,0.0013405780609922623,0.0012661645973268201,0.0011836463324795376,0.0012056666331759268,0.0009289455278632394,0.0010153781661807106,0.0007105635733133098,0.0009210657770082867,0.0008885030247181543,0.0009964686633779168,0.0009526679459533594,0.0010558716878419482,0.0009801115398890548,0.001216999877625269,0.0014866411834996973,0.0009875299919882606
343,0.001,0.0010294304811535235,0.0010291458112146308,0.0006997084548104956,0.001814814814814815,0.0013523666416228397,0.0010645766954938555,0.0009646968360585296,0.0008731817206816261,0.000803777755450618,0.0009672525599400741,0.0009721505809253322,0.0007782362945812441,0.0009629324032359361,0.001110628780897693,0.000996133530055779,0.0009900705638043936,0.0009536886860306935,0.001018745916604785,0.0012432781034805564,0.0012360835020196195,0.0010091273196741741
344,0.001,0.0009855782774835118,0.0009857219373237182,0.0003498542274052478,0.0006805555555555557,0.0006761833208114199,0.0005914314974965864,0.0008843054330536521,0.0009604998927497888,0.0011051944137445997,0.0009906275523604755,0.0008837732553866656,0.0010895308124137418,0.000770345922588749,0.000932928175954062,0.0008391738386326209,0.0009900705638043936,0.0009828804074803752,0.0008919583960563982,0.00105556929183644,0.0010110418773349454,0.0009281017361661997
345,0.001,0.0010447787524380276,0.0010443441670764503,0.0017492711370262393,0.0013611111111111113,0.0013523666416228397,0.0011434342284934002,0.0010048925375609682,0.000989605950105843,0.001306138852607254,0.001026992883530596,0.0008837732553866656,0.0007782362945812441,0.0010131723547091155,0.0007996527222463389,0.0009898609513764364,0.0009612979158362836,0.0009909588765829537,0.0010316278274728934,0.0011784998205024925,0.0017347888633513955,0.0009680308691526851
346,0.001,0.0009494002094557522,0.0009498972413637151,0.0017492711370262393,0.0013611111111111113,0.0014650638617580765,0.0011434342284934002,0.0010651860898146265,0.0010381160456992666,0.0010047221943132723,0.0009745263033961843,0.0009721505809253322,0.000742861917554824,0.0008373325245529878,0.0007552275710104311,0.0008445080440099783,0.0009612979158362836,0.0009645333065407414,0.0009138997096112643,0.0009374989640833969,0.0013389693109328985,0.000956800503255403
347,0.001,0.0009351482432629985,0.0009357844823491686,0.0013994169096209913,0.0013611111111111113,0.0013523666416228397,0.0009462903959945381,0.0009646968360585296,0.0007858635486134635,0.0002009444388626545,0.0008075200501948997,0.0009269092100256741,0.0007782362945812441,0.0008373325245529878,0.0007108024197745235,0.0008944066028985866,0.0009526679459533594,0.0009591747881710708,0.0010119408106252158,0.001032623001056482,0.0015003232936851543,0.0009622779759561016
348,0.001,0.0009461112941805014,0.0009466404508218966,0.0010495626822157435,0.0015879629629629631,0.0011269722013523666,0.0010645766954938555,0.0010852839405658457,0.0009604998927497888,0.0007033055360192907,0.000959015610832905,0.0009269092100256741,0.0008601559045371646,0.0008540791750440477,0.0007552275710104311,0.0009148190149944525,0.0009526679459533594,0.000997840535448113,0.0010008048261266995,0.0011972084178745897,0.00134425386734924,0.0009704641577335017
349,0.001,0.0010096969895020183,0.0010096050679637202,0.0013994169096209913,0.0015879629629629631,0.0011269722013523666,0.0011040054619936277,0.0011053817913170652,0.0011642422942421682,0.001306138852607254,0.001081495443080118,0.0009681250953901018,0.0008601559045371646,0.0009964257042180556,0.0010662036296617853,0.0008696514215033537,0.0009526679459533594,0.0009828804074803752,0.0009544286062734016,0.0010026141908132525,0.0011537422261153887,0.000977041098818056
350,0.001,0.0009346178520845317,0.0009352536927402143,0.002099125364431487,0.0011342592592592593,0.0013636363636363637,0.0009913518434228495,0.0010600447791573376,0.0009009017753064397,0.0006028333165879634,0.0008940131442880151,0.0009269092100256741,0.0007762907038447909,0.0008539970836200719,0.0014469906402552798,0.0009384361261945253,0.000969053699415705,0.001047143798073166,0.0010166926834974846,0.0010805964838317297,0.0012259863331249773,0.0009618955656259588
351,0.001,0.0009474501338065161,0.0009479638221998775,0.0003498542274052478,0.00048611111111111115,0.0012396694214876034,0.000950045516613564,0.0008048488138046454,0.0008108115977757957,0.000803777755450618,0.0008118118851486224,0.001056839102569329,0.0008171481093103063,0.0007694429169250153,0.0009646604268368533,0.0009688555664860924,0.000998058486065249,0.0010558716878419482,0.0009895621964018512,0.001171106294504492,0.0007874108212256943,0.0009677555415126214
352,0.001,0.0009720453404403196,0.0009723249036642319,0.0013994169096209913,0.0011342592592592593,0.0017355371900826444,0.0014044151115157034,0.001236718909016894,0.0010991001658738563,0.0005023610971566361,0.0009127364406203146,0.0009721505809253322,0.0006750353946476443,0.0009300958336456228,0.0012058255335460665,0.0011190552773390828,0.000960354102648538,0.0009536886860306935,0.0010122080719533104,0.0012328202219743635,0.0014528292368305301,0.0009727582570038436
353,0.001,0.0010041260447452805,0.0010041002273133899,0.0006997084548104956,0.0012962962962962963,0.0014876033057851239,0.0011152708238507056,0.0009422620259176335,0.0008108115977757957,0.0009042499748819451,0.0009408213663605821,0.0010649376049291118,0.0007393244798521819,0.0009723729169931511,0.0015072819169325833,0.0011186789155662208,0.000998058486065249,0.0009828804074803752,0.0010521076409054052,0.0012594400506428945,0.001207970202110534,0.0010198942466645388
354,0.001,0.0009613517723386658,0.0009617331291145126,0.0003498542274052478,0.00048611111111111115,0.0007438016528925619,0.0006195949021392809,0.0008637401904244973,0.0008918927575533753,0.0007033055360192907,0.0009288215592642127,0.0009721505809253322,0.0010350542717930545,0.000777898333594521,0.00126611681022337,0.000942409879246326,0.000998058486065249,0.0009909588765829537,0.0009211681034150596,0.0010692911253289527,0.0009880468907731792,0.0009446021716634133
355,0.001,0.0010190970400875956,0.001018928711682997,0.0017492711370262393,0.0009722222222222223,0.0014876033057851239,0.0011978834774692764,0.0009815229436642015,0.0009189198108125685,0.0010047221943132723,0.0010384540727410645,0.0009721505809253322,0.0007393244798521819,0.0010231054170101851,0.00108524298019146,0.001111634677717488,0.000969053699415705,0.0009645333065407414,0.001065411406479228,0.001193819684800323,0.0016953330826418773,0.0009825970487178895
356,0.001,0.0009260629976032087,0.000926780273100439,0.0017492711370262393,0.0009722222222222223,0.0016115702479338842,0.0011978834774692764,0.0010404143202840538,0.0009639648995778905,0.0009042499748819451,0.0009078746398056479,0.0010196001310282415,0.0007057188216770829,0.0008455416669505662,0.0010249517035141565,0.0009484003041310455,0.000969053699415705,0.0009591747881710708,0.0009438279475099552,0.0009496859467704122,0.0013085159914396655,0.0009625367059280579
357,0.001,0.000912161359071059,0.0009130109661858039,0.0013994169096209913,0.0009722222222222223,0.0014876033057851239,0.0009913518434228495,0.0009422620259176335,0.0007297304379982162,0.0012056666331759268,0.0009100439968765518,0.0009269092100256741,0.0007393244798521819,0.0008455416669505662,0.0009646604268368533,0.0010044374357620828,0.000960354102648538,0.000997840535448113,0.0010450796824306,0.0010460465451010274,0.0014662001631304288,0.0009579428006743032
358,0.001,0.0009228549271727126,0.0009236027407355231,0.0010495626822157435,0.0011342592592592593,0.0012396694214876034,0.0011152708238507056,0.0010600447791573376,0.0008918927575533753,0.0007033055360192907,0.0008180492386477545,0.0009721505809253322,0.0008171481093103063,0.0008624525002895775,0.0010249517035141565,0.0010273610040774828,0.000960354102648538,0.0009828804074803752,0.0010335790185369569,0.0012127714838835763,0.0013136803566883581,0.0009719762146989806
359,0.001,0.000984877622162304,0.0009850350331238951,0.0013994169096209913,0.0011342592592592593,0.0012396694214876034,0.001156577150659991,0.0010796752380306217,0.0010810821303677276,0.001306138852607254,0.0009675485618434148,0.0010153781661807106,0.0008171481093103063,0.0010061945836711739,0.0014469906402552798,0.0009766368461400134,0.000960354102648538,0.0010206701656515782,0.0009856840778371429,0.001015647636452463,0.0011275016839776108,0.0009787593793468923
360,0.001,0.0009035709818549195,0.0009045027209834498,0.0013994169096209913,0.0011342592592592593,0.0009917355371900827,0.0011265361857077834,0.001312436393242418,0.0010098019899039215,0.0007033055360192907,0.0009412761781110819,0.0009681250953901018,0.0009132831809938716,0.0007710847454045311,0.0015231480423739789,0.000816087918499552,0.0010091587548332996,0.0010558716878419482,0.0009654757727780855,0.0010028026333531491,0.0011631289452951855,0.0009743316105579682
361,0.001,0.000915976990759106,0.0009167949436921718,0.00023323615160349855,0.00048611111111111115,0.0009015777610818932,0.0010795971779699591,0.0009964794837581323,0.0009088217909135293,0.0006028333165879634,0.0007669914365146006,0.0009681250953901018,0.0009613507168356543,0.0006947397211070526,0.0010154320282493193,0.0008425414373023016,0.0010393639275673887,0.0009536886860306935,0.0009397120111029308,0.0010867964995603567,0.000747039582139367,0.0009558709472506326
362,0.001,0.0009397551744921303,0.000940355037217222,0.0009329446064139942,0.0011342592592592593,0.0012622088655146503,0.0015959262630860264,0.0015311757921161544,0.0012319584276827842,0.000803777755450618,0.0008945783350220996,0.0010153781661807106,0.0007941592878207578,0.0008397952672722615,0.001269290035311649,0.0009731589252354581,0.001000099118358665,0.0009828804074803752,0.0009612170780254819,0.0011440675437543052,0.0013783414156187355,0.000979426822582497
363,0.001,0.0009707701967525967,0.0009710855939890265,0.0004664723032069971,0.0012962962962962963,0.0010818933132982719,0.0012673532089212563,0.0011666101273265937,0.0009088217909135293,0.0009042499748819451,0.0009798333448258652,0.0010649376049291118,0.0008697935057084492,0.0008779677794210006,0.0015866125441395614,0.0009728316314674067,0.0010393639275673887,0.0009909588765829537,0.0009991066662882971,0.0011687709688418602,0.0011460365170201364,0.001021218798473729
364,0.001,0.0009294168337386415,0.0009301115182932869,0.00023323615160349855,0.00048611111111111115,0.0005409466566491359,0.0007040851160673646,0.0010693926167160443,0.0009997039700048822,0.001306138852607254,0.0009344394828241282,0.0010153781661807106,0.0012177109079918287,0.0007023742235368006,0.0013327545370772314,0.0008195435952005607,0.0010393639275673887,0.0009645333065407414,0.0008747633389508683,0.0009923111654951513,0.0009373888655331714,0.0009705814138260864
365,0.001,0.0009852438738074808,0.0009854265204825353,0.0011661807580174927,0.0009722222222222223,0.0010818933132982719,0.001361231224396905,0.0012152188826318685,0.001029998029702,0.0009042499748819451,0.000919590427336907,0.0010605279064639988,0.0008697935057084492,0.0009237747939994876,0.0011423610317804842,0.0009667057831087124,0.0010091587548332996,0.0009591747881710708,0.0010117402413663229,0.0011078747169540235,0.0016084118778967396,0.0010018067463865936
366,0.001,0.0008953003092521285,0.000896307905844302,0.0011661807580174927,0.0009722222222222223,0.001172051089406461,0.001361231224396905,0.0012881320155897808,0.001080488129197196,0.000803777755450618,0.000855952419031824,0.0010649376049291118,0.0008302574372671561,0.0007634502429747831,0.0010788965300149017,0.0008247530210087113,0.0010091587548332996,0.000997840535448113,0.0008962816707375103,0.0008813165529679323,0.0012414272360978691,0.0009726585341390264
367,0.001,0.0008818604662725931,0.0008829913312431866,0.0009329446064139942,0.0009722222222222223,0.0010818933132982719,0.0011265361857077834,0.0011666101273265937,0.0008179396118221764,0.0011051944137445997,0.0008848012290547305,0.0009681250953901018,0.0008697935057084492,0.0007634502429747831,0.0010154320282493193,0.0008734843356234891,0.001000099118358665,0.0009828804074803752,0.0009924327482502791,0.000970739999372995,0.0013910268028735667,0.0009680303856528823
368,0.001,0.0008921988070260818,0.0008932348501671214,0.0006997084548104956,0.0011342592592592593,0.0009015777610818932,0.0012673532089212563,0.001312436393242418,0.0009997039700048822,0.0009042499748819451,0.0009037537375069245,0.0009681250953901018,0.0009613507168356543,0.0007787192478342788,0.0010788965300149017,0.0008934192535458828,0.001000099118358665,0.0010206701656515782,0.0009815114418020227,0.001125462146037705,0.0012463268198391658,0.0009765892775481224
369,0.001,0.0009521611833963169,0.0009526472599259438,0.0009329446064139942,0.0011342592592592593,0.0009015777610818932,0.0013142922166590805,0.0013367407708950556,0.0012117623878847056,0.000803777755450618,0.0010082506577405565,0.0011122910520308088,0.0009613507168356543,0.000908505789139992,0.0015231480423739789,0.0008493082359567633,0.001000099118358665,0.0010156828000694171,0.0009360292566394028,0.000942529556252037,0.0010696936899456746,0.0010045161220768755
370,0.001,0.0008479007317880286,0.0008493630474885619,0.0013994169096209913,0.0006805555555555556,0.0009917355371900827,0.0007209831588529814,0.0009086098107062893,0.0006237012290583044,0.000803777755450618,0.0008062729142380086,0.0009721505809253322,0.0009132831809938716,0.0007130461086536524,0.0012185184338991829,0.0008352303186780662,0.0009612979158362836,0.0009536886860306935,0.0009090280369451948,0.0009499280498986786,0.0009339794796700307,0.0009278853793321613
371,0.001,0.0008595423894327154,0.0008609059201611132,0.00023323615160349855,0.0002916666666666667,0.0009015777610818932,0.0006909421939007739,0.0006898704118325531,0.000561331106152474,0.0007033055360192907,0.0007940949091419581,0.0009721505809253322,0.0009613507168356543,0.0006424474840344788,0.0008123456225994553,0.000862304339061066,0.0009900705638043936,0.0009828804074803752,0.0008847705854790639,0.0010294931875198966,0.0005998643942631587,0.000918870795075402
372,0.001,0.000881855566585032,0.0008830297594501698,0.0009329446064139942,0.0006805555555555556,0.0012622088655146503,0.0010213928083750569,0.0010600447791573376,0.0007609154994511313,0.0006028333165879634,0.0008300409436862798,0.0009721505809253322,0.0007941592878207578,0.0007765848708109086,0.001015432028249319,0.0009959856295180067,0.0009526679459533594,0.0009909588765829537,0.0009050183320514421,0.0010837445122745054,0.001106792676232927,0.000922963114240079
373,0.001,0.0009109597106967492,0.0009118869411315478,0.0004664723032069971,0.0007777777777777778,0.0010818933132982719,0.0008111060537096041,0.0008076531650722572,0.000561331106152474,0.0007033055360192907,0.0009400005245294237,0.0010196001310282415,0.0008697935057084492,0.0008118841831204952,0.001269290035311649,0.0009956506586502926,0.0009900705638043936,0.0009645333065407414,0.000940692658648061,0.001107145404572497,0.0009202544517346487,0.0009607216684150184
374,0.001,0.0008721541852144595,0.0008734106988897103,0.00023323615160349855,0.0002916666666666667,0.0005409466566491359,0.0004506144742831134,0.0007403487346495691,0.0006174642167677214,0.0009042499748819451,0.0009183734231345772,0.0010153781661807106,0.0012177109079918287,0.0006495073464963963,0.0010662036296617851,0.0008387670527563485,0.0009900705638043936,0.0009591747881710708,0.0008236192178184309,0.0009399897636682186,0.0007527127309663521,0.000933410924950801
375,0.001,0.0009245416446155506,0.000925353625916191,0.0011661807580174927,0.0005833333333333334,0.0010818933132982719,0.0008711879836140192,0.0008413053802836012,0.0006361752536394705,0.0009042499748819451,0.000977892823247546,0.0010153781661807106,0.0008697935057084492,0.0008542433578919994,0.0009138888254243871,0.0009893811205762418,0.0009612979158362836,0.000997840535448113,0.0009525875961250858,0.0010494600177596166,0.0012915366734612996,0.0009462981966789339
376,0.001,0.0008401396266915705,0.0008416677990401945,0.0011661807580174927,0.0005833333333333334,0.001172051089406461,0.0008711879836140192,0.0008917837031006174,0.0006673603150923856,0.0010047221943132723,0.000865344865132477,0.0010196001310282415,0.0008302574372671561,0.000705986246191735,0.0008631172240119212,0.0008440986724007996,0.0009612979158362836,0.0009828804074803752,0.0008438794537082056,0.0008348475429356274,0.0009968521277962314,0.0009189171707501179
377,0.001,0.0008275278309098265,0.0008291630203115974,0.0009329446064139942,0.0005833333333333334,0.0010818933132982719,0.0007209831588529814,0.0008076531650722572,0.0005051979955372265,0.0012056666331759268,0.0008235455089440651,0.0009269092100256741,0.0008697935057084492,0.000705986246191735,0.0008123456225994553,0.0008939730431795458,0.0009526679459533594,0.0010206701656515782,0.0009344089394871173,0.0009195559763137291,0.0011169788997256915,0.0009142723324112855
378,0.001,0.0008372292122803989,0.0008387820808720567,0.0006997084548104956,0.0006805555555555556,0.0009015777610818932,0.0008111060537096041,0.0009086098107062893,0.0006174642167677214,0.0010047221943132723,0.0008374173834414799,0.0009269092100256741,0.0009613507168356543,0.0007201059711155698,0.0008631172240119212,0.0009143755604472379,0.0009526679459533594,0.0010156828000694171,0.0009241261607354879,0.001066120117819714,0.0010007864385120004,0.0009205397191511832
379,0.001,0.0008934972242297189,0.000894572632122721,0.0009329446064139942,0.0006805555555555556,0.0009015777610818932,0.0008411470186618117,0.0009254359183119614,0.0007484414748699653,0.0007033055360192907,0.0008958379039086802,0.0010649376049291118,0.0009613507168356543,0.0008401236329681648,0.0012185184338991829,0.0008692298617510571,0.0009526679459533594,0.0009801623184522814,0.000881303147812659,0.0008928329798542333,0.0008589520190198913,0.0009472184843111716
380,0.001,0.0009603118136538659,0.000960702772814778,0.0013994169096209913,0.0004537037037037037,0.0009917355371900827,0.0009913518434228495,0.0011105231019743539,0.0008811017362887157,0.001607555510901236,0.0009937088274605084,0.0009269092100256741,0.0009132831809938716,0.0008871620189062884,0.0012185184338991829,0.0009073328905187237,0.0010091587548332996,0.0009828804074803752,0.0009996022575469296,0.0012147443755823222,0.0010744175765559848,0.0009525114961733657
381,0.001,0.0009734968728802348,0.0009737587561372892,0.00023323615160349855,0.00019444444444444446,0.0009015777610818932,0.000950045516613564,0.0008431749477953428,0.000792991562659844,0.0010047221943132723,0.0009563980484473397,0.0009269092100256741,0.0009613507168356543,0.0007993241952522003,0.0008123456225994553,0.0009367441183234684,0.0010393639275673887,0.0009909588765829537,0.0009729278291878607,0.0013164902956318638,0.0006900631788764207,0.0009475041013344615
382,0.001,0.000998768236397442,0.0009987827241721022,0.0009329446064139942,0.0004537037037037037,0.0012622088655146503,0.0014044151115157034,0.0012956102856367462,0.001074944118272233,0.0010047221943132723,0.0009735250683411265,0.0009269092100256741,0.0007941592878207578,0.0009662160601949675,0.001015432028249319,0.0010819656565819722,0.001000099118358665,0.0009645333065407414,0.0009951930315373978,0.001385865541073432,0.0012732158798266276,0.0009480646186082331
383,0.001,0.0010317308844633641,0.00103142268247838,0.0004664723032069971,0.0005185185185185185,0.0010818933132982719,0.0011152708238507056,0.0009871316461994256,0.000792991562659844,0.0009042499748819451,0.0009827701244424592,0.0010153781661807106,0.0008697935057084492,0.0010101349720220115,0.001269290035311649,0.001081601768826887,0.0010393639275673887,0.0009591747881710708,0.0010344218957232412,0.0014157900204122878,0.00105862878079175,0.000995054120809781
384,0.001,0.0009877806870421343,0.0009879027380700095,0.00023323615160349855,0.00019444444444444446,0.0005409466566491359,0.0006195949021392809,0.0009048706756828068,0.0008722907189258284,0.0005023610971566361,0.0010546035624008046,0.0009269092100256741,0.0012177109079918287,0.0008081079776176092,0.0010662036296617851,0.0009111749387328294,0.0010393639275673887,0.000997840535448113,0.0009056834289259396,0.0012020355422105039,0.0008658946003111584,0.0009518536914074274
385,0.001,0.0010471134535607943,0.0010466546630213097,0.0011661807580174927,0.0003888888888888889,0.0010818933132982719,0.0011978834774692764,0.001028262131457735,0.0008987237710144899,0.0014066110720385814,0.0011466809773946292,0.0010076565471517406,0.0008697935057084492,0.0010628376662144643,0.0009138888254243871,0.0010747910030108796,0.0010091587548332996,0.0009828804074803752,0.0010475020273277302,0.0013420233817792765,0.0014857389620848158,0.0009824135679180467
386,0.001,0.00095152177416962,0.000951998783933104,0.0011661807580174927,0.0003888888888888889,0.001172051089406461,0.0011978834774692764,0.001089957859345199,0.0009427788578289256,0.0009042499748819451,0.0009107491841167185,0.0009269092100256741,0.0008302574372671561,0.0008783782365408794,0.0008631172240119212,0.0009169668188345989,0.0010091587548332996,0.0010206701656515782,0.0009279623650101445,0.0010675822841087212,0.001146744088756526,0.00093340797914822
387,0.001,0.0009372379600077204,0.0009378548020003835,0.0009329446064139942,0.0003888888888888889,0.0010818933132982719,0.0009913518434228495,0.0009871316461994256,0.0007136924063938597,0.0006028333165879634,0.001014413318356041,0.0009681250953901018,0.0008697935057084492,0.0008783782365408794,0.0008123456225994553,0.0009711466731687959,0.001000099118358665,0.0010156828000694171,0.001027512075999552,0.0011759053229129911,0.0012849337577860236,0.0009585822138772604
388,0.001,0.0009482255093630278,0.0009487347881024761,0.0006997084548104956,0.0004537037037037037,0.0009015777610818932,0.0011152708238507056,0.0011105231019743539,0.0008722907189258284,0.0010047221943132723,0.0009631127361562012,0.0008837732553866656,0.0009613507168356543,0.0008959458012716971,0.0008631172240119212,0.000993310469851431,0.001000099118358665,0.0009801623184522814,0.0010162047362517858,0.0013633279035762703,0.001151269983250641,0.0009458110337197757
389,0.001,0.0010119532956238107,0.0010118387074946134,0.0009329446064139942,0.0004537037037037037,0.0009015777610818932,0.001156577150659991,0.0011310883446035086,0.0010573220835464587,0.001306138852607254,0.0010590785970358127,0.0009681250953901018,0.0009613507168356543,0.0010452701014836468,0.0012185184338991829,0.0009442674976598508,0.001000099118358665,0.0009851859294238475,0.0009691149011170287,0.001141732619357873,0.000988108589900998,0.0009616896883979752
390,0.001,0.000989217520419367,0.000989332987898662,0.0027988338192419825,0.0013611111111111111,0.0012396694214876032,0.0011715976331360947,0.0013881538774679423,0.0009504018728507496,0.001306138852607254,0.000998665011958799,0.0008837732553866656,0.0008171481093103063,0.0010115305262296001,0.0011423610317804842,0.0009428103263822681,0.000969053699415705,0.0009909588765829537,0.0010304419727157285,0.0011654361334582366,0.001212893893717154,0.000970977843641783
391,0.001,0.0010027994543381684,0.0010027780568168773,0.0004664723032069971,0.0005833333333333334,0.0011269722013523666,0.0011227810650887575,0.0010539686847441784,0.0008553616855656746,0.000803777755450618,0.0008505541442624735,0.0009269092100256741,0.0008601559045371646,0.0009113789889791444,0.0007615740211869894,0.0009733715565279556,0.000998058486065249,0.0009645333065407414,0.0010029445852580048,0.001263052038533611,0.0007790019766999284,0.0009536591353846113
392,0.001,0.0010288314943492044,0.0010285477722434563,0.0018658892128279884,0.0013611111111111111,0.0015777610818933129,0.0016597633136094675,0.0016195128570459327,0.0011594902848779144,0.0007033055360192907,0.001019064856291783,0.0010153781661807106,0.0007105635733133098,0.0011016669097550099,0.0009519675264837367,0.0011242713721457492,0.000960354102648538,0.0009591747881710708,0.0010258967133256977,0.0013296112417951025,0.0014373143177493083,0.0009988722115988544
393,0.001,0.0010627863291462077,0.001062160444538994,0.0009329446064139942,0.0015555555555555557,0.0013523666416228397,0.0013180473372781066,0.001233914557749282,0.0008553616855656746,0.0011051944137445997,0.0010648045783639172,0.0009269092100256741,0.0007782362945812441,0.0011517426783802375,0.0011899594081046711,0.0011238932560907451,0.000998058486065249,0.000997840535448113,0.0010663358658924975,0.0013583210429659938,0.001195070158896124,0.001010551305791055
394,0.001,0.0010175132160835363,0.0010173435481449437,0.0004664723032069971,0.0005833333333333334,0.0006761833208114199,0.0007322485207100592,0.0011310883446035086,0.0009408978541222421,0.0015070832914699085,0.0010857808223845987,0.0009269092100256741,0.0010895308124137418,0.0009213941427041901,0.0009995659028079237,0.0009468026017296839,0.000998058486065249,0.0009828804074803752,0.0009336255616795424,0.00115324317012921,0.0009774954321638788,0.0009512719518069843
395,0.001,0.0010786319187181426,0.0010778463582769118,0.0023323615160349854,0.0011666666666666668,0.0013523666416228397,0.0014156804733727812,0.0012853276643221688,0.0009694099103077647,0.0009042499748819451,0.001130936326635031,0.0009269092100256741,0.0007782362945812441,0.001211833600730511,0.0008567707738353631,0.0011168161839279227,0.000969053699415705,0.0010206701656515782,0.0010798195455382273,0.001287548699553862,0.001677228439008542,0.0009909657779750573
396,0.001,0.0009801628978068327,0.0009803696086198522,0.0023323615160349854,0.0011666666666666668,0.0014650638617580765,0.0014156804733727812,0.001362447324181499,0.001016930003950302,0.0007033055360192907,0.0010035967210231395,0.0009721505809253322,0.000742861917554824,0.0010015153725045545,0.0008091723975111762,0.0009528209489384955,0.000969053699415705,0.0010156828000694171,0.0009565918471948967,0.0010242475654548627,0.0012945422089681888,0.0009680224677108044
397,0.001,0.0009654491360614646,0.0009658041172917858,0.0018658892128279884,0.0011666666666666668,0.0013523666416228397,0.0011715976331360947,0.001233914557749282,0.0007698255170091072,0.0011051944137445997,0.0009226549075244687,0.0008837732553866656,0.0007782362945812441,0.0010015153725045545,0.0007615740211869894,0.0010091192785614464,0.000960354102648538,0.0009801623184522814,0.0010592128645052644,0.001128173614462479,0.0014505424544946433,0.0009652104625789728
398,0.001,0.0009767674143271322,0.0009770083413902983,0.0013994169096209913,0.0013611111111111111,0.0011269722013523666,0.0013180473372781066,0.0013881538774679423,0.0009408978541222421,0.0011051944137445997,0.0010020419614202836,0.0009681250953901018,0.0008601559045371646,0.0010215456799546455,0.0008091723975111762,0.0010321496972783067,0.000960354102648538,0.0009851859294238475,0.0010475566708663577,0.0013079884398048615,0.0012996514234070626,0.0009900970979623421
399,0.001,0.0010424134282680058,0.0010419928411616714,0.0018658892128279884,0.0013611111111111111,0.0011269722013523666,0.0013668639053254438,0.0014138604307543858,0.0011404822474208995,0.0010047221943132723,0.00113148764434407,0.0010605279064639988,0.0008601559045371646,0.0011918032932804199,0.0011423610317804842,0.0009811891059651606,0.000960354102648538,0.000972427552353203,0.0009990140207825173,0.00109538803067906,0.0011154609726900153,0.001008362200810796
400,0.001,0.0011000045225148065,0.0010990053843254923,0.0005597667638483966,0.0007777777777777778,0.000371900826446281,0.0010050068274920347,0.0012310197435375534,0.0014151204356785058,0.0011051944137445997,0.001026939299895324,0.0009681250953901018,0.0014786489597043634,0.0010527133579586378,0.0012299420442169879,0.0010540792022833772,0.001039887471598992,0.0010181184902374493,0.0011061096554613938,0.0010643703312768814,0.0006661445400807292,0.0010544166778206944
401,0.001,0.0011151075594372066,0.0011139409048372773,9.329446064139943e-05,0.0003333333333333334,0.00033809166040571,0.0009631315430131999,0.0009346631386118461,0.001273608392110655,0.0010047221943132723,0.0011018128427025967,0.0010649376049291118,0.001556472589162488,0.0009484843126161982,0.0008199613628113253,0.0010882472169850995,0.0010710123868348028,0.0010477817169266984,0.0010765930727014814,0.0011535210536889832,0.00042784279497062617,0.0010676878260358277
402,0.001,0.001144055046871807,0.0011425673191515313,0.00037317784256559773,0.0007777777777777778,0.0004733283245679939,0.0014237596722803825,0.0014361897007938123,0.001726446931527777,0.001306138852607254,0.0012115866896689332,0.0011122910520308088,0.0012857817040907507,0.001146519498766833,0.0010249517035141565,0.0012569559729460735,0.0010305519706957965,0.0010477817169266984,0.0011012306274025508,0.00121430828963536,0.0007894005321555679,0.00106623386193871
403,0.001,0.001181812639177807,0.001179906120430993,0.00018658892128279887,0.0008888888888888889,0.00040570999248685195,0.0011306326809285392,0.0010942397720333807,0.001273608392110655,0.001306138852607254,0.0011500486233457265,0.0010649376049291118,0.0014082371044803464,0.0011986340214380528,0.0012811896293926958,0.0012565332322754675,0.0010710123868348028,0.0011219397836498208,0.00114463931833051,0.0012405283970319619,0.0006563554037874561,0.0010973172068874488
404,0.001,0.0011314691827698066,0.0011301210520583771,9.329446064139943e-05,0.0003333333333333334,0.00020285499624342598,0.0006281292671825217,0.0010030531243639324,0.0014009692313217206,0.0012056666331759268,0.001110111088021657,0.0009681250953901018,0.0019715319462724847,0.0009589072171504422,0.0010761992886898645,0.001058542639197191,0.0010710123868348028,0.001047143798073166,0.0010021837965680394,0.0010532347331559842,0.0005368591996899517,0.0010768774860886324
405,0.001,0.001199432848920607,0.0011973308943614086,0.0004664723032069971,0.0006666666666666668,0.00040570999248685195,0.0012143832498862086,0.001139833095868105,0.001443422844392076,0.0014066110720385814,0.0012701924848406694,0.0009681250953901018,0.0014082371044803464,0.0012611714486435164,0.0009224565331627409,0.0012486209360572937,0.001039887471598992,0.0010558716878419482,0.001159113135044306,0.0011758933814869324,0.0009211659592823483,0.0010628496177782583
406,0.001,0.0010899358312332064,0.0010890483706509693,0.0004664723032069971,0.0006666666666666668,0.000439519158527423,0.0012143832498862086,0.0012082230816201913,0.001514178866176001,0.0009042499748819451,0.00116385522375334,0.0009681250953901018,0.001344226327003967,0.0010422904534243937,0.000871208947987033,0.0010652712615376685,0.001039887471598992,0.0009536886860306935,0.0010268365483301464,0.0009354255366339195,0.0007109873574887544,0.0010220841619332233
407,0.001,0.0010735742079006063,0.0010728682234298693,0.00037317784256559773,0.0006666666666666668,0.00040570999248685195,0.0010050068274920347,0.0010942397720333807,0.0011462475528995896,0.0007033055360192907,0.0011260084760624375,0.0010153781661807106,0.0014082371044803464,0.0010422904534243937,0.0008199613628113253,0.0011282138245519663,0.0010305519706957965,0.0009828804074803752,0.0011369932588541874,0.001030339191732548,0.0007966656780302334,0.0010552897626512382
408,0.001,0.0010861600720026064,0.001085314490523023,0.0002798833819241983,0.0007777777777777778,0.00033809166040571,0.0011306326809285392,0.0012310197435375534,0.0014009692313217206,0.0012056666331759268,0.0011155395364721222,0.0010153781661807106,0.001556472589162488,0.0010631362624928817,0.000871208947987033,0.0011539622542307876,0.0010305519706957965,0.0009909588765829537,0.0011244811245746194,0.0011945606018326875,0.0007137934358441551,0.001072614313512032
409,0.001,0.001159158083794207,0.001157502839663316,0.00037317784256559773,0.0007777777777777778,0.00033809166040571,0.0011725079654073738,0.0012538164054549156,0.0016981445228142068,0.001306138852607254,0.0010399788938144543,0.0009681250953901018,0.001556472589162488,0.0012403256395750286,0.0012299420442169879,0.0010969873803498766,0.0010305519706957965,0.0009645333065407414,0.0010723738779939015,0.001000396750726265,0.0006126325150779214,0.001061018560226066
410,0.001,0.0010667752192305051,0.0010661146143095591,0.001959183673469388,0.0014259259259259258,0.000743801652892562,0.001099226217569413,0.001250559739466721,0.0012578848317142271,0.001607555510901236,0.001091700009036631,0.0011489052320026653,0.0009857659731362424,0.0010229195836767896,0.0010357406688143056,0.0010020993045654957,0.0009905692779898657,0.0010477817169266984,0.0010287251682391818,0.0009543582571406039,0.0008261995048974421,0.0010388873731239034
411,0.001,0.0010814220185792077,0.0010806031481393607,0.000326530612244898,0.0006111111111111111,0.00067618332081142,0.0010534251251706874,0.0009494990614469549,0.0011320963485428044,0.0007033055360192907,0.0010801165116981178,0.001204981973033376,0.001037648392774992,0.0009216404169761172,0.0006904937792095371,0.0010345823890403705,0.0010202180483180865,0.0010477817169266984,0.0010012735937812492,0.0010342944650222822,0.0005306408506115369,0.001025820450549951
412,0.001,0.0011094950506642211,0.0011083728379798134,0.001306122448979592,0.0014259259259259258,0.0009466566491359878,0.0015572371415566685,0.0014589863627111745,0.001534619494691357,0.0012056666331759268,0.0012168890637534605,0.0011084222018669146,0.0008571878027271671,0.0011140708337073946,0.0008631172240119213,0.0011949715957113426,0.0009816765269548596,0.0011219397836498208,0.0010241874816401227,0.0010887988032675837,0.0009790702911918604,0.0010229155968387047
413,0.001,0.0011461120490359774,0.001144594172554317,0.000653061224489796,0.0016296296296296295,0.0008114199849737039,0.0012366294947655895,0.001111608657303752,0.0011320963485428044,0.0009042499748819451,0.001134281989958126,0.001056839102569329,0.0009388247363202308,0.0011647104170577306,0.0010788965300149017,0.0011945697016875272,0.0010202180483180865,0.001047143798073166,0.0010645592591193456,0.0011123088309917132,0.000814058326711255,0.0010479509951197368
414,0.001,0.0010972893845403022,0.0010962990597883121,0.000326530612244898,0.0006111111111111111,0.00040570999248685195,0.0006870163859808831,0.0010189746025284392,0.0012453059833970848,0.0015070832914699085,0.0011837120851100372,0.0011489052320026653,0.001314354630848323,0.0009317683336461845,0.0009062730852125174,0.0010063426356336125,0.0010202180483180865,0.0010558716878419482,0.000932070061626021,0.0009443736214338491,0.0006658506950003996,0.0010236558205845281
415,0.001,0.0011631999816094638,0.0011614974620224189,0.00163265306122449,0.0012222222222222222,0.0008114199849737039,0.0013282316795630406,0.0011579256846914084,0.0012830425283485117,0.000803777755450618,0.0013095739495454992,0.001056839102569329,0.0009388247363202308,0.001225477917078134,0.0007768055016107292,0.0011870475852084502,0.0009905692779898657,0.0009536886860306935,0.0010780204738013134,0.0010543544151524356,0.0011424950798143909,0.0010274811451790604
416,0.001,0.00105701068633137,0.0010564555917563583,0.00163265306122449,0.0012222222222222222,0.000879038317054846,0.0013282316795630406,0.001227401225772893,0.001345936769934223,0.0014066110720385814,0.0010370351070731908,0.0010076565471517406,0.0008961508846693113,0.0010127916670067223,0.0007336496404101331,0.001012739448846007,0.0009905692779898657,0.0009828804074803752,0.0009549980833450371,0.0008387410458498865,0.0008818167340594897,0.0009820251332615104
417,0.001,0.0010411433203702757,0.0010407596801074066,0.001306122448979592,0.0012222222222222222,0.0008114199849737039,0.001099226217569413,0.001111608657303752,0.001018886713688524,0.0010047221943132723,0.0011082837434280189,0.0010076565471517406,0.0009388247363202308,0.0010127916670067223,0.0006904937792095371,0.0010725781198752458,0.0009816765269548596,0.0009909588765829537,0.0010574481252617666,0.0009238445364273666,0.0009880810382047068,0.0010002751127477566
418,0.001,0.0010533489864941945,0.0010528334582989077,0.000979591836734694,0.0014259259259259258,0.00067618332081142,0.0012366294947655895,0.001250559739466721,0.0012453059833970848,0.001306138852607254,0.0010563993237977536,0.001056839102569329,0.001037648392774992,0.0010330475003468569,0.0007336496404101331,0.001097056815042465,0.0009816765269548596,0.0009645333065407414,0.001045811351838601,0.0010710922134086706,0.0008852970306144306,0.0010233222544630716
419,0.001,0.0011241418500129237,0.001122861371809615,0.001306122448979592,0.0014259259259259258,0.00067618332081142,0.0012824305871643152,0.0012737182531605492,0.0015094617980570724,0.001306138852607254,0.0010801165116981178,0.0010076565471517406,0.001037648392774992,0.0012052220837379995,0.0010357406688143056,0.0010428915479827527,0.0009816765269548596,0.0009591747881710708,0.000997349577962421,0.0008969969111473475,0.0007598301122157556,0.001011768226213271
420,0.001,0.0010518793246547839,0.0010513704760265546,0.0013994169096209913,0.0007777777777777778,0.0005785123966942149,0.0010364132908511608,0.0011528597598208835,0.0011949905901285159,0.0011051944137445997,0.0010945526400010905,0.0010153781661807106,0.0011572035336816758,0.0010427820998646885,0.0012946758360178818,0.001087604283097781,0.000998561223893368,0.0010477817169266984,0.0008913732803622066,0.0009025382608200881,0.000787884660182295,0.0009791600421111587
421,0.001,0.001066321603711829,0.0010656586365161568,0.00023323615160349855,0.0003333333333333334,0.0005259203606311044,0.0009932294037323624,0.0008753194472714116,0.0010754915311156643,0.0019089721691952176,0.001088553480784259,0.001157709232261475,0.0012181089828228165,0.0009395363474028379,0.0008631172240119213,0.0011228590144823308,0.001028449201487384,0.0011219397836498208,0.0008675869468193439,0.0009781340714061894,0.0005060324822087763,0.0010000661762346891
422,0.001,0.0010940026385711655,0.0010930442774545607,0.0009329446064139942,0.0007777777777777778,0.0007362885048835461,0.0014682521620391444,0.001345003053124364,0.0014578885199567893,0.0007033055360192907,0.0010752955172020175,0.0010153781661807106,0.0010062639423318919,0.0011357032770803537,0.0010788965300149015,0.0012969335671172521,0.000989596725847038,0.001047143798073166,0.00088744145025448,0.0010296789187200814,0.0009336660928718837,0.0009676826297243628
423,0.001,0.001130108336213778,0.001128764678678566,0.0004664723032069971,0.0008888888888888889,0.0006311044327573253,0.0011659649522075559,0.0010247642309518963,0.0010754915311156643,0.000803777755450618,0.001014413318356041,0.0011122910520308088,0.0011020986035063579,0.0011873261533112787,0.001348620662518627,0.0012964973811428067,0.001028449201487384,0.0010558716878419482,0.000922422925226366,0.0010519123927590047,0.0007763065268225756,0.001022624916662061
424,0.001,0.0010819674060236278,0.001081137477046559,0.00023323615160349855,0.0003333333333333334,0.00031555221637866263,0.0006477583067819755,0.0009393672117059051,0.0011830406842272306,0.0009042499748819451,0.0010026641545640117,0.0011038324421855526,0.0015429380449089008,0.000949860922649023,0.0011328413565156465,0.0010922096800113001,0.001028449201487384,0.0009536886860306935,0.000807623235058075,0.0008930957734959921,0.0006349719958106925,0.0010078474368279604
425,0.001,0.0011469576617803307,0.0011454341992497685,0.0011661807580174927,0.0006666666666666668,0.0006311044327573253,0.0012523327264451526,0.0010674627405748921,0.0012188904019310863,0.0011051944137445997,0.0012068336456951005,0.0010605279064639988,0.0011020986035063579,0.001249273604788389,0.0009710068770134113,0.0012883334336544368,0.000998561223893368,0.0009828804074803752,0.0009340868442780048,0.0009971048010741562,0.001089512088041306,0.0009975838288286368
426,0.001,0.0010422511386167538,0.0010418450357001531,0.0011661807580174927,0.0006666666666666668,0.0006836964688204357,0.0012523327264451526,0.0011315105050093857,0.001278639931437512,0.000803777755450618,0.0011112341141945462,0.0010605279064639988,0.001052003212437887,0.0010324575246185032,0.0009170620505126662,0.0010991523067712232,0.000998561223893368,0.0009909588765829537,0.0008274899852483878,0.0007931988633575069,0.0008409226509325559,0.0009639840792521393
427,0.001,0.001026605336304955,0.001026366195169751,0.0009329446064139942,0.0006666666666666668,0.0006311044327573253,0.0010364132908511608,0.0010247642309518963,0.0009679423780040978,0.0015070832914699085,0.0009493074604158536,0.0009681250953901018,0.0011020986035063579,0.0010324575246185032,0.0008631172240119213,0.0011640967634830239,0.000989596725847038,0.0009645333065407414,0.0009162612457910562,0.0008736813821609267,0.0009422589682078311,0.0009615401269382328
428,0.001,0.0010386405688524924,0.0010382729955777526,0.0006997084548104956,0.0007777777777777778,0.0005259203606311044,0.0011659649522075559,0.0011528597598208835,0.0011830406842272306,0.000803777755450618,0.0009357428648885408,0.0010153781661807106,0.0012181089828228165,0.0010531066751108735,0.0009170620505126662,0.0011906641242098693,0.000989596725847038,0.0009591747881710708,0.0009061781748025303,0.001012933765946741,0.0008442415493974776,0.0009842002361078607
429,0.001,0.0011084449176282105,0.0011073324379441629,0.0009329446064139942,0.0007777777777777778,0.0005259203606311044,0.0012091488393263542,0.0011742090146323813,0.001433988708154219,0.0006028333165879634,0.000998665011958799,0.0010153781661807106,0.0012181089828228165,0.001228624454296019,0.0012946758360178818,0.0011318771595039898,0.000989596725847038,0.000997840535448113,0.0008641868522551087,0.0008482915363183629,0.0007245931354481971,0.0009843967129244098
430,0.001,0.0010644835431419327,0.0010638462853429429,0.0013994169096209913,0.0011666666666666668,0.0005785123966942149,0.0008793809740555305,0.0010160797883167108,0.0010692021069570931,0.0010047221943132723,0.0010852062844720447,0.0009269092100256741,0.0011572035336816758,0.0009931258093949416,0.0011652082524160937,0.0010150759676171885,0.0009905692779898657,0.0011219397836498208,0.0011243113403354651,0.0010367408561468817,0.0007417053047464834,0.001012744585581327
431,0.001,0.0010790988778303801,0.0010783039925050216,0.00023323615160349855,0.0005,0.0005259203606311044,0.00084274010013655,0.0007714679874256508,0.0009622818962613838,0.001306138852607254,0.0010110928075865043,0.0010649376049291118,0.0012181089828228165,0.0008947965213360362,0.0007768055016107292,0.0010479796910848153,0.0010202180483180865,0.001047143798073166,0.0010943090448477931,0.0011235773580331712,0.00047637299645031736,0.0010236368328608567
432,0.001,0.0011071116026499048,0.0011060145978990053,0.0009329446064139942,0.0011666666666666668,0.0007362885048835461,0.001245789713245335,0.0011854264197028292,0.0013044265704876537,0.001306138852607254,0.0011381444067842766,0.0010196001310282415,0.0010062639423318919,0.001081622168647956,0.0009710068770134114,0.001210445854283564,0.0009816765269548596,0.0010558716878419482,0.0011193520250005998,0.0011827866474937727,0.0008789422220566806,0.0010204891354354357
433,0.001,0.0011436499393710237,0.0011421588658042014,0.0004664723032069971,0.0013333333333333333,0.0006311044327573253,0.0009893035958124718,0.0009031820340592984,0.0009622818962613838,0.0006028333165879634,0.0010845863436705393,0.0009721505809253322,0.0011020986035063579,0.0011307868126774084,0.0012137585962667644,0.0012100387559418673,0.0010202180483180865,0.0009536886860306935,0.0011634750314660515,0.0012083261197919203,0.0007308057868779935,0.0010484181772671304
434,0.001,0.0010949321570761985,0.0010939665085972733,0.00023323615160349855,0.0005,0.00031555221637866263,0.0005496131087847065,0.0008279168645543569,0.0010585100858875223,0.001306138852607254,0.001132417609311197,0.001056839102569329,0.0015429380449089008,0.0009046294501419268,0.0010195572208640822,0.0010193742476082683,0.0010202180483180865,0.0009828804074803752,0.001018675320316128,0.001025894321636927,0.0005977551302360485,0.0010381542267146673
435,0.001,0.0011607011631742125,0.0011590261908266265,0.0011661807580174927,0.001,0.0006311044327573253,0.0010625853436504326,0.0009408146188117692,0.001090586149096235,0.0012056666331759268,0.0012308856070283418,0.0009721505809253322,0.0011020986035063579,0.0011897843855127517,0.0008739061893120703,0.0012024192319797795,0.0009905692779898657,0.0009909588765829537,0.0011781870233457988,0.0011453689333840356,0.0010256537995024333,0.0010307950088190901
436,0.001,0.0010547399866829676,0.0010542078139015574,0.0011661807580174927,0.001,0.0006836964688204357,0.0010625853436504326,0.0009972634959404755,0.0011440462544440896,0.000803777755450618,0.001099266472664195,0.0009721505809253322,0.001052003212437887,0.0009832928805890509,0.0008253558454613997,0.0010258538962136057,0.0009905692779898657,0.0009645333065407414,0.001043733747606549,0.0009111432771224317,0.0007916346422252226,0.0009924828973430838
437,0.001,0.0010389067074371493,0.0010385452978093057,0.0009329446064139942,0.001,0.0006311044327573253,0.0008793809740555305,0.0009031820340592984,0.0008660537066352455,0.000803777755450618,0.001014413318356041,0.0010153781661807106,0.0011020986035063579,0.0009832928805890509,0.0007768055016107292,0.0010864674468060477,0.0009816765269548596,0.0009591747881710708,0.0011557031515844651,0.0010035931145102649,0.0008870314533132236,0.0010230453101687403
438,0.001,0.0010510861530108556,0.0010505933871110377,0.0006997084548104956,0.0011666666666666668,0.0005259203606311044,0.0009893035958124718,0.0010160797883167108,0.0010585100858875223,0.0015070832914699085,0.0011168688035630328,0.0010153781661807106,0.0012181089828228165,0.001002958738200832,0.0008253558454613997,0.0011112631283015507,0.0009816765269548596,0.000997840535448113,0.0011429851227770496,0.0011635515803767637,0.0007947590140041804,0.0010372051257840614
439,0.001,0.0011217269373383523,0.0011204723050610838,0.0009329446064139942,0.0011666666666666668,0.0005259203606311044,0.0010259444697314523,0.0010348960806929462,0.0012830425283485117,0.0012056666331759268,0.0010422106107453677,0.0009721505809253322,0.0012181089828228165,0.0011701185279009705,0.0011652082524160937,0.0010563964492993926,0.0009816765269548596,0.0009828804074803752,0.0010900204208100282,0.0009744279348619927,0.0006821234115923355,0.0010258428045803437
440,0.001,0.0010255250496361999,0.0010252846929104695,0.0008396501457725949,0.0009074074074074074,0.0004132231404958678,0.0006595357305416478,0.0008402198249542033,0.001027272612566619,0.0009042499748819451,0.0009957986485436983,0.0009721505809253322,0.0014008253302462393,0.00101298832558284,0.0009062730852125174,0.0009066054694555549,0.0009905692779898657,0.001047143798073166,0.0009451097984826579,0.0008800242383400416,0.0006407212462611992,0.0010025510459298161
441,0.001,0.0010396054851003124,0.0010392183467212576,0.00013994169096209915,0.0003888888888888889,0.0003756574004507889,0.0006320550751024125,0.0006379446819096729,0.000924545351309957,0.0009042499748819451,0.0009716411699352324,0.0010196001310282415,0.0014745529792065677,0.0009126924517627566,0.000604182056808345,0.000935993117880755,0.0010202180483180865,0.0010558716878419482,0.0009198895036896602,0.000953734294213222,0.0004115142469894493,0.0010025201054689958
442,0.001,0.0010665929864065284,0.0010659245165252674,0.0005597667638483966,0.0009074074074074074,0.0005259203606311044,0.0009343422849340011,0.0009802564624465705,0.0012532725873312751,0.0011051944137445997,0.0010637704860753355,0.0010649376049291118,0.0012181089828228167,0.001103254612020915,0.0007552275710104311,0.001081098230065809,0.0009816765269548596,0.0009536886860306935,0.0009409409376443887,0.0010039933435709132,0.0007592731942239948,0.0010052278651806453
443,0.001,0.0011017940750668097,0.001100758651052237,0.0002798833819241983,0.001037037037037037,0.00045078888054094667,0.0007419776968593538,0.0007468620666259585,0.000924545351309957,0.0011051944137445997,0.0010392702038385991,0.0010196001310282415,0.0013341193621392755,0.0011534025489309564,0.000944034463763039,0.001080734634044464,0.0010202180483180865,0.0009828804074803752,0.0009780312739711304,0.0010256721985359958,0.0006313057107005737,0.0010344195180843913
444,0.001,0.0010548592901864343,0.0010543131383496107,0.00013994169096209915,0.0003888888888888889,0.00022539444027047334,0.0004122098315885299,0.0006846235610737953,0.0010169998864409527,0.001306138852607254,0.0010599048064189817,0.0009269092100256741,0.0018677671069949856,0.0009227220391447652,0.0007929889495609527,0.000910444437447588,0.0010202180483180865,0.0009909588765829537,0.0008563108741889683,0.0008708172960128845,0.0005163700590422158,0.001011506148591944
445,0.001,0.001118221249774941,0.001117014580498156,0.0006997084548104956,0.0007777777777777778,0.00045078888054094667,0.0007969390077378245,0.00077798131940204,0.0010478180648179514,0.0010047221943132723,0.001157340189312942,0.0009269092100256741,0.0013341193621392755,0.0012135800732230063,0.0006797048139093881,0.0010739293285116256,0.0009905692779898657,0.0009645333065407414,0.0009903983534284965,0.0009722317947088106,0.0008860098160877402,0.0009995199124766207
446,0.001,0.0010161380926601248,0.0010159955903699446,0.0006997084548104956,0.0007777777777777778,0.0004883546205860256,0.0007969390077378245,0.0008246601985661625,0.0010991816954462822,0.001306138852607254,0.0011380459130445927,0.0009721505809253322,0.0012734775729511267,0.0010029587382008316,0.0006419434353588664,0.0009162316741206608,0.0009905692779898657,0.0009591747881710708,0.0008773752931956073,0.0007734123370505206,0.0006838526451195479,0.0009728014096430826
447,0.001,0.0010008842875740029,0.001000900798741591,0.0005597667638483966,0.0007777777777777778,0.00045078888054094667,0.0006595357305416478,0.0007468620666259585,0.0008320908161789614,0.000803777755450618,0.0009329617172500526,0.0009721505809253322,0.0013341193621392755,0.0010029587382008316,0.000604182056808345,0.0009703680917320694,0.0009816765269548596,0.000997840535448113,0.0009714981371386532,0.0008518872010915324,0.0007662610670338824,0.000992674167089861
448,0.001,0.0010126179837940967,0.0010125121769172475,0.00041982507288629745,0.0009074074074074074,0.0003756574004507889,0.0007419776968593538,0.0008402198249542033,0.0010169998864409527,0.001306138852607254,0.001106573104928167,0.0009721505809253322,0.0014745529792065677,0.0010230179129648484,0.0006419434353588664,0.0009925141193988171,0.0009816765269548596,0.0009828804074803752,0.0009608072073116118,0.0009876659024474128,0.0006865516299686336,0.0010097999038144755
449,0.001,0.001080673421870641,0.001079858170336055,0.0005597667638483966,0.0009074074074074074,0.0003756574004507889,0.0007694583522985892,0.000855779451342244,0.0012327271350799428,0.0009042499748819451,0.0010957334643190496,0.0009269092100256741,0.0014745529792065677,0.0011935208984589897,0.0009062730852125174,0.0009435104656220606,0.0009816765269548596,0.0010206701656515782,0.0009162844341197931,0.0008271307107363525,0.0005892514986511619,0.000999735463624293
450,0.001,0.0010003166126619023,0.0010003330742776929,0.0008396501457725949,0.0006481481481481481,0.00045454545454545465,0.000690942193900774,0.0008206798290250355,0.000953895997383289,0.000803777755450618,0.0010524329848940967,0.0009269092100256741,0.0013307840637339272,0.0010229195836767896,0.0012299420442169879,0.001018137019602336,0.000998561223893368,0.0010558716878419482,0.0009760600992562562,0.000891464080481403,0.0006261487772291044,0.0009861318935076632
451,0.001,0.00101405093686321,0.0010139276347435279,0.00013994169096209915,0.0002777777777777778,0.0004132231404958678,0.000662152935821575,0.0006231087590745641,0.00085850639764496,0.000803777755450618,0.0010050426182158058,0.0011084222018669146,0.001400825330246239,0.0009216404169761172,0.0008199613628113253,0.0010511399671785542,0.001028449201487384,0.0009536886860306935,0.0009500138943830802,0.0009661323274664678,0.0004021548279667268,0.0010191490564364972
452,0.001,0.0010403750582490495,0.0010399838756363783,0.0005597667638483966,0.0006481481481481481,0.0005785123966942149,0.000978834774692763,0.0009574598005292082,0.0011637531168076124,0.000803777755450618,0.0010941671308475221,0.0009721505809253322,0.0011572035336816758,0.0011140708337073946,0.0010249517035141565,0.0012140960615620066,0.000989596725847038,0.0009828804074803752,0.0009717547172465475,0.001017044717454766,0.0007420043972638606,0.0009802159365415563
453,0.001,0.0010747108687523183,0.0010739702768009659,0.0002798833819241983,0.0007407407407407406,0.0004958677685950413,0.0007773099681383707,0.0007294931813555871,0.00085850639764496,0.0011051944137445997,0.0010582209276304296,0.0010649376049291118,0.0012674133940323118,0.0011647104170577306,0.0012811896293926958,0.0012136877355790035,0.001028449201487384,0.0009909588765829537,0.0010100596818280693,0.0010390053858833892,0.0006169473872133292,0.0010366693063057096
454,0.001,0.001028929788081293,0.0010286550752481823,0.00013994169096209915,0.0002777777777777778,0.00024793388429752067,0.0004318388711879837,0.0006687020829092882,0.0009443570374094561,0.0012056666331759268,0.001040325711188688,0.0009721505809253322,0.0017743787516452361,0.0009317683336461845,0.0010761992886898645,0.0010224482614395428,0.001028449201487384,0.0009645333065407414,0.0008843532023442803,0.0008821374528521389,0.0005046258149760123,0.001015722425877673
455,0.001,0.0010907342469871771,0.00108983059734444,0.0006997084548104956,0.0005555555555555556,0.0004958677685950413,0.0008348884842967685,0.0007598887305787366,0.0009729739173309548,0.0015070832914699085,0.0012250716228191588,0.0009721505809253322,0.0012674133940323118,0.001225477917078134,0.0009224565331627409,0.0012060452342637972,0.000998561223893368,0.0009591747881710708,0.0010228317563764936,0.000984870285527269,0.0008658585401898172,0.0010044582290856083
456,0.001,0.0009911603965276972,0.0009912700339671362,0.0006997084548104956,0.0005555555555555556,0.0005371900826446281,0.0008348884842967685,0.0008054820544134609,0.0010206687172001191,0.001708027730332563,0.0011098714722176204,0.0009721505809253322,0.0012098036943035703,0.0010127916670067223,0.000871208947987033,0.0010289474500023408,0.000998561223893368,0.000997840535448113,0.0009061074354920098,0.0007834662817722348,0.0006682992019464491,0.0009678831163688113
457,0.001,0.000976281545309614,0.0009765425934624817,0.0005597667638483966,0.0005555555555555556,0.0004958677685950413,0.000690942193900774,0.0007294931813555871,0.0007726557578804641,0.0012056666331759268,0.0011006607613335392,0.0009269092100256741,0.0012674133940323118,0.0010127916670067223,0.0008199613628113253,0.0010897437861549643,0.000989596725847038,0.0009828804074803752,0.0010033125989014082,0.0008629612768705313,0.000748833338930577,0.0009782546356885827
458,0.001,0.0009877268154773703,0.0009878713938506775,0.00041982507288629745,0.0006481481481481481,0.0004132231404958678,0.0007773099681383707,0.0008206798290250355,0.0009443570374094561,0.0011051944137445997,0.0009881308638959232,0.0009721505809253322,0.001400825330246239,0.0010330475003468569,0.000871208947987033,0.0011146142412363726,0.000989596725847038,0.0010206701656515782,0.0009922715642566753,0.0010005050283716215,0.0006709368014842766,0.0010024524957936351
459,0.001,0.001054109382450357,0.0010535784361022133,0.0005597667638483966,0.0006481481481481481,0.0004132231404958678,0.0008060992262175695,0.0008358776036366104,0.0011446751968599467,0.0009042499748819451,0.0010262037307274916,0.0009269092100256741,0.001400825330246239,0.0012052220837379995,0.0012299420442169879,0.0010595821068771418,0.000989596725847038,0.0010156828000694171,0.0009462907665858238,0.0008378829654457731,0.0005758496499278421,0.0009921930330120733
460,0.001,0.0009670873093776008,0.0009674423042617596,0.0005597667638483966,0.0006481481481481481,0.00033057851239669424,0.0007851615839781522,0.0010160797883167108,0.0010692021069570931,0.001306138852607254,0.0009808645035350096,0.0009269092100256741,0.0015656283102752082,0.0009236070027372953,0.0012946758360178818,0.0008853978420928519,0.001039887471598992,0.0009536886860306935,0.000926890095604411,0.0008272861709456593,0.0005940455836893217,0.0010102906787123828
461,0.001,0.000980365396005211,0.0009805898780456115,9.329446064139943e-05,0.0002777777777777778,0.00030052592036063113,0.0007524465179790626,0.0007714679874256508,0.0009622818962613838,0.0003014166582939817,0.0008405450432970651,0.0009721505809253322,0.0016480298002896929,0.0008321607648425135,0.0008631172240119213,0.0009140980445254285,0.0010710123868348028,0.0009828804074803752,0.0009021559943503735,0.0008965789326979232,0.00038153599943158774,0.0010174971129884062
462,0.001,0.0010058150620414637,0.0010057893944646606,0.00037317784256559773,0.0006481481481481481,0.0004207362885048835,0.001112312243969049,0.0011854264197028292,0.0013044265704876537,0.0009042499748819451,0.0009492881378609627,0.0009721505809253322,0.0013614159219784417,0.001005908616842599,0.0010788965300149015,0.0010558088079542457,0.0010305519706957965,0.0009909588765829537,0.000922801601519228,0.0009438260591826679,0.0007039611851088432,0.0009991019869238945
463,0.001,0.0010390102786104888,0.00103865832892429,0.00018658892128279887,0.0007407407407407406,0.0003606311044327573,0.0008833067819754213,0.0009031820340592984,0.0009622818962613838,0.0012056666331759268,0.0009755797846410009,0.0010196001310282415,0.001491074581214484,0.0010516317357899898,0.001348620662518627,0.0010554537172962491,0.0010710123868348028,0.0009645333065407414,0.0009591769152013919,0.0009642057443472254,0.0005853159569592925,0.0010490525145310098
464,0.001,0.0009947499898517885,0.0009948330829781173,9.329446064139943e-05,0.0002777777777777778,0.00018031555221637865,0.0004907259899863452,0.0008279168645543569,0.0010585100858875223,0.0007033055360192907,0.0009264663039534727,0.0009721505809253322,0.0020875044137002776,0.0008413053886319918,0.0011328413565156465,0.0008891470076235328,0.0010710123868348028,0.0009591747881710708,0.0008398030253398897,0.0008186309819950475,0.00047875320962647254,0.0010527005696958336
465,0.001,0.0010545013796760339,0.0010539971650054504,0.0004664723032069971,0.0005555555555555556,0.0003606311044327573,0.0009487369139736006,0.0009408146188117692,0.001090586149096235,0.0011051944137445997,0.0009603068602581753,0.0010153781661807106,0.001491074581214484,0.0011064994785268587,0.0009710068770134113,0.001048807603814079,0.001039887471598992,0.000997840535448113,0.0009713055837211646,0.0009139679155126761,0.0008214652181796765,0.0010347133066502278
466,0.001,0.0009582352516258608,0.0009586772550725251,0.0004664723032069971,0.0005555555555555556,0.0003906836964688204,0.0009487369139736006,0.0009972634959404755,0.0011440462544440896,0.0006028333165879634,0.0009262704957923609,0.0009721505809253322,0.001423298463886553,0.000914462378947817,0.0009170620505126662,0.0008947988672633124,0.001039887471598992,0.0009828804074803752,0.0008604613672365251,0.0007270633046284654,0.000634034919394446,0.0009894536179831082
467,0.001,0.0009438506577792832,0.000944434050140019,0.00037317784256559773,0.0005555555555555556,0.0003606311044327573,0.0007851615839781522,0.0009031820340592984,0.0008660537066352455,0.0014066110720385814,0.0009472796674334452,0.0009269092100256741,0.001491074581214484,0.000914462378947817,0.0008631172240119213,0.0009476689071501923,0.0010305519706957965,0.0010206701656515782,0.0009527697233248783,0.0008008353292609098,0.0007104400009844199,0.0010003629197832397
468,0.001,0.0009549157299689582,0.0009553903616265621,0.0002798833819241983,0.0006481481481481481,0.00030052592036063113,0.0008833067819754213,0.0010160797883167108,0.0010585100858875223,0.0006028333165879634,0.0009663323741880699,0.0009269092100256741,0.0016480298002896929,0.0009327516265267735,0.0009170620505126662,0.0009692968873110029,0.0010305519706957965,0.0010156828000694171,0.0009422848918424458,0.0009284770884839973,0.0006365372869051218,0.0010185558880387588
469,0.001,0.0010190931486690738,0.0010189369682485124,0.00037317784256559773,0.0006481481481481481,0.00030052592036063113,0.000916021847974511,0.0010348960806929462,0.0012830425283485117,0.000803777755450618,0.0009466092302965253,0.0009721505809253322,0.0016480298002896929,0.0010882102309479026,0.0012946758360178818,0.0009214395438795087,0.0010305519706957965,0.0009801623184522814,0.0008986204228393815,0.00077756244515192,0.0005463253364839057,0.0010270865611661578
470,0.001,0.0009075037310747155,0.0009084657511297412,0.0005597667638483966,0.0003888888888888889,0.00033057851239669424,0.0005025034137460173,0.0007034398534500305,0.0006603895366499693,0.0002009444388626545,0.0008255624610147638,0.0009721505809253322,0.0015656283102752082,0.0008540881960796495,0.0010357406688143056,0.0009061659963888936,0.0009905692779898657,0.0009828804074803752,0.0008726983191373007,0.0007836660105755864,0.0004770119318229376,0.00097898709216069
471,0.001,0.0009199637365356955,0.0009208118315527956,9.329446064139943e-05,0.0001666666666666667,0.00030052592036063113,0.00048156577150659997,0.0005340932220639121,0.0005943505829849724,0.000401888877725309,0.0008551037367802743,0.0010196001310282415,0.0016480298002896929,0.0007695250083489911,0.0006904937792095371,0.0009355393992790616,0.0010202180483180865,0.0009909588765829537,0.0008494103277215603,0.0008493051860764763,0.00030636912241407917,0.0009920887957756263
472,0.001,0.0009438454136692407,0.0009444751523636495,0.00037317784256559773,0.0003888888888888889,0.0004207362885048835,0.0007118798361401913,0.0008206798290250356,0.0008056752347129624,0.0009042499748819451,0.0008654761598398394,0.0009721505809253322,0.0013614159219784417,0.000930195065037242,0.0008631172240119213,0.0010805741723907383,0.0009816765269548596,0.0009645333065407414,0.0008688488639183242,0.0008940611223217736,0.0005652729252722665,0.000958162345152643
473,0.001,0.0009749954273216908,0.0009753403534212851,0.00018658892128279887,0.00044444444444444447,0.0003606311044327573,0.0005653163404642696,0.0006252798697333605,0.0005943505829849724,0.000803777755450618,0.0009196330902721837,0.0010196001310282415,0.001491074581214484,0.0009724766589025711,0.0010788965300149017,0.0010802107526209867,0.0010202180483180865,0.0009591747881710708,0.0009030974498715664,0.0009133662517081854,0.0004700021396034197,0.00100550549609805
474,0.001,0.0009334620757850905,0.0009341867520111043,9.329446064139943e-05,0.0001666666666666667,0.00018031555221637865,0.00031406463359126086,0.0005731732139222471,0.0006537856412834696,0.0010047221943132723,0.0008946922415185495,0.0010153781661807106,0.0020875044137002776,0.0007779813271220569,0.0009062730852125174,0.0009100031034578536,0.0010202180483180865,0.000997840535448113,0.0007907029022061479,0.0007754671821243015,0.0003844334503289408,0.0010270469659095513
475,0.001,0.0009895321003595009,0.0009897441139148483,0.0004664723032069971,0.0003333333333333334,0.0003606311044327573,0.0006071916249431043,0.0006513331976389172,0.0006735973273829687,0.001708027730332563,0.0010034200266310802,0.0010153781661807106,0.001491074581214484,0.0010232145715409662,0.0007768055016107292,0.0010734087459304705,0.0009905692779898657,0.0009828804074803752,0.0009145170007770889,0.0008657773033062709,0.0006596273441099603,0.0009940846055819668
476,0.001,0.0008991970607673954,0.0009002350308477051,0.0004664723032069971,0.0003333333333333334,0.0003906836964688204,0.0006071916249431043,0.0006904131894972523,0.0007066168042154671,0.0010047221943132723,0.0009201388000108561,0.0009721505809253322,0.001423298463886553,0.0008456318773065835,0.0007336496404101331,0.0009157875347930657,0.0009905692779898657,0.0010206701656515782,0.0008101534285790739,0.0006887275762421971,0.0005091229192635808,0.0009506905120701957
477,0.001,0.0008856987215180003,0.0008868601103893964,0.00037317784256559773,0.0003333333333333334,0.0003606311044327573,0.0005025034137460173,0.0006252798697333605,0.0005349155246864751,0.0009042499748819451,0.0008663552623111065,0.0009269092100256741,0.001491074581214484,0.0008456318773065835,0.0006904937792095371,0.0009698977100109885,0.0009816765269548596,0.0010156828000694171,0.0008970648623970207,0.000758609837382507,0.000570475341655098,0.0009607587247697434
478,0.001,0.0008960820594021503,0.0008971485107419415,0.0002798833819241983,0.0003888888888888889,0.00030052592036063113,0.0005653163404642696,0.0007034398534500305,0.0006537856412834696,0.0005023610971566361,0.0008798209746652746,0.0009269092100256741,0.0016480298002896929,0.0008625445148527153,0.0007336496404101331,0.0009920330024869384,0.0009816765269548596,0.0009801623184522814,0.0008871930395622001,0.0008795214538777583,0.0005111322922699168,0.0009776555811005182
479,0.001,0.0009563054191302207,0.0009568212327867037,0.00037317784256559773,0.0003888888888888889,0.00030052592036063113,0.0005862539827036869,0.0007164665174028089,0.0007924674439799631,0.0009042499748819451,0.0008264328486692768,0.0009721505809253322,0.0016480298002896929,0.0010063019339948346,0.0010357406688143056,0.0009430531030186748,0.0009816765269548596,0.0009851859294238475,0.0008460814677742324,0.0007365640582013655,0.00043869310927542674,0.0009861272822483168
480,0.001,0.0010278167257247724,0.0010275530218770857,0.0005597667638483966,0.00025925925925925926,0.00033057851239669424,0.000690942193900774,0.0008597598208833706,0.0009329312501880518,0.000803777755450618,0.0010296685099933846,0.001056839102569329,0.0015656283102752082,0.0010626446160525874,0.0010357406688143056,0.0009843922022546015,0.001039887471598992,0.0009909588765829537,0.0009596526999305858,0.0010021326128681724,0.0005487379700874755,0.001036043819286402
481,0.001,0.00104192862584914,0.0010415175023555966,9.329446064139943e-05,0.00011111111111111112,0.00030052592036063113,0.000662152935821575,0.0006527806047447814,0.0008396381251692466,0.0012056666331759268,0.0010422106107453677,0.0011084222018669146,0.0016480298002896929,0.0009574322778295587,0.0006904937792095371,0.0010163013103804761,0.0010710123868348028,0.0009645333065407414,0.0009340443271997113,0.0010860703587491068,0.000352436404868351,0.0010518836621674391
482,0.001,0.0010689764344208445,0.0010682827566060756,0.00037317784256559773,0.00025925925925925926,0.0004207362885048835,0.000978834774692763,0.0010030531243639324,0.001138176125229423,0.0011051944137445997,0.0010272429035382896,0.001056839102569329,0.0013614159219784417,0.001157335720453313,0.0008631172240119213,0.0011738564385532925,0.0010305519706957965,0.0009591747881710708,0.0009554196906384349,0.001143303137414496,0.0006502703535609905,0.0010158326699601095
483,0.001,0.0011042561847317636,0.0011031939578023525,0.00018658892128279887,0.0002962962962962963,0.0003606311044327573,0.0007773099681383707,0.0007642309518963294,0.0008396381251692466,0.0010047221943132723,0.0009729910739680327,0.001157709232261475,0.001491074581214484,0.001209941889564827,0.0010788965300149017,0.0011734616459999256,0.0010710123868348028,0.000997840535448113,0.0009930807554739025,0.0011679900569601756,0.0005406741484162368,0.001075605080420797
484,0.001,0.0010572165176505382,0.0010566456895406498,9.329446064139943e-05,0.00011111111111111112,0.00018031555221637865,0.0004318388711879837,0.000700545039238302,0.0009236019376861712,0.0007033055360192907,0.001039714294320601,0.001056839102569329,0.0020875044137002776,0.0009679535116518616,0.0009062730852125174,0.0009885605536305664,0.0010710123868348028,0.0009828804074803752,0.0008694873798945619,0.000991648154862511,0.00044223889822012075,0.0010758386120356396
485,0.001,0.0011207200682101922,0.0011194858516939484,0.0004664723032069971,0.00022222222222222223,0.0003606311044327573,0.0008348884842967685,0.0007960739082253431,0.0009515898751918129,0.001306138852607254,0.0011907059678881741,0.0011489052320026653,0.001491074581214484,0.0012730692924986442,0.0007768055016107292,0.0011660724453760763,0.001039887471598992,0.0010206701656515782,0.0010056381336860122,0.001107134492775847,0.0007588124021087368,0.0010647963326334666
486,0.001,0.0010184087923085273,0.0010182433682247452,0.0004664723032069971,0.00022222222222222223,0.0003906836964688204,0.0008348884842967685,0.0008438383427188638,0.0009982364377012153,0.001306138852607254,0.0009800163715099732,0.0010076565471517406,0.001423298463886553,0.0010521233822302844,0.0007336496404101331,0.0009948443351049886,0.001039887471598992,0.0010156828000694171,0.0008908759281930178,0.0008807277031538237,0.0005856773355208407,0.00099677314346137
487,0.001,0.001003120900507129,0.0010031151810396919,0.00037317784256559773,0.00022222222222222223,0.0003606311044327573,0.000690942193900774,0.0007642309518963294,0.0007556743126523219,0.001306138852607254,0.0010799254439632382,0.0011038324421855526,0.001491074581214484,0.0010521233822302844,0.0006904937792095371,0.0010536256563633663,0.0010305519706957965,0.0009801623184522814,0.0009864470898295846,0.0009700914014699446,0.0006562550328006796,0.0010381757339062328
488,0.001,0.0010148808172774353,0.0010147522481051175,0.0002798833819241983,0.00025925925925925926,0.00030052592036063113,0.0007773099681383707,0.0008597598208833706,0.0009236019376861712,0.0009042499748819451,0.0010239998239258382,0.0010076565471517406,0.0016480298002896929,0.0010731658498748901,0.0007336496404101331,0.0010776718128013515,0.0010305519706957965,0.0009851859294238475,0.0009755916530435519,0.0011247101708555202,0.000587988848485373,0.0010340792122077989
489,0.001,0.0010830883345452121,0.0010822472370845863,0.00037317784256559773,0.00025925925925925926,0.00030052592036063113,0.0008060992262175695,0.0008756812990478775,0.001119517500225662,0.0006028333165879634,0.0009887277994651555,0.0010076565471517406,0.0016480298002896929,0.0012520268248540384,0.0010357406688143056,0.0010244636464213357,0.0010305519706957965,0.000972427552353203,0.0009303837845286748,0.0009418998070976362,0.0005046573266106822,0.0010338297270099054
490,0.001,0.0010587543529205013,0.001058175462926403,0.0011195335276967932,0.0007777777777777778,0.0004132231404958678,0.0008165680473372782,0.0010746997761042134,0.0010063078653713819,0.0014066110720385814,0.0010697228704869154,0.0008837732553866656,0.0014008253302462393,0.0012116134874618283,0.0009710068770134114,0.0010228827183430187,0.000998561223893368,0.0009645333065407414,0.0009892598918945744,0.0009614545916243543,0.0006194620673493466,0.0009993840457522753
491,0.001,0.0010732910259583113,0.001072556103419174,0.00018658892128279887,0.0003333333333333334,0.0003756574004507889,0.000782544378698225,0.0008159757559309768,0.0009056770788342435,0.0010047221943132723,0.0009581465434946077,0.0009721505809253322,0.0014745529792065677,0.001091651756029964,0.000647337918008941,0.001056039497912118,0.001028449201487384,0.0009591747881710708,0.0009628614499986955,0.001041985182238352,0.00039786017347062213,0.0010096686281919804
492,0.001,0.0011011529826141142,0.0011001189976969851,0.0007463556851311955,0.0007777777777777778,0.0005259203606311044,0.001156804733727811,0.0012538164054549156,0.0012276955957530858,0.0015070832914699085,0.0011115807018029185,0.0010153781661807106,0.0012181089828228167,0.0013195790457505062,0.0008091723975111761,0.0012197551565948865,0.000989596725847038,0.000997840535448113,0.000984896285857677,0.0010968947991220582,0.000734080452804583,0.0010110094448430357
493,0.001,0.0011374946652086392,0.0011360705989289126,0.00037317784256559773,0.0008888888888888889,0.00045078888054094667,0.000918639053254438,0.0009552886898704118,0.0009056770788342435,0.0011051944137445997,0.0010897828856781307,0.0009269092100256741,0.0013341193621392755,0.0013795599114664382,0.0010114654968889703,0.0012193449273394691,0.001028449201487384,0.0009828804074803752,0.001023719269350001,0.0011205796406744376,0.0006103589399634184,0.0010312980828210995
494,0.001,0.0010890390884159388,0.001088135130619676,0.00018658892128279887,0.0003333333333333334,0.00022539444027047334,0.0005103550295857989,0.0008756812990478775,0.0009962447867176679,0.0006028333165879634,0.001106573104928167,0.0009269092100256741,0.0018677671069949856,0.0011036479291731507,0.000849631017386735,0.001027214055564799,0.001028449201487384,0.0010206701656515782,0.0008963127926388452,0.0009513957130280521,0.0004992368618305424,0.0010282194141251859
495,0.001,0.0011544541170860844,0.0011528480128371456,0.0009329446064139942,0.0006666666666666668,0.00045078888054094667,0.0009866863905325445,0.000995092385281679,0.0010264340226788095,0.001306138852607254,0.001213984773762833,0.0009269092100256741,0.0013341193621392755,0.0014515369503255568,0.0007282551577600585,0.0012116668031089096,0.000998561223893368,0.0010156828000694171,0.0010366640676228445,0.001062194292408549,0.0008566119440680755,0.0010178923356202066
496,0.001,0.0010490632375619612,0.0010485883692645556,0.0009329446064139942,0.0006666666666666668,0.0004883546205860256,0.0009866863905325445,0.0010547979283985797,0.0010767494159473784,0.0012056666331759268,0.0011163668625896064,0.0009269092100256741,0.0012734775729511267,0.001199617314318642,0.0006877965378844997,0.0010337435378801904,0.000998561223893368,0.0009801623184522814,0.0009183612201366711,0.0008449776838860412,0.0006611623631649936,0.0009787455974054715
497,0.001,0.0010333151751043337,0.0010330093420640536,0.0007463556851311955,0.0006666666666666668,0.00045078888054094667,0.0008165680473372782,0.0009552886898704118,0.0008151093709508192,0.0006028333165879634,0.001015386278677066,0.0008837732553866656,0.0013341193621392755,0.001199617314318642,0.000647337918008941,0.001094823255434691,0.000989596725847038,0.0009851859294238475,0.0010168809419440162,0.0009307139796290384,0.0007408364674715643,0.0009902940356386386
498,0.001,0.0010454290693025087,0.0010449932091413628,0.0005597667638483966,0.0007777777777777778,0.0003756574004507889,0.000918639053254438,0.0010746997761042134,0.0009962447867176679,0.0012056666331759268,0.0011013410514809877,0.0009681250953901018,0.0014745529792065677,0.0012236096606050148,0.0006877965378844997,0.0011198096356667298,0.000989596725847038,0.000972427552353203,0.0010056905933708334,0.001079056548135612,0.0006637717954947552,0.0010246589955415055
499,0.001,0.0011156896556519242,0.0011144996381897562,0.0007463556851311955,0.0007777777777777778,0.0003756574004507889,0.0009526627218934913,0.001094601623809847,0.001207569438445658,0.0010047221943132723,0.0010919720759008376,0.0009681250953901018,0.0014745529792065677,0.001427544604039184,0.0009710068770134114,0.0010645209877678699,0.000989596725847038,0.000865974843670011,0.0009590879723152722,0.0009036667231018897,0.0005697000898177556,0.0010252942975705413
500,0.001,0.001003288023183526,0.0010032892805489804,0.0002798833819241983,0.0007777777777777778,0.00044628099173553713,0.0009176149294492491,0.0012310197435375534,0.0013102966997023202,0.0010047221943132723,0.0009938164990543484,0.0009721505809253322,0.0013800723623907394,0.0007822915779325657,0.001012893448178696,0.0008793804185902788,0.0010182801449372518,0.0010477817169266984,0.0010374138500978557,0.0009726474608407455,0.0008301125222803211,0.0010135040794223016
501,0.001,0.0010170631447832998,0.0010169240159584798,4.6647230320699716e-05,0.0003333333333333334,0.00040570999248685195,0.0008793809740555304,0.0009346631386118461,0.0011792670297320882,0.0014066110720385814,0.001099266472664195,0.0010196001310282415,0.0014527077498849889,0.0007048369662560739,0.0006752622987857974,0.000907885566026744,0.001048758330378554,0.0010477817169266984,0.0010097304177984425,0.0010541155563317426,0.0005331540533672882,0.0010168217842255122
502,0.001,0.0010434654611828663,0.0010430572588266864,0.00018658892128279887,0.0007777777777777778,0.0005679939894815926,0.0012999544833864362,0.0014361897007938123,0.0015985619736368305,0.0012056666331759268,0.001133703717175215,0.0010649376049291118,0.0012000629238180342,0.0008520007284414081,0.0008440778734822465,0.001048633221530644,0.0010091386219625107,0.0011219397836498208,0.0010328378378930362,0.001109664408979525,0.0009837073298801973,0.0010157169250806554
503,0.001,0.0010779032651823009,0.0010771440973504343,9.329446064139943e-05,0.0008888888888888889,0.0004868519909842223,0.0010323167956304052,0.0010942397720333807,0.0011792670297320882,0.0012056666331759268,0.0012540719019559087,0.0009721505809253322,0.0013143546308483234,0.0008907280342796539,0.0010550973418528083,0.0010482805441729395,0.001048758330378554,0.001047143798073166,0.0010735505981161603,0.0011336249799695876,0.0008179138414679408,0.001034339615625037
504,0.001,0.0010319861931830548,0.0010316949793187705,4.6647230320699716e-05,0.0003333333333333334,0.00024342599549211116,0.0005735093309057807,0.0010030531243639324,0.0012971937327052971,0.0011051944137445997,0.00105853866399178,0.0010153781661807106,0.0018400964831876525,0.0007125824274237232,0.0008862817671563589,0.0008831041036920419,0.001048758330378554,0.0010558716878419482,0.00093994238796302,0.000962471480809209,0.0006690042739223115,0.0010421329537765214
505,0.001,0.001093974240382037,0.0010930512886615166,0.00023323615160349855,0.0006666666666666668,0.0004868519909842223,0.0011087847064178427,0.001139833095868105,0.0013365026336963667,0.0009042499748819451,0.0010747229595005428,0.0009269092100256741,0.0013143546308483234,0.0009372008012855489,0.000759670086134022,0.001041679599627904,0.0010182801449372518,0.0009536886860306935,0.0010871255071213679,0.0010745599328671794,0.0011479061253072376,0.0010101086383271917
506,0.001,0.0009941046087836767,0.0009941994569426479,0.00023323615160349855,0.0006666666666666668,0.0005274229902329075,0.0011087847064178427,0.0012082230816201913,0.0014020174686814825,0.0015070832914699085,0.0010568429662046266,0.0009721505809253322,0.001254611238537036,0.0007745461167649164,0.0007174661924599096,0.0008887175516355051,0.0010182801449372518,0.0009828804074803752,0.0009630640612932884,0.0008548145756008408,0.0008859931638303072,0.0009837386348214374
507,0.001,0.0009791815603839217,0.000979428493582357,0.00018658892128279887,0.0006666666666666668,0.0004868519909842223,0.0009176149294492491,0.0010942397720333807,0.0010613403267588793,0.0011051944137445997,0.0009610165199926259,0.0009721505809253322,0.0013143546308483234,0.0007745461167649164,0.0006752622987857974,0.0009412282712197228,0.0010091386219625107,0.0009909588765829537,0.0010663794031444463,0.0009415489789546487,0.000992760753279903,0.0010050168219312614
508,0.001,0.0009906608283837333,0.0009907907730902729,0.00013994169096209915,0.0007777777777777778,0.00040570999248685195,0.0010323167956304052,0.0012310197435375534,0.0012971937327052971,0.0006028333165879634,0.0009367398809700564,0.0010649376049291118,0.0014527077498849889,0.0007900370391002148,0.0007174661924599096,0.0009627092612819069,0.0010091386219625107,0.0009645333065407414,0.0010546443447514396,0.0010916184922207378,0.0008894899436448438,0.0010402154185469585
509,0.001,0.0010572405827826402,0.0010566919942361856,0.00018658892128279887,0.0007777777777777778,0.00040570999248685195,0.001070550751024124,0.0012538164054549156,0.001572356039642784,0.0010047221943132723,0.0010790947319603327,0.0009721505809253322,0.0014527077498849889,0.0009217098789502506,0.001012893448178696,0.0009151771703972845,0.0010091386219625107,0.0009591747881710708,0.0010057732594784773,0.0009141868491015959,0.0007634287931874953,0.0010175217435085158
510,0.001,0.0009729803641498571,0.0009732630791703215,0.000979591836734694,0.0014259259259259258,0.0008925619834710743,0.0010036413290851161,0.001250559739466721,0.0011647081775131734,0.0007033055360192907,0.0010333317464931847,0.001056839102569329,0.0009200482415938262,0.0007601512502552289,0.0008529629037294282,0.0008360154569114866,0.0009699867105917799,0.0010477817169266984,0.0009648353869855739,0.0008721157554500975,0.0010295641766185643,0.0009857986302607474
511,0.001,0.0009863393622846378,0.0009864897574829422,0.000163265306122449,0.0006111111111111111,0.0008114199849737039,0.0009618229403732363,0.0009494990614469549,0.001048237359761856,0.000803777755450618,0.0010540004280278083,0.001056839102569329,0.0009684718332566592,0.0006848887502299586,0.0005686419358196189,0.0008631149275781504,0.0009990194232377058,0.0011219397836498208,0.000939088714032274,0.000945163403755062,0.0006612553108560124,0.0009612653940960533
512,0.001,0.001011944108709634,0.0010118408909154646,0.000653061224489796,0.0014259259259259258,0.0011359879789631852,0.0014218252162039144,0.0014589863627111745,0.0014209439765660713,0.001607555510901236,0.001113707373684509,0.0009721505809253322,0.0008000419492120227,0.0008278875002779721,0.0007108024197745235,0.000996921881926695,0.0009612787377965187,0.001047143798073166,0.0009605795169621776,0.0009949707918804898,0.0012200633045982919,0.000962007185612847
513,0.001,0.0010453416040465855,0.0010449075866970157,0.000326530612244898,0.0016296296296296295,0.0009737039819684446,0.0011290964952207557,0.001111608657303752,0.001048237359761856,0.001708027730332563,0.001209768581367245,0.0008837732553866656,0.0008762364205655488,0.0008655187502906071,0.0008885030247181544,0.0009965865961776487,0.0009990194232377058,0.0010558716878419482,0.0009984439736218063,0.0010164548262416669,0.0010144345111463096,0.0009762958093211457
514,0.001,0.0010008116102639833,0.0010008186589882807,0.000163265306122449,0.0006111111111111111,0.0004868519909842223,0.0006272758306781975,0.0010189746025284392,0.0011530610957380416,0.001607555510901236,0.0011039804854313198,0.0011038324421855526,0.0012267309887917684,0.0006924150002324857,0.0007463425407632497,0.0008395555156118333,0.0009990194232377058,0.0009536886860306935,0.0008741831213733084,0.000862991552827929,0.0008297463487757505,0.0009774591203993645
515,0.001,0.0010609271018704963,0.001060338711395073,0.000816326530612245,0.0012222222222222222,0.0009737039819684446,0.0012127332726445154,0.0011579256846914084,0.001188002341063437,0.001306138852607254,0.00108375732371741,0.0009269092100256741,0.0008762364205655488,0.0009106762503057692,0.0006397221777970711,0.0009903111645746662,0.0009699867105917799,0.0009828804074803752,0.0010110691690364405,0.0009634946734131319,0.0014237142471852215,0.0009643010858729625
516,0.001,0.0009640743653933366,0.0009644452936285747,0.000816326530612245,0.0012222222222222222,0.001054845980465815,0.0012127332726445154,0.001227401225772893,0.0012462377499390953,0.000401888877725309,0.0009210431777328634,0.0009269092100256741,0.000836407492358024,0.0007526250002527018,0.0006041820568083449,0.0008448921471174864,0.0009699867105917799,0.0009909588765829537,0.0008956871803689149,0.0007664619395864995,0.0010988712948250049,0.0009339762029807973
517,0.001,0.0009496021174139909,0.0009501163921232358,0.000653061224489796,0.0012222222222222222,0.0009737039819684446,0.0010036413290851161,0.001111608657303752,0.0009434136237856704,0.0010047221943132723,0.0009251564617969077,0.0008837732553866656,0.0008762364205655488,0.0007526250002527018,0.0005686419358196189,0.0008948134011025656,0.0009612787377965187,0.0009645333065407414,0.0009917744822948592,0.0008442315763252159,0.0012312919996943404,0.0009411721783713393
518,0.001,0.0009607346158596414,0.0009611386240504195,0.000489795918367347,0.0014259259259259258,0.0008114199849737039,0.0011290964952207557,0.001250559739466721,0.0011530610957380416,0.0003014166582939817,0.0008676352496601215,0.0010153781661807106,0.0009684718332566592,0.0007676775002577559,0.0006041820568083449,0.0009152350972673913,0.0009612787377965187,0.0009591747881710708,0.0009808604197875511,0.0009787900799982264,0.0011032082481101813,0.0009797869741404207
519,0.001,0.0010253031068444146,0.001025067569228085,0.000653061224489796,0.0014259259259259258,0.0008114199849737039,0.0011709148839326355,0.0012737182531605492,0.0013976498130158078,0.0014066110720385814,0.0010961769913415923,0.0009269092100256741,0.0009684718332566592,0.0008956237503007152,0.0008529629037294282,0.0008700469604396819,0.0009612787377965187,0.000997840535448113,0.0009354084022852824,0.0008196975642517233,0.0009468583062761743,0.0009584719997380813
520,0.001,0.0009593941721692468,0.0009598030578626467,0.0006997084548104956,0.0007777777777777778,0.0006942148760330578,0.0009462903959945381,0.0011528597598208835,0.0011064727686375148,0.0012056666331759268,0.0010185322260560948,0.0009721505809253322,0.0010800566314362308,0.0007749114687067867,0.0010662036296617853,0.000907349189377123,0.000977812595656474,0.0011219397836498208,0.0008360138455433521,0.0008247613841745841,0.000981818333976943,0.000935159273817287
521,0.001,0.0009725666321990306,0.0009728468140283907,0.00011661807580174928,0.0003333333333333334,0.0006311044327573253,0.0009068616294947657,0.0008753194472714116,0.000995825491773763,0.001306138852607254,0.0010442911952166728,0.001056839102569329,0.0011369017173012957,0.0006981875609140354,0.0007108024197745235,0.0009367609455099404,0.0010070795451943102,0.001047143798073166,0.0008137047808510999,0.0008938426720084537,0.0006305897217309505,0.0009442871954707557
522,0.001,0.000997813847256116,0.0009978473466793994,0.0004664723032069971,0.0007777777777777778,0.0008835462058602552,0.0013405780609922623,0.001345003053124364,0.0013498967777377678,0.0006028333165879634,0.0009674969523721504,0.0009269092100256741,0.0009391796795097659,0.0008439629857202628,0.0008885030247181543,0.001081985092452989,0.0009690343666468769,0.0010558716878419482,0.0008323262048199864,0.0009409456054387157,0.0011634831011713535,0.0009154593901589094
523,0.001,0.0010307449973305752,0.001030456737093759,0.00023323615160349855,0.0008888888888888889,0.0007573253193087902,0.0010645766954938555,0.0010247642309518963,0.000995825491773763,0.0009042499748819451,0.0010636478603515641,0.0009681250953901018,0.0010286253632726008,0.0008823249396166383,0.001110628780897693,0.0010816211981612128,0.0010070795451943102,0.0009536886860306935,0.0008651351279258499,0.000961263094036584,0.000967390303859981,0.0009558184315150988
524,0.001,0.0009868367972312962,0.0009869775498746129,0.00011661807580174928,0.0003333333333333334,0.0003786626596543951,0.0005914314974965864,0.0009393672117059051,0.0010954080409511396,0.0007033055360192907,0.0009193321912211476,0.0011038324421855526,0.001440075508581641,0.0007058599516933107,0.000932928175954062,0.0009111913066077942,0.0010070795451943102,0.0009828804074803752,0.0007574651623130378,0.0008161326099125422,0.0007912670198511347,0.0009699207058165957
525,0.001,0.0010461128673653229,0.0010456744526204601,0.0005830903790087463,0.0006666666666666668,0.0007573253193087902,0.0011434342284934002,0.0010674627405748921,0.001128602224010265,0.0007033055360192907,0.0009818634437102475,0.0009681250953901018,0.0010286253632726008,0.000928359284292289,0.0007996527222463389,0.0010748103100001335,0.000977812595656474,0.0009909588765829537,0.0008760746501611413,0.0009111785855524813,0.0013576897700749188,0.0009410844502443123
526,0.001,0.0009506125321493909,0.0009511072204188176,0.0005830903790087463,0.0006666666666666668,0.0008204357625845228,0.0011434342284934002,0.0011315105050093857,0.0011839258624421407,0.0012056666331759268,0.0009702725836990022,0.0010153781661807106,0.000981869664942028,0.0007672390779275115,0.0007552275710104311,0.0009169832907518999,0.000977812595656474,0.0009645333065407414,0.0007760980724427913,0.0007248443870667687,0.0010479113477739844,0.000922014179746535
527,0.001,0.0009363423671171253,0.0009369764845725952,0.0004664723032069971,0.0006666666666666668,0.0007573253193087902,0.0009462903959945381,0.0010247642309518963,0.0008962429425963869,0.0006028333165879634,0.0007790633623447972,0.0008837732553866656,0.0010286253632726008,0.0007672390779275115,0.0007108024197745235,0.000971164118344956,0.0009690343666468769,0.0009591747881710708,0.0008593561244116032,0.0007983912675611762,0.0011741910676704849,0.000909558685095074
528,0.001,0.0009473194171419451,0.0009478462813773816,0.0003498542274052478,0.0007777777777777778,0.0006311044327573253,0.0010645766954938555,0.0011528597598208835,0.0010954080409511396,0.0009042499748819451,0.0007555570478527917,0.0010153781661807106,0.0011369017173012957,0.0007825838594860619,0.0007552275710104311,0.0009933283131665625,0.0009690343666468769,0.000997840535448113,0.0008498992704339085,0.000925643478117259,0.0010520471756764011,0.0009482585479575145
529,0.001,0.0010109863072858998,0.0010108911028451433,0.0004664723032069971,0.0007777777777777778,0.0006311044327573253,0.0011040054619936277,0.0011742090146323813,0.0013277673223650176,0.0010047221943132723,0.0009963950813179805,0.0009721505809253322,0.0011369017173012957,0.0009130145027337388,0.0010662036296617853,0.000944284459992415,0.0009690343666468769,0.0009828804074803752,0.0008105158518193678,0.0007751894097451267,0.0009029479326228733,0.0009377472049269474
530,0.001,0.0009708901807682246,0.0009711923066614486,0.0006997084548104956,0.0011666666666666668,0.0006942148760330578,0.000802913063268093,0.0010160797883167108,0.0009900019508861974,0.0012056666331759268,0.0009987782710406375,0.0009269092100256741,0.0010800566314362308,0.0007380109225778921,0.0009595832666956068,0.0008468414208064036,0.0009699867105917799,0.001047143798073166,0.001054485105095265,0.0009473989753842623,0.0009242721725786147,0.0009758305837522989
531,0.001,0.0009842204807330058,0.0009843908431053188,0.00011661807580174928,0.0005,0.0006311044327573253,0.0007694583522985891,0.0007714679874256508,0.0008910017557975776,0.0010047221943132723,0.000959359830688752,0.0010153781661807106,0.0011369017173012957,0.0006649405342038433,0.0006397221777970712,0.0008742918154764254,0.0009990194232377058,0.0010558716878419482,0.0010263461256369796,0.0010267522799494765,0.0005936297092244937,0.000976668875668067
532,0.001,0.0010097702223321695,0.00100968803795607,0.0004664723032069971,0.0011666666666666668,0.0008835462058602552,0.0011374601729631317,0.0011854264197028292,0.0012078023800811608,0.0011051944137445997,0.0010128329054927298,0.0009721505809253322,0.0009391796795097659,0.000803774272114536,0.000799652722246339,0.0010098315000570375,0.0009612787377965187,0.0009536886860306935,0.0010498337919185024,0.0010808591667723652,0.0010952892367799326,0.0009749492004015997
533,0.001,0.0010430959722441224,0.0010426843790657455,0.00023323615160349855,0.0013333333333333333,0.0007573253193087902,0.0009032771961766045,0.0009031820340592984,0.0008910017557975776,0.0007033055360192907,0.0011247751785110614,0.0008837732553866656,0.0010286253632726008,0.0008403094663015603,0.000999565902807924,0.0010094918725325089,0.0009990194232377058,0.0009828804074803752,0.0010912165045539176,0.0011041977568777518,0.0009106897955942515,0.0009913417763180432
534,0.001,0.0009986616390281853,0.0009986892575861782,0.00011661807580174928,0.0005,0.0003786626596543951,0.0005018206645425581,0.0008279168645543569,0.0009801019313773354,0.0009042499748819451,0.001026933345985485,0.0011038324421855526,0.001440075508581641,0.0006722475730412483,0.0008396353583586559,0.000850427321419551,0.0009990194232377058,0.0009909588765829537,0.0009554096927288828,0.0009374871487013702,0.0007448894181525734,0.0010083129779616246
535,0.001,0.0010586479888697001,0.001058082671583594,0.0005830903790087463,0.001,0.0007573253193087902,0.0009701866181156123,0.0009408146188117692,0.0010098019899039215,0.0011051944137445997,0.0009904670638690065,0.0009269092100256741,0.0010286253632726008,0.0008841516993259896,0.0007196874500217051,0.0010031351773650825,0.0009699867105917799,0.0009645333065407414,0.0011050147966700917,0.0010466659507930732,0.0012781130989802582,0.0009822000292427377
536,0.001,0.0009620033141250372,0.0009623932823655352,0.0005830903790087463,0.001,0.0008204357625845228,0.0009701866181156123,0.0009972634959404755,0.0010593020874482312,0.0005023610971566361,0.0009493139011800848,0.0009721505809253322,0.000981869664942028,0.0007307038837404872,0.0006797048139093882,0.0008558330595182976,0.0009699867105917799,0.0009591747881710708,0.0009789118467914554,0.000832624857075907,0.0009864913544174968,0.0009581931466187872
537,0.001,0.0009475621558298577,0.0009480948678846758,0.0004664723032069971,0.001,0.0007573253193087902,0.000802913063268093,0.0009031820340592984,0.0008019015802178199,0.0006028333165879634,0.0008233784442280863,0.0009681250953901018,0.0010286253632726008,0.0007307038837404872,0.0006397221777970712,0.0009064007676912314,0.0009612787377965187,0.000997840535448113,0.0010839273033516267,0.0009171077639627807,0.001105369589852952,0.0009767739370522396
538,0.001,0.0009586707391338418,0.0009590936482545676,0.0003498542274052478,0.0011666666666666668,0.0006311044327573253,0.0009032771961766045,0.0010160797883167108,0.0009801019313773354,0.0011051944137445997,0.0008919316207553056,0.0010605279064639988,0.0011369017173012957,0.000745317961415297,0.0006797048139093882,0.0009270869141643924,0.0009612787377965187,0.0009828804074803752,0.0010719991376714774,0.0010632816952470025,0.000990384773911197,0.0010087169217267921
539,0.001,0.0010231005222969506,0.0010228865743999401,0.0004664723032069971,0.0011666666666666668,0.0006311044327573253,0.0009367319071461084,0.0010348960806929462,0.001188002341063437,0.0014066110720385814,0.0010284564218628256,0.0009721505809253322,0.0011369017173012957,0.0008695376216511798,0.0009595832666956068,0.0008813136145460539,0.0009612787377965187,0.0010206701656515782,0.0010223238499496889,0.0008904559144173083,0.0008500245091474434,0.000986465366985151
540,0.001,0.0009353570632804748,0.0009359891740106071,0.00041982507288629745,0.0009074074074074074,0.0004958677685950413,0.0006021847974510698,0.0008402198249542033,0.0009511783449690917,0.0011051944137445997,0.000999384142052403,0.0009721505809253322,0.00130743697489649,0.00075277114102945,0.0007463425407632497,0.0007563483801777262,0.0009699867105917799,0.0010558716878419482,0.0008864130151726386,0.0008041875235970742,0.0007984314181243879,0.0009643926828708369
541,0.001,0.0009481994943552639,0.000948709298685723,6.997084548104957e-05,0.0003888888888888889,0.0004507888805409467,0.0005770937642239418,0.0006379446819096729,0.0008560605104721824,0.0012056666331759268,0.0010053112750376893,0.0009721505809253322,0.0013762494472594634,0.0006782393448879202,0.0004975616938421665,0.0007808654397284268,0.0009990194232377058,0.0009536886860306935,0.0008627590465153513,0.0008715455629718379,0.0005128063190029304,0.0009547323468270034
542,0.001,0.0009728141539152764,0.0009730895376463617,0.0002798833819241983,0.0009074074074074074,0.0006311044327573253,0.0008530951297223489,0.0009802564624465705,0.0011604375808622917,0.000803777755450618,0.0010322681005638524,0.0010153781661807106,0.0011369017173012957,0.0008198497575568267,0.0006219521173027081,0.000901921423013616,0.0009612787377965187,0.0009828804074803752,0.0008825030646976588,0.0009174735029994252,0.000946164305843794,0.0009578836292260877
543,0.001,0.0010049202316022492,0.0010048898493341513,0.00013994169096209915,0.001037037037037037,0.000540946656649136,0.0006774578971324535,0.0007468620666259585,0.0008560605104721824,0.0020094443886265446,0.0011752606736298652,0.0009269092100256741,0.0012451780713299907,0.0008571156556275915,0.0007774401466283851,0.0009016180879124628,0.0009990194232377058,0.0009909588765829537,0.0009172898766743602,0.0009372841672166687,0.000786698297904107,0.0009752067274740965
544,0.001,0.0009621121280196187,0.0009624894337504317,6.997084548104957e-05,0.0003888888888888889,0.000270473328324568,0.0003763654984069186,0.0006846235610737953,0.0009416665615194007,0.000803777755450618,0.0010481094572972725,0.0009681250953901018,0.0017432492998619867,0.0006856925245020733,0.0006530497231678435,0.0007595510932874012,0.0009990194232377058,0.0009645333065407414,0.0008031290175317014,0.0007957739960743054,0.000643471838843902,0.0009789484569801676
545,0.001,0.0010199030678561699,0.001019729994788453,0.0003498542274052478,0.0007777777777777778,0.000540946656649136,0.0007276399635867093,0.00077798131940204,0.0009702019118684735,0.0009042499748819451,0.0010155177425463491,0.0008837732553866656,0.0012451780713299907,0.0009018347333125094,0.0005597569055724373,0.0008959406659358804,0.0009699867105917799,0.0009591747881710708,0.0009288888889883612,0.0008884490282040481,0.0011040964819866042,0.0009501583588745242
546,0.001,0.0009267954425639486,0.0009275090908938633,0.0003498542274052478,0.0007777777777777778,0.0005860255447032307,0.0007276399635867093,0.0008246601985661625,0.001017760829116928,0.001306138852607254,0.0010716939466421753,0.0009721505809253322,0.0011885790680877183,0.0007453179614152969,0.0005286592997073018,0.0007643791769807551,0.0009699867105917799,0.000997840535448113,0.0008228852143191134,0.000706762978739405,0.000852179384431285,0.0009370724856369557
547,0.001,0.0009128828088995937,0.0009137289558291545,0.0002798833819241983,0.0007777777777777778,0.000540946656649136,0.0006021847974510698,0.0007468620666259585,0.0007704544594249643,0.0006028333165879634,0.00082575746809461,0.0009269092100256741,0.0012451780713299907,0.0007453179614152969,0.0004975616938421665,0.0008095432457499443,0.0009612787377965187,0.0009828804074803752,0.0009111624854151552,0.0007784752155486974,0.0009548722068691282,0.000945623415392875
548,0.001,0.0009235848347952513,0.0009243290597250842,0.00020991253644314872,0.0009074074074074074,0.0004507888805409467,0.0006774578971324535,0.0008402198249542033,0.0009416665615194007,0.0014066110720385814,0.0009636373995842282,0.0010153781661807106,0.0013762494472594634,0.0007602243206436029,0.0005286592997073018,0.0008280188812026786,0.0009612787377965187,0.0010206701656515782,0.0009011355241475849,0.000902553090729245,0.0008555427102350203,0.000979704094738051
549,0.001,0.0009856565849900656,0.0009858096623214774,0.0002798833819241983,0.0009074074074074074,0.0004507888805409467,0.0007025489303595814,0.000855779451342244,0.00114141401396291,0.0009042499748819451,0.0011790696632744812,0.0009269092100256741,0.0013762494472594634,0.0008869283740842034,0.0007463425407632497,0.0007871368929447675,0.0009612787377965187,0.0010156828000694171,0.0008593778726110458,0.0007558521333603701,0.0007342926622854199,0.0009590198809348306
550,0.001,0.000912365046082519,0.0009132106764130038,0.00041982507288629745,0.0006481481481481481,0.0005454545454545455,0.0006308602639963588,0.0008206798290250355,0.0008832370346141564,0.0010047221943132723,0.0009336233992794781,0.0009269092100256741,0.0012420651261516654,0.0007601512502552289,0.001012893448178696,0.0008493951465323211,0.000977812595656474,0.0009536886860306935,0.0009154411233070277,0.0008146415292041881,0.0007802720123254331,0.0009482792030954615
551,0.001,0.0009248917972873133,0.000925621240531867,6.997084548104957e-05,0.0002777777777777778,0.0004958677685950413,0.0006045744196631771,0.0006231087590745641,0.0007949133311527407,0.0011051944137445997,0.0009191692323984156,0.001056839102569329,0.00130743697489649,0.0006848887502299586,0.0006752622987857974,0.0008769283203122603,0.0010070795451943102,0.0009828804074803752,0.0008910125383611274,0.0008828751868901615,0.0005011431281118228,0.0009708136391272025
552,0.001,0.0009489014037631691,0.000949408155093021,0.0002798833819241983,0.0006481481481481481,0.0006942148760330578,0.0008937187073281749,0.0009574598005292082,0.0010775491822292709,0.0009042499748819451,0.000938522285882448,0.0009269092100256741,0.0010800566314362308,0.0008278875002779721,0.0008440778734822465,0.0010128767368831743,0.0009690343666468769,0.0009909588765829537,0.0009114031304147491,0.0009294001654547607,0.0009246448851493203,0.0009340935391233115
553,0.001,0.0009802182817751548,0.0009804345653901785,0.00013994169096209915,0.0007407407407407406,0.0005950413223140496,0.0007097177969959036,0.0007294931813555871,0.0007949133311527407,0.0010047221943132723,0.0010577874969640276,0.0009681250953901018,0.001182919167763491,0.0008655187502906071,0.0010550973418528083,0.0010125360851815975,0.0010070795451943102,0.0009645333065407414,0.0009473291352083719,0.0009494683576598562,0.0007688057484518983,0.000976862451069217
554,0.001,0.0009384624444258405,0.0009390660183273017,6.997084548104957e-05,0.0002777777777777778,0.0002975206611570248,0.0003942876649977242,0.0006687020829092882,0.0008744046642680149,0.0007033055360192907,0.0009093382627673989,0.0010153781661807106,0.0016560868348688873,0.0006924150002324857,0.0008862817671563589,0.0008529918607481354,0.0010070795451943102,0.0009591747881710708,0.0008294297549619109,0.0008061186303453592,0.000628836810741907,0.000983980471516619
555,0.001,0.0009948328248474147,0.0009949135568621853,0.0003498542274052478,0.0005555555555555556,0.0005950413223140496,0.0007622894856622668,0.0007598887305787366,0.0009009017753064396,0.0010047221943132723,0.000950176568694498,0.0009269092100256741,0.001182919167763491,0.0009106762503057692,0.000759670086134022,0.001006160220833753,0.000977812595656474,0.000997840535448113,0.0009593079900765094,0.0008999983880858529,0.001078985075292849,0.0009549189295353813
556,0.001,0.0009040138786126561,0.0009049369670004286,0.0003498542274052478,0.0005555555555555556,0.0006446280991735538,0.0007622894856622668,0.0008054820544134609,0.0009450636270371474,0.0010047221943132723,0.0009238469686256427,0.0009721505809253322,0.0011291501146833325,0.0007526250002527018,0.0007174661924599096,0.0008584139003315651,0.000977812595656474,0.0009828804074803752,0.0008498329244436009,0.0007159505176228659,0.0008327975428552809,0.0009324924288429967
557,0.001,0.0008904432314741289,0.0008914921892049936,0.0002798833819241983,0.0005555555555555556,0.0005950413223140496,0.0006308602639963588,0.0007294931813555871,0.0007154219980374667,0.0007033055360192907,0.0008611097887443206,0.0008837732553866656,0.001182919167763491,0.0007526250002527018,0.0006752622987857974,0.0009091340999321607,0.0009690343666468769,0.0010206701656515782,0.0009410010851445134,0.0007885949749699127,0.0009331547349647616,0.0009319479365333321
558,0.001,0.0009008821908114575,0.0009018343259707128,0.00020991253644314872,0.0006481481481481481,0.0004958677685950413,0.0007097177969959036,0.0008206798290250355,0.0008744046642680149,0.000803777755450618,0.0007606140726752789,0.0010153781661807106,0.00130743697489649,0.0007676775002577559,0.0007174661924599096,0.0009298826273223633,0.0009690343666468769,0.0010156828000694171,0.00093064576259281,0.0009142857958438407,0.0008360843736755802,0.0009726567988674474
559,0.001,0.0009614281549679634,0.000961818719211884,0.0002798833819241983,0.0006481481481481481,0.0004958677685950413,0.0007360036413290852,0.0008358776036366104,0.0010598844415369876,0.000803777755450618,0.0009760779106804239,0.0009269092100256741,0.00130743697489649,0.0008956237503007152,0.001012893448178696,0.0008839712942423593,0.0009690343666468769,0.0009801623184522814,0.0008875206383279912,0.0007656778048716049,0.0007175920188401009,0.0009517748154548374
560,0.001,0.0008820573870488499,0.0008831844750343448,0.0002798833819241983,0.0006481481481481481,0.000396694214876033,0.0007168866636322259,0.0010160797883167108,0.0009900019508861974,0.0014066110720385814,0.000927552397787771,0.0009269092100256741,0.0014612530895901945,0.0006863501579974397,0.0010662036296617853,0.000738655618393677,0.0010182801449372518,0.0009828804074803752,0.0008693248611932969,0.0007559941966755533,0.0007402667861933798,0.000971140681399416
561,0.001,0.000894168014788651,0.0008951869820563292,4.6647230320699716e-05,0.0002777777777777778,0.00036063110443275724,0.0006870163859808831,0.0007714679874256508,0.0008910017557975776,0.0005023610971566361,0.0008194531887133089,0.0009269092100256741,0.0015381611469370469,0.0006183946968095743,0.0007108024197745235,0.0007625991664440634,0.001048758330378554,0.0009909588765829537,0.0008461268906449267,0.0008193156053925066,0.0004754490831532086,0.0009690517209437808
562,0.001,0.0009173800512899366,0.0009181917871817992,0.00018658892128279887,0.0006481481481481481,0.0005048835462058601,0.0010155894401456533,0.0011854264197028292,0.0012078023800811608,0.000803777755450618,0.0008679828354862793,0.0009269092100256741,0.0012706548605132125,0.0007475100730665185,0.0008885030247181543,0.0008808233664783975,0.0010091386219625107,0.0009645333065407414,0.0008654902862313391,0.0008624911771432509,0.0008772375359968081,0.0009517756118705323
563,0.001,0.0009476566206394394,0.0009481980547367599,9.329446064139943e-05,0.0007407407407407406,0.0004327573253193087,0.0008064974965862541,0.0009031820340592984,0.0008910017557975776,0.0012056666331759268,0.0010395300148983411,0.0009269092100256741,0.0013916696091335187,0.0007814878036604511,0.001110628780897693,0.0008805271270963945,0.001048758330378554,0.0009591747881710708,0.0008996064826041028,0.000881114628441692,0.0007293884076622699,0.0009889949940508516
564,0.001,0.0009072878615067689,0.0009081896979968122,4.6647230320699716e-05,0.0002777777777777778,0.00021637866265965434,0.00044805416477014114,0.0008279168645543569,0.0009801019313773354,0.0009042499748819451,0.0008632526485787127,0.0010153781661807106,0.0019483374527869259,0.000625190242928361,0.000932928175954062,0.0007417834125353246,0.001048758330378554,0.000997840535448113,0.0007876464015480155,0.0007480848747896171,0.0005965957993811189,0.001019302900318461
565,0.001,0.000961785686335874,0.0009622009795957415,0.00023323615160349855,0.0005555555555555556,0.0004327573253193087,0.0008662380518889396,0.0009408146188117692,0.0010098019899039215,0.000401888877725309,0.0007939717045111263,0.0009681250953901018,0.0013916696091335187,0.0008222610803731704,0.0007996527222463389,0.0008749825133299064,0.0010182801449372518,0.0009828804074803752,0.0009109818906782774,0.0008352060802435695,0.0010236645700737051,0.0009837132492619936
566,0.001,0.0008739836352223158,0.0008751828036863554,0.00023323615160349855,0.0005555555555555556,0.00046882043576258444,0.0008662380518889396,0.0009972634959404755,0.0010593020874482312,0.0006028333165879634,0.0008218968915200216,0.0009721505809253322,0.0013284118996274496,0.0006795546118786532,0.0007552275710104311,0.0007464985560322045,0.0010182801449372518,0.0010206701656515782,0.0008070217409619787,0.0006644081071566398,0.0007900992869933898,0.0009527133509295067
567,0.001,0.0008608637885041979,0.0008621800877458725,0.00018658892128279887,0.0005555555555555556,0.0004327573253193087,0.0007168866636322259,0.0009031820340592984,0.0008019015802178199,0.0009042499748819451,0.000790015141709411,0.0008837732553866656,0.0013916696091335187,0.0006795546118786532,0.0007108024197745235,0.0007906061313509234,0.0010091386219625107,0.0010156828000694171,0.0008935972143908558,0.0007318227750887566,0.0008853110783952988,0.0009527699984078555
568,0.001,0.0008709559782873655,0.0008721821769308593,0.00013994169096209915,0.0006481481481481481,0.00036063110443275724,0.0008064974965862541,0.0010160797883167108,0.0009801019313773354,0.000401888877725309,0.0007929185515014725,0.0009681250953901018,0.0015381611469370469,0.0006931457041162263,0.0007552275710104311,0.0008086495783764181,0.0010091386219625107,0.0009801623184522814,0.00088376355156899,0.0008484649149130071,0.0007932175991328358,0.0009870485801565137
569,0.001,0.0009294906790297378,0.0009301942942037834,0.00018658892128279887,0.0006481481481481481,0.00036063110443275724,0.0008363677742375969,0.0010348960806929462,0.001188002341063437,0.0011051944137445997,0.0009597846231886862,0.0009721505809253322,0.0015381611469370469,0.0008086699881355973,0.0010662036296617853,0.000768723915666974,0.0010091386219625107,0.0009851859294238475,0.0008428108985681878,0.0007105554483229925,0.000680800450603918,0.000985551072099457
570,0.001,0.0008277126191264089,0.0008293443898036463,0.0002798833819241983,0.0003888888888888889,0.000396694214876033,0.00045880746472462455,0.0007034398534500305,0.000611471793194416,0.0005023610971566361,0.0007782787960237945,0.0010649376049291118,0.0014612530895901945,0.0006346893934169873,0.0008529629037294282,0.0007559817435829784,0.0009699867105917799,0.0009909588765829537,0.0008184987073930784,0.0007161330346545119,0.0005944259151855538,0.0009612650201645689
571,0.001,0.0008390770944462222,0.000840615208238124,4.6647230320699716e-05,0.0001666666666666667,0.00036063110443275724,0.0004396904870277652,0.0005340932220639121,0.0005503246138749743,0.0007033055360192907,0.0008310703521711078,0.0010649376049291118,0.0015381611469370469,0.0005718488594153053,0.0005686419358196189,0.0007804869185954654,0.0009990194232377058,0.0009645333065407414,0.000796657034900335,0.0007761157075142766,0.00038178027388040877,0.0009645185662990271
572,0.001,0.0008608590054758646,0.0008622176102375394,0.00018658892128279887,0.0003888888888888889,0.0005048835462058601,0.0006499772416932181,0.0008206798290250356,0.0007459955876971875,0.0011051944137445997,0.0007889037482282455,0.0010153781661807106,0.0012706548605132125,0.000691245874018501,0.0007108024197745235,0.0009014842205181386,0.0009612787377965187,0.0009591747881710708,0.0008148883256015627,0.0008170147691165627,0.0007044118889237912,0.000931417816050798
573,0.001,0.0008892701937753981,0.0008903946563237335,9.329446064139943e-05,0.00044444444444444447,0.0004327573253193087,0.0005161583978152026,0.0006252798697333605,0.0005503246138749743,0.0011051944137445997,0.0009768877365227996,0.0010153781661807106,0.0013916696091335187,0.0007226661410193419,0.0008885030247181544,0.0009011810324573593,0.0009990194232377058,0.000997840535448113,0.000847009876334559,0.0008346562652454236,0.0005856906994029554,0.0009661094411482152
574,0.001,0.00085138860937602,0.0008528252615421413,4.6647230320699716e-05,0.0001666666666666667,0.00021637866265965434,0.00028675466545289034,0.0005731732139222471,0.0006053570752624719,0.0006028333165879634,0.0008310703521711078,0.001161750114468122,0.0019483374527869259,0.0005781329128154736,0.0007463425407632497,0.0007591829041913731,0.0009990194232377058,0.0009828804074803752,0.0007415956799681497,0.0007086407460772416,0.00047905972638131875,0.0010171459072212444
575,0.001,0.0009025287483151803,0.0009035439444972907,0.00023323615160349855,0.0003333333333333334,0.0004327573253193087,0.0005543923532089213,0.0006513331976389172,0.0006237012290583044,0.0006028333165879634,0.0008270534652647782,0.0010605279064639988,0.0013916696091335187,0.000760370461420351,0.0006397221777970711,0.00089550636258644,0.0009699867105917799,0.0010206701656515782,0.0008577202070985959,0.0007911683283243761,0.0008219911527276494,0.0009646226741741237
576,0.001,0.0008201363022465332,0.0008218305108473279,0.00023323615160349855,0.0003333333333333334,0.00046882043576258444,0.0005543923532089213,0.0006904131894972523,0.0006542748187180251,0.0006028333165879634,0.0008139330404455386,0.0010649376049291118,0.0013284118996274496,0.000628405340016819,0.0006041820568083449,0.0007640086474921104,0.0009699867105917799,0.0010156828000694171,0.0007598382161862699,0.0006293759874341252,0.0006344408536462573,0.000935325216573278
577,0.001,0.0008078247873167354,0.0008096204575433105,0.00018658892128279887,0.0003333333333333334,0.0004327573253193087,0.00045880746472462455,0.0006252798697333605,0.000495292152487477,0.0006028333165879634,0.0007202927514339073,0.0009681250953901018,0.0013916696091335187,0.000628405340016819,0.0005686419358196189,0.0008091508231749754,0.0009612787377965187,0.0009801623184522814,0.0008413519474238761,0.00069323609501002,0.0007108948527937365,0.0009328171219281221
578,0.001,0.0008172951834165799,0.0008190128062387084,0.00013994169096209915,0.0003888888888888889,0.00036063110443275724,0.0005161583978152026,0.0007034398534500305,0.0006053570752624719,0.0007033055360192907,0.0007197011351111429,0.0010605279064639988,0.0015381611469370469,0.0006409734468171554,0.0006041820568083449,0.0008276175026436079,0.0009612787377965187,0.0009851859294238475,0.0008320932218680602,0.0008037280669434832,0.0006369448232716623,0.0009675100823498112
579,0.001,0.000872223480795678,0.000873488428672017,0.00018658892128279887,0.0003888888888888889,0.00036063110443275724,0.000535275375512062,0.0007164665174028089,0.0007337661518332991,0.0011051944137445997,0.0008353461030412542,0.0010649376049291118,0.0015381611469370469,0.0007478023546200147,0.0008529629037294282,0.0007867553317520775,0.0009612787377965187,0.000972427552353203,0.0007935349164039067,0.0006730901265320476,0.0005466751155890107,0.0009661424750442365
580,0.001,0.0009374472466621072,0.0009380599465194802,0.0002798833819241983,0.00025925925925925926,0.000396694214876033,0.0006308602639963588,0.0008597598208833706,0.0008638252316556036,0.0010047221943132723,0.0009892378473708697,0.0009721505809253322,0.0014612530895901945,0.0007896716871583446,0.0008529629037294282,0.0008212430574481028,0.0010182801449372518,0.0009645333065407414,0.0009000527183505259,0.0009157731220886214,0.0006838069413060031,0.0009769877016704402
581,0.001,0.0009503183759068959,0.0009508082130633464,4.6647230320699716e-05,0.00011111111111111112,0.00036063110443275724,0.0006045744196631771,0.0006527806047447814,0.0007774427084900432,0.0011051944137445997,0.0010322681005638524,0.0009721505809253322,0.0015381611469370469,0.0007114863715981123,0.0005686419358196189,0.0008478636802625833,0.001048758330378554,0.0009591747881710708,0.0008760347736392525,0.000992477473009268,0.00043918677612102036,0.00098236342372668
582,0.001,0.0009749880402927408,0.0009752423906057564,0.00018658892128279887,0.00025925925925925926,0.0005048835462058601,0.0008937187073281749,0.0010030531243639324,0.0010538667826198364,0.0009042499748819451,0.0009542454351500606,0.0009269092100256741,0.0012706548605132125,0.0008600384711625535,0.0007108024197745235,0.0009793062647130905,0.0010091386219625107,0.000997840535448113,0.0008960826034115704,0.00104477817626071,0.0008103309880663626,0.0009484565964260335
583,0.001,0.0010071658634047125,0.0010071130569654215,9.329446064139943e-05,0.0002962962962962963,0.0004327573253193087,0.0007097177969959036,0.0007642309518963294,0.0007774427084900432,0.0011051944137445997,0.001053311814392905,0.0009681250953901018,0.0013916696091335187,0.0008991311289426694,0.0008885030247181544,0.0009789769034657726,0.001048758330378554,0.0009828804074803752,0.0009314046983565332,0.0010673376829535347,0.0006737582522543457,0.0009928230536556202
584,0.001,0.0009642620992554168,0.0009646188351525346,4.6647230320699716e-05,0.00011111111111111112,0.00021637866265965434,0.0003942876649977242,0.000700545039238302,0.0008551869793390475,0.0014066110720385814,0.00098422901595924,0.0010153781661807106,0.0019483374527869259,0.0007193049031541356,0.0007463425407632497,0.0008247205632843692,0.001048758330378554,0.0010206701656515782,0.0008154871860436419,0.0009061921697097023,0.0005510936818719332,0.001022715645112305
585,0.001,0.0010221821808569659,0.001021986034599932,0.00023323615160349855,0.00022222222222222223,0.0004327573253193087,0.0007622894856622668,0.0007960739082253431,0.0008811017362887157,0.001306138852607254,0.001000168984153998,0.0010076565471517406,0.0013916696091335187,0.0009460423182788087,0.0006397221777970711,0.0009728123587868032,0.0010182801449372518,0.0010156828000694171,0.0009431821907722607,0.0010117263903023114,0.0009455900921678889,0.000991582341310137
586,0.001,0.0009288664938322481,0.0009295611021569029,0.00023323615160349855,0.00022222222222222223,0.00046882043576258444,0.0007622894856622668,0.0008438383427188638,0.0009242929978714958,0.0007033055360192907,0.0008834596039781309,0.0009269092100256741,0.0013284118996274496,0.0007818531556023213,0.0006041820568083449,0.000829962896470848,0.0010182801449372518,0.0009801623184522814,0.000835547381819665,0.0008048303668301198,0.0007298387376600033,0.0009410029330161451
587,0.001,0.000914922770483727,0.0009157504800677146,0.00018658892128279887,0.00022222222222222223,0.0004327573253193087,0.0006308602639963588,0.0007642309518963294,0.000699698437641039,0.0009042499748819451,0.0009150078745117341,0.0009681250953901018,0.0013916696091335187,0.0007818531556023213,0.0005686419358196189,0.000879002041519443,0.0010091386219625107,0.0009851859294238475,0.0009251830217059816,0.000886493084875107,0.0008177887646895785,0.000969016348219901
588,0.001,0.0009256487115210509,0.0009263740355209363,0.00013994169096209915,0.00025925925925925926,0.00036063110443275724,0.0007097177969959036,0.0008597598208833706,0.0008551869793390475,0.0007033055360192907,0.0008536420296068718,0.0009681250953901018,0.0015381611469370469,0.0007974902187143678,0.0006041820568083449,0.0008990628861581724,0.0010091386219625107,0.000972427552353203,0.0009150017703127872,0.0010277874718210346,0.0007327192174084962,0.000983476259197579
589,0.001,0.0009878591695375294,0.0009879906571496225,0.00018658892128279887,0.00025925925925925926,0.00036063110443275724,0.0007360036413290852,0.0008756812990478775,0.0010365902779867243,0.0006028333165879634,0.0010184826997996625,0.0009269092100256741,0.0015381611469370469,0.0009304052551667623,0.0008529629037294282,0.0008546732240508838,0.0010091386219625107,0.000865974843670011,0.0008726015718341174,0.0008607309212018835,0.0006288760788000583,0.0009729420715469859
590,0.001,0.0009656647223141439,0.000966015375389266,0.0005597667638483966,0.0007777777777777778,0.0004958677685950413,0.0007455621301775149,0.0010746997761042134,0.0009317665420105387,0.000803777755450618,0.0010094284561575834,0.0009721505809253322,0.00130743697489649,0.0009003733255450284,0.0007996527222463389,0.0008533543125381055,0.000977812595656474,0.0009591747881710708,0.0009278211324985205,0.0008786005582617429,0.0007719394039047895,0.00097700271635402
591,0.001,0.000978923276853926,0.0009791435571612607,9.329446064139943e-05,0.0003333333333333334,0.0004507888805409467,0.0007144970414201183,0.0008159757559309768,0.0008385898878094847,0.0007033055360192907,0.000932115915535531,0.0010196001310282415,0.0013762494472594634,0.0008112274517286889,0.0005331018148308927,0.0008810158228244469,0.0010070795451943102,0.000997840535448113,0.0009030621864857361,0.000952191367944256,0.0004957913669525226,0.0009792785062612257
592,0.001,0.001004335506388509,0.0010043059055575836,0.00037317784256559773,0.0007777777777777778,0.0006311044327573253,0.0010562130177514794,0.0012538164054549156,0.001136755181252857,0.000803777755450618,0.0010142123847463932,0.0010649376049291118,0.0011369017173012957,0.000980604611979734,0.0006663772685386157,0.0010175979166086404,0.0009690343666468769,0.0009828804074803752,0.0009237285316278052,0.0010023691095331297,0.0009147705033511856,0.0009815075899583946
593,0.001,0.0010374818927379648,0.00103712635998757,0.00018658892128279887,0.0008888888888888889,0.000540946656649136,0.0008387573964497042,0.0009552886898704118,0.0008385898878094847,0.001306138852607254,0.0011587481462682506,0.0009269092100256741,0.0012451780713299907,0.0010251775488879036,0.0008329715856732697,0.001017255677075249,0.0010070795451943102,0.0010206701656515782,0.0009601403833625748,0.0010240128930165536,0.000760595589491695,0.0009884315522175136
594,0.001,0.0009932867109386902,0.0009933657540809214,9.329446064139943e-05,0.0003333333333333334,0.000270473328324568,0.00046597633136094676,0.0008756812990478775,0.0009224488765904332,0.0011051944137445997,0.001028876457176177,0.0010649376049291118,0.0017432492998619867,0.000820142039110323,0.0006996961319655465,0.000856967791611494,0.0010070795451943102,0.0010156828000694171,0.0008406465855463092,0.0008694085106838463,0.0006221213950642609,0.0010134749943359268
595,0.001,0.0010529502063677107,0.001052442572054897,0.0004664723032069971,0.0006666666666666668,0.000540946656649136,0.0009008875739644971,0.000995092385281679,0.0009504018728507495,0.0010047221943132723,0.0010015740454660188,0.0009721505809253322,0.0012451780713299907,0.0010786650731777073,0.0005997395416847542,0.001010850093808611,0.000977812595656474,0.0009801623184522814,0.00097228123481312,0.0009706589436698138,0.001067462478067634,0.0009838222603396403
596,0.001,0.0009568256859542889,0.0009572632542079364,0.0004664723032069971,0.0006666666666666668,0.0005860255447032307,0.0009008875739644971,0.0010547979283985797,0.0009969901999512764,0.001607555510901236,0.0009884649448016073,0.0010196001310282415,0.0011885790680877183,0.0008914587381633944,0.0005664206782578234,0.0008624151041846369,0.000977812595656474,0.0009851859294238475,0.0008613256782078607,0.0007721611309034648,0.0008239040086663434,0.000959764935000671
597,0.001,0.0009424622518695248,0.0009430410572882756,0.00037317784256559773,0.0006666666666666668,0.000540946656649136,0.0007455621301775149,0.0009552886898704118,0.0007547308990285363,0.0007033055360192907,0.0008450128593159923,0.0009269092100256741,0.0012451780713299907,0.0008914587381633944,0.0005331018148308927,0.0009133717187104708,0.0009690343666468769,0.000972427552353203,0.0009537267556291532,0.0008505090403724148,0.0009231894755686731,0.0009590296762290862
598,0.001,0.0009535110473193434,0.0009539812087649378,0.0002798833819241983,0.0007777777777777778,0.0004507888805409467,0.0008387573964497042,0.0010746997761042134,0.0009224488765904332,0.0007033055360192907,0.0009017760669211795,0.0011122910520308088,0.0013762494472594634,0.0009092879129266624,0.0005664206782578234,0.0009342169582901046,0.0009690343666468769,0.000865974843670011,0.0009432313924073216,0.0009860680825146554,0.0008271557390681505,0.0010129638039409023
599,0.001,0.0010175940609282912,0.001017434087329578,0.00037317784256559773,0.0007777777777777778,0.0004507888805409467,0.0008698224852071006,0.001094601623809847,0.0011181198504126462,0.001306138852607254,0.001104814622675698,0.0010649376049291118,0.0013762494472594634,0.0010608358984144396,0.0007996527222463389,0.0008880916251773095,0.0009690343666468769,0.0010047221943132723,0.0008995230635854974,0.0008257926004165214,0.0007099287767856367,0.0010017394977493742
600,0.001,0.0010312542398576313,0.0010309662262192971,0.0008396501457725949,0.001166666666666667,0.0006694214876033058,0.0010050068274920347,0.0010258497862812945,0.0012840907657082738,0.0007033055360192907,0.0008424850139220917,0.0009269092100256741,0.0011500603019922828,0.0010044237543825536,0.0014469906402552798,0.0010791592234975717,0.0010182801449372518,0.0010477817169266984,0.001095681445627438,0.0010424474421757465,0.0007096229184472877,0.001020636934457397
601,0.001,0.0010454133369723814,0.0010449770922607827,0.00013994169096209915,0.0005000000000000001,0.000608564988730278,0.0009631315430131999,0.0007788859488432053,0.0011556816891374463,0.0009042499748819451,0.0009528165704481156,0.0009269092100256741,0.001210589791570824,0.0009049758579090332,0.0009646604268368533,0.0011141402079758627,0.001048758330378554,0.0011219397836498208,0.0010664431400863184,0.0011297619226866092,0.00045576753172353027,0.0010024110703155849
602,0.001,0.0010725516064423193,0.0010718312521736295,0.0005597667638483966,0.001166666666666667,0.0008519909842223891,0.0014237596722803825,0.0011968247506615104,0.001566590734164094,0.0012056666331759268,0.001112149861250747,0.0010153781661807106,0.0010000524365150283,0.0010939268612087218,0.0012058255335460665,0.0012868631017448457,0.0010091386219625107,0.001047143798073166,0.0010908484161982353,0.0011892971208851673,0.000840923667083106,0.0010284791784560363
603,0.001,0.0011079493492291944,0.001106858417277343,0.0002798833819241983,0.0013333333333333335,0.0007302779864763336,0.0011306326809285392,0.0009118664766944841,0.0011556816891374463,0.0007033055360192907,0.0010632118497325672,0.0009721505809253322,0.0010952955257069361,0.0011436508094454817,0.0015072819169325833,0.0012864303026792312,0.001048758330378554,0.0010558716878419482,0.0011338478575229757,0.001214977171414545,0.0006991948580976991,0.0010568429144432296
604,0.001,0.001060752358846694,0.0010601555304723916,0.00013994169096209915,0.0005000000000000001,0.0003651389932381668,0.0006281292671825217,0.0008358776036366104,0.001271249858051191,0.0011051944137445997,0.0009429354600726903,0.0009681250953901018,0.0015334137359897103,0.0009149206475563854,0.00126611681022337,0.0010837288602986845,0.001048758330378554,0.0009536886860306935,0.0009927353816923527,0.0010315412045278968,0.000571899293857591,0.0010262760170371614
605,0.001,0.0011244682958630693,0.001123204427659076,0.0006997084548104956,0.0010000000000000002,0.0007302779864763336,0.0012143832498862086,0.0009498609132234209,0.0013097725810224392,0.0010047221943132723,0.0010591045761754786,0.0009269092100256741,0.0010952955257069361,0.0012033195473295938,0.00108524298019146,0.00127832974683448,0.0010182801449372518,0.0009828804074803752,0.001148185217605149,0.0011516734465267288,0.0009812892504095531,0.0010293139850264805
606,0.001,0.0010218148417811314,0.0010216256488583071,0.0006997084548104956,0.0010000000000000002,0.0007911344853493614,0.0012143832498862086,0.0010068525680168262,0.0013739771193078528,0.0005023610971566361,0.0009247631473721164,0.0009681250953901018,0.00104550936544753,0.0009944789647352015,0.0010249517035141565,0.0010906175787597154,0.0010182801449372518,0.0009909588765829537,0.0010171557115900539,0.0009161585299357967,0.0007573925675937404,0.0010005792805632427
607,0.001,0.0010064758199068186,0.001006447210646698,0.0005597667638483966,0.0010000000000000002,0.0007302779864763336,0.0010050068274920347,0.0009118664766944841,0.0010401135202237019,0.0009042499748819451,0.0009861043671249854,0.0009269092100256741,0.0010952955257069361,0.0009944789647352015,0.0009646604268368533,0.001155057752970833,0.0010091386219625107,0.0009645333065407414,0.0011262738837681985,0.001009117243719578,0.0008486629994776952,0.0010123365149688963
608,0.001,0.0010182750675024436,0.0010181229323479356,0.00041982507288629745,0.001166666666666667,0.000608564988730278,0.0011306326809285392,0.0010258497862812945,0.001271249858051191,0.0010047221943132723,0.0009674969523721504,0.0009721505809253322,0.001210589791570824,0.0010143685440299056,0.0010249517035141565,0.0011814188227256353,0.0010091386219625107,0.0009591747881710708,0.0011138797117187706,0.001169956177198692,0.0007603817949943133,0.0010354420464845492
609,0.001,0.0010867107035570692,0.0010858421182151148,0.0005597667638483966,0.001166666666666667,0.000608564988730278,0.0011725079654073738,0.001044847004545763,0.0015409089188499283,0.0011051944137445997,0.0009721821950399993,0.0009269092100256741,0.001210589791570824,0.0011834299680348898,0.0014469906402552798,0.0011230883286574424,0.0010091386219625107,0.000997840535448113,0.0010622637232140767,0.0009797915286725864,0.0006526182339235433,0.001023991902666142
610,0.001,0.0010001017680285986,0.0010001117158370892,0.0029387755102040828,0.002138888888888889,0.0013388429752066117,0.001099226217569413,0.0010421331162222673,0.00114141401396291,0.0011051944137445997,0.0009496294451147357,0.0011084222018669146,0.0007667068679948551,0.000975996666994368,0.0012185184338991829,0.0010259425525517844,0.0009699867105917799,0.0011219397836498208,0.001019026525918412,0.0009347012922485573,0.0008801244603971012,0.0010411364478482752
611,0.001,0.0010138331424180073,0.0010137032680341959,0.000489795918367347,0.0009166666666666668,0.001217129977460556,0.0010534251251706874,0.0007912492178724623,0.0010272726125666188,0.0009042499748819451,0.000990388353278259,0.001056839102569329,0.0008070598610472159,0.0008793633336285889,0.0008123456225994553,0.0010591985167552106,0.0009990194232377058,0.001047143798073166,0.000991833760139444,0.0010129910500469709,0.0005652750813099447,0.0009872241052925335
612,0.001,0.0010401516099977073,0.0010397537430786499,0.001959183673469388,0.002138888888888889,0.0017039819684447782,0.0015572371415566685,0.0012158219689259787,0.00139252509703475,0.001306138852607254,0.0011843859713598053,0.0010196001310282415,0.0006667016243433522,0.0010629666670235692,0.001015432028249319,0.0012234039117136682,0.0009612787377965187,0.0010558716878419482,0.0010145316198409604,0.0010663727597035471,0.0010429729219373401,0.0010240559781022156
613,0.001,0.001074480045971229,0.0010737326235714163,0.000979591836734694,0.0024444444444444444,0.001460555972952667,0.0012366294947655895,0.0009263405477531265,0.0010272726125666188,0.0011051944137445997,0.00111188044043633,0.0009721505809253322,0.0007301970171379573,0.0011112833337064585,0.001269290035311649,0.0012229924553053362,0.0009990194232377058,0.0009536886860306935,0.001054522779209814,0.0010893985502074014,0.0008671908434724222,0.0010471551656451152
614,0.001,0.0010287087980065334,0.0010284274495810611,0.000489795918367347,0.0009166666666666668,0.0007302779864763336,0.0006870163859808831,0.0008491455021070326,0.0011299998738232807,0.0010047221943132723,0.001066092915576891,0.001157709232261475,0.00102227582399314,0.0008890266669651669,0.0010662036296617851,0.001030286846463089,0.0009990194232377058,0.0009828804074803752,0.000923282666873075,0.0009249223105842746,0.0007093098944848761,0.0010033294320626023
615,0.001,0.0010904999827588725,0.0010895894344680405,0.002448979591836735,0.0018333333333333335,0.001460555972952667,0.0013282316795630406,0.0009649380705761734,0.001164242294242168,0.001306138852607254,0.0011577979631266862,0.0010196001310282415,0.0007301970171379573,0.001169263333725926,0.0009138888254243871,0.001215291362862724,0.0009699867105917799,0.0009909588765829537,0.0010678570838963482,0.001032637824378105,0.001217064231662549,0.0010293787359342804
616,0.001,0.0009909475184356595,0.0009910506810390182,0.002448979591836735,0.0018333333333333335,0.0015822689706987227,0.0013282316795630406,0.001022834354810744,0.0012213129949403135,0.0007033055360192907,0.0008736922056885973,0.0010153781661807106,0.0006970062436316866,0.00096633333365779,0.0008631172240119212,0.0010368358609623718,0.0009699867105917799,0.0009645333065407414,0.000945994527183154,0.0008214654544580465,0.0009393717529878967,0.0009971545995428508
617,0.001,0.0009760718628471335,0.0009763264994921528,0.001959183673469388,0.0018333333333333335,0.001460555972952667,0.001099226217569413,0.0009263405477531265,0.000924545351309957,0.0011051944137445997,0.001029119088109199,0.0009269092100256741,0.0007301970171379573,0.00096633333365779,0.0008123456225994553,0.0010980982913595895,0.0009612787377965187,0.0009591747881710708,0.0010474786878878987,0.0009048160641713902,0.0010525717885614986,0.0009935273944867205
618,0.001,0.0009875146748383073,0.0009876527929897415,0.0014693877551020414,0.002138888888888889,0.001217129977460556,0.0012366294947655895,0.0010421331162222673,0.0011299998738232807,0.0012056666331759268,0.0009714628592441046,0.0010196001310282415,0.0008070598610472159,0.000985660000330946,0.0008631172240119212,0.0011231594154304052,0.0009612787377965187,0.000997840535448113,0.0010359516239446637,0.001049030873364104,0.0009430792039235148,0.001022968266802084
619,0.001,0.001053882984387116,0.0010533452952757566,0.001959183673469388,0.002138888888888889,0.001217129977460556,0.0012824305871643152,0.0010614318776337908,0.0013696968167554917,0.000803777755450618,0.0010705998811553626,0.0009721505809253322,0.0008070598610472159,0.0011499366670527703,0.0012185184338991829,0.001067705377997473,0.0009612787377965187,0.0009828804074803752,0.000987946739260628,0.0008785214207759157,0.0008094232247093558,0.0010115050536324834
620,0.001,0.0009861368668638599,0.000986280383596789,0.002099125364431487,0.001166666666666667,0.0010413223140495866,0.0010364132908511608,0.0009607164665174029,0.0010843433132647644,0.0010047221943132723,0.0010148512157275762,0.0010196001310282415,0.0009000471928635255,0.0009949480585864916,0.0015231480423739789,0.0011134819765705793,0.000977812595656474,0.001047143798073166,0.0008829695677988971,0.0008839486349914978,0.0008393088561390187,0.0009699798834064311
621,0.001,0.0009996765034798398,0.0009996839675188293,0.0003498542274052478,0.0005000000000000001,0.0009466566491359878,0.0009932294037323624,0.0007294328727261763,0.0009759089819382879,0.0014066110720385814,0.0010638969290495926,0.001056839102569329,0.0009474180977510795,0.0008964383498155517,0.0010154320282493193,0.0011495755343062326,0.0010070795451943102,0.0010558716878419482,0.0008594074876798615,0.0009579873948751417,0.0005390605570535774,0.0009575227796756543
622,0.001,0.0010256274736604677,0.0010253741700360728,0.0013994169096209913,0.001166666666666667,0.0013253193087903827,0.0014682521620391444,0.0011208358776036368,0.0013228988421830124,0.0010047221943132723,0.0011155395364721222,0.0009721505809253322,0.0007826497329248047,0.0010836067964803374,0.001269290035311649,0.0013277918947516847,0.0009690343666468769,0.0009536886860306935,0.0008790748063029418,0.0010084705703834677,0.0009946052512848466,0.0009568359734742986
623,0.001,0.001059476565200417,0.0010588831298411732,0.0006997084548104956,0.0013333333333333335,0.0011359879789631852,0.0011659649522075559,0.0008539701924599137,0.0009759089819382879,0.0010047221943132723,0.0010599048064189817,0.0010649376049291118,0.0008571878027271672,0.0011328616508658072,0.0015866125441395614,0.0013273453304741014,0.0010070795451943102,0.0009828804074803752,0.0009137264820008527,0.0010302461004424012,0.0008269750332364093,0.0010069299871550746
624,0.001,0.001014344443147151,0.001014204516767706,0.0003498542274052478,0.0005000000000000001,0.0005679939894815926,0.0006477583067819755,0.0007828060097549209,0.0010734998801321168,0.001306138852607254,0.0009625412048408019,0.001157709232261475,0.001200062923818034,0.0009062893206926458,0.0013327545370772314,0.0011181969510680606,0.0010070795451943102,0.0009909588765829537,0.0008000091033846191,0.0008747006350524426,0.0006764157831945541,0.000983611170503823
625,0.001,0.00107527280791906,0.0010745206444168869,0.0017492711370262393,0.0010000000000000002,0.0011359879789631852,0.0012523327264451526,0.00088955228381241,0.0011060301795300597,0.0010047221943132723,0.0011372737849526424,0.0010649376049291118,0.0008571878027271672,0.001191967476128371,0.0011423610317804842,0.001318987135745338,0.000977812595656474,0.0009645333065407414,0.0009252804356482875,0.0009765673834725833,0.001160623109671924,0.000988864828613568
626,0.001,0.0009771104424532067,0.0009773446609820957,0.0017492711370262393,0.0010000000000000002,0.001230653643876784,0.0012523327264451526,0.0009429254208411547,0.0011602473451932979,0.0011051944137445997,0.0009978963474505168,0.0011122910520308088,0.0008182247207850232,0.0009850970877093976,0.0010788965300149017,0.0011253047658195917,0.000977812595656474,0.0009591747881710708,0.0008196885533025941,0.0007768613065828158,0.0008958085668177541,0.000968734457504295
627,0.001,0.0009624425027858954,0.0009628241117332187,0.0013994169096209913,0.0010000000000000002,0.0011359879789631852,0.0010364132908511608,0.0008539701924599137,0.0008783180837444592,0.0009042499748819451,0.0009395857675674129,0.0009269092100256741,0.0008571878027271672,0.0009850970877093976,0.0010154320282493193,0.0011917944653827342,0.0009690343666468769,0.000997840535448113,0.0009076228938097189,0.0008556861229095133,0.0010037589722971208,0.0009437327559523974
628,0.001,0.0009737255332992118,0.0009739937650015856,0.0010495626822157435,0.001166666666666667,0.0009466566491359878,0.0011659649522075559,0.0009607164665174029,0.0010734998801321168,0.0009042499748819451,0.0009172114682323157,0.0010196001310282415,0.0009474180977510795,0.0010047990294635857,0.0010788965300149017,0.001218993951256524,0.0009690343666468769,0.0009828804074803752,0.0008976348842642606,0.0009920703183617214,0.0008993440854222038,0.0009719424774515201
629,0.001,0.0010391671102764474,0.001038777753958113,0.0013994169096209913,0.001166666666666667,0.0009466566491359878,0.0012091488393263542,0.0009785075121936512,0.0013012119759177171,0.000803777755450618,0.0010550943210465807,0.0010196001310282415,0.0009474180977510795,0.0011722655343741832,0.0015231480423739789,0.001158808250745263,0.0009690343666468769,0.0010206701656515782,0.0008560394486169919,0.0008308192329952998,0.0007718863767934007,0.000971845177747835
630,0.001,0.0009979533216955619,0.0009979838185693506,0.002099125364431487,0.00175,0.0010413223140495866,0.0008793809740555305,0.0008467331569305922,0.0009702019118684735,0.0010047221943132723,0.000935730885532871,0.0009721505809253322,0.0009000471928635255,0.0009475695796061825,0.0013708332381365809,0.0010392279732223744,0.0009699867105917799,0.0010558716878419482,0.0011137115281759518,0.0010153870527308683,0.0007901154348848211,0.0010190633040635527
631,0.001,0.0010116551979659815,0.0010115464525702932,0.0003498542274052478,0.00075,0.0009466566491359878,0.00084274010013655,0.0006428899895213756,0.0008731817206816261,0.0007033055360192907,0.0009189962649007212,0.0010153781661807106,0.0009474180977510795,0.0008537508093481445,0.0009138888254243873,0.0010729145848077126,0.0009990194232377058,0.0009536886860306935,0.0010839920891223605,0.0011004349788321678,0.00050746523565229,0.0009947275794312844
632,0.001,0.0010379171274842857,0.0010375415010720995,0.0013994169096209913,0.00175,0.0013253193087903827,0.001245789713245335,0.0009878553497523577,0.0011836463324795376,0.000803777755450618,0.0010980634627180668,0.0010196001310282415,0.0007826497329248047,0.0010320064728384167,0.0011423610317804842,0.0012392463539408034,0.0009612787377965187,0.0009828804074803752,0.0011087989684052293,0.0011584247315878666,0.0009363096253657173,0.0010256185340234939
633,0.001,0.0010721718181603349,0.0010714480860744557,0.0006997084548104956,0.002,0.0011359879789631852,0.0009893035958124718,0.0007526516950494153,0.0008731817206816261,0.001306138852607254,0.0010538747315869458,0.0009721505809253322,0.0008571878027271672,0.0010789158579674355,0.0014279512897256053,0.0012388295693867009,0.0009990194232377058,0.0009909588765829537,0.0011525059908245653,0.001183438166094053,0.0007785045198143937,0.001050573240471525
634,0.001,0.001026498897258936,0.001026239306071314,0.0003498542274052478,0.00075,0.0005679939894815926,0.0005496131087847065,0.000689930720461964,0.0009604998927497888,0.000803777755450618,0.0010109819360682602,0.001157709232261475,0.001200062923818034,0.0008631326863739484,0.0011994790833695084,0.0010436285234727738,0.0009990194232377058,0.0009645333065407414,0.0010090714262171313,0.0010047639248362673,0.0006367698217319883,0.0010266682242973924
635,0.001,0.0010881573404758242,0.0010872711590755554,0.0017492711370262393,0.0015,0.0011359879789631852,0.0010625853436504326,0.000784012182343141,0.000989605950105843,0.000803777755450618,0.0010787188134843554,0.0010196001310282415,0.0008571878027271672,0.0011352071201222583,0.0010281249286024357,0.0012310287518157482,0.0009699867105917799,0.0009591747881710708,0.0011670792805985673,0.0011217777120124852,0.0010925968745931047,0.0010369923589085917
636,0.001,0.000988818737515282,0.0009889420625687224,0.0017492711370262393,0.0015,0.001230653643876784,0.0010625853436504326,0.0008310529132837294,0.0010381160456992666,0.001306138852607254,0.0009180277106900432,0.0010649376049291118,0.0008182247207850232,0.0009381877025803786,0.0009710068770134114,0.0010502623442922394,0.0009699867105917799,0.000997840535448113,0.0010338936070046823,0.0008923764133414426,0.0008433035945798755,0.0010117508394563031
637,0.001,0.0009739750382223275,0.0009742492090677014,0.0013994169096209913,0.0015,0.0011359879789631852,0.0008793809740555305,0.0007526516950494153,0.0007858635486134635,0.0007033055360192907,0.0009337216288972237,0.0010153781661807106,0.0008571878027271672,0.0009381877025803786,0.0009138888254243873,0.0011123180911934909,0.0009612787377965187,0.0009828804074803752,0.001144807382877465,0.0009829220567914008,0.0009449268301116535,0.001019754833565854
638,0.001,0.000985393268447677,0.0009855514040684867,0.0010495626822157435,0.00175,0.0009466566491359878,0.0009893035958124718,0.0008467331569305922,0.0009604998927497888,0.0009042499748819451,0.0010180944105366754,0.0010649376049291118,0.0009474180977510795,0.0009569514566319863,0.0009710068770134114,0.0011377037437429532,0.0009612787377965187,0.0010206701656515782,0.0011322092574380593,0.0011395858501130796,0.000846631889997308,0.0010413524872284056
639,0.001,0.0010516190037547053,0.0010511041350730421,0.0013994169096209913,0.00175,0.0009466566491359878,0.0010259444697314523,0.0008624134005774551,0.0011642422942421682,0.0014066110720385814,0.0010239998239258382,0.0010196001310282415,0.0009474180977510795,0.0011164433660706507,0.0013708332381365809,0.0010815316054637828,0.0009612787377965187,0.0010156828000694171,0.0010797438974876074,0.0009543575938112423,0.0007266447098954111,0.0010292872486665533
640,0.001,0.0009614297340339374,0.0009618095650177963,0.0012594752186588923,0.0013611111111111111,0.000743801652892562,0.0006595357305416478,0.0007001831874618359,0.0009321547780697098,0.0010047221943132723,0.0008791860276230772,0.0009721505809253322,0.0010895308124137415,0.000966520971198306,0.0010662036296617853,0.0009281766041080508,0.0009699867105917799,0.0009536886860306935,0.0009361994673540557,0.0008618983349617552,0.0006825402796635614,0.000983786848945828
641,0.001,0.000974630142281543,0.0009748805896839499,0.00020991253644314875,0.0005833333333333334,0.00067618332081142,0.0006320550751024125,0.0005316205682580606,0.0008389393002627387,0.0007033055360192907,0.0009042722720251778,0.0009269092100256741,0.001146874539382886,0.0008708258255351073,0.0007108024197745235,0.0009582634816275568,0.0009990194232377058,0.0009828804074803752,0.0009112169451226455,0.000934090181116888,0.0004383732408823788,0.0009517736230742666
642,0.001,0.0009999309247561204,0.0009999333869607442,0.000839650145772595,0.0013611111111111111,0.0009466566491359878,0.0009343422849340011,0.0008168803853721419,0.0011372288292450458,0.0010047221943132723,0.001050869022131658,0.0010153781661807106,0.0009474180977510796,0.0010526466022951848,0.0008885030247181543,0.001106821123076072,0.0009612787377965187,0.0009909588765829537,0.0009320699098121417,0.0009833140423140116,0.0008088299574124398,0.000983856873900894
643,0.001,0.0010329319453751342,0.001032610948626128,0.0004198250728862975,0.0015555555555555557,0.0008114199849737039,0.0007419776968593538,0.0006223850555216319,0.0008389393002627387,0.0011051944137445997,0.0010340080424120096,0.0009721505809253322,0.0010376483927749922,0.0011004941751267842,0.001110628780897693,0.0011064488759060193,0.0009990194232377058,0.0009645333065407414,0.0009688105648861094,0.0010045463768159873,0.0006725102044752763,0.0010102158031524426
644,0.001,0.0009889305845497823,0.0009890408664056161,0.00020991253644314875,0.0005833333333333334,0.00040570999248685195,0.0004122098315885299,0.0005705196342281626,0.0009228332302890127,0.0007033055360192907,0.0009688894431758756,0.0009681250953901018,0.0014527077498849889,0.0008803953401014273,0.000932928175954062,0.0009321069138118567,0.0009990194232377058,0.0009591747881710708,0.0008482377239049524,0.0008528810284875223,0.0005500728539363671,0.0009746680494671535
645,0.001,0.0010483324216640072,0.001047860477403307,0.0010495626822157437,0.0011666666666666668,0.0008114199849737039,0.0007969390077378245,0.0006483177661683666,0.000950797873631104,0.0009042499748819451,0.0010385374809334963,0.0009269092100256741,0.0010376483927749922,0.0011579112625247033,0.0007996527222463389,0.0010994816497065336,0.0009699867105917799,0.000997840535448113,0.0009810610496650204,0.0009522066876669516,0.0009438385119675851,0.0009807074836273662
646,0.001,0.000952629461868867,0.0009530955485736941,0.0010495626822157437,0.0011666666666666668,0.000879038317054846,0.0007969390077378245,0.0006872168321384686,0.0009974056125345895,0.0012056666331759268,0.000973157586002472,0.0010153781661807106,0.0009904825567397652,0.0009569514566319861,0.0007552275710104311,0.0009380318479351949,0.0009699867105917799,0.0009828804074803752,0.0008691035512255438,0.0007574823243506483,0.0007284868082215621,0.000966416945540191
647,0.001,0.0009383290196006278,0.0009389352718520278,0.000839650145772595,0.0011666666666666668,0.0008114199849737039,0.0006595357305416478,0.0006223850555216319,0.0007550453702364649,0.000803777755450618,0.0008792996102122241,0.0009269092100256741,0.0010376483927749922,0.0009569514566319861,0.0007108024197745235,0.0009934563494962854,0.0009612787377965187,0.0010206701656515782,0.0009623390213336715,0.0008343408376807812,0.0008162739194938371,0.0009648429315710847
648,0.001,0.0009493293598069656,0.0009498277924071556,0.0006297376093294462,0.0013611111111111111,0.00067618332081142,0.0007419776968593538,0.0007001831874618359,0.0009228332302890127,0.0012056666331759268,0.0010328484068594195,0.0009721505809253322,0.001146874539382886,0.0009760904857646259,0.0007552275710104311,0.0010161293042122426,0.0009612787377965187,0.0010156828000694171,0.0009517488837373155,0.0009673228983143012,0.000731361952263456,0.0009880659675022808
649,0.001,0.001013131333003726,0.0010130044116268976,0.000839650145772595,0.0013611111111111111,0.00067618332081142,0.0007694583522985892,0.0007131495427852033,0.0011185857336836517,0.0012056666331759268,0.0011023509930517413,0.0009269092100256741,0.001146874539382886,0.0011387722333920636,0.0010662036296617853,0.0009659596918683956,0.0009612787377965187,0.0009801623184522814,0.0009076458635229177,0.0008100942579992094,0.0006277111692930799,0.0009777226902081269
650,0.001,0.0009377968243705335,0.000938402695072673,0.0012594752186588923,0.0009722222222222222,0.0008181818181818183,0.000690942193900774,0.000683899857520863,0.0008655722939218733,0.0007033055360192907,0.0008749894116444263,0.0009721505809253322,0.0010350542717930545,0.000975996666994368,0.0014469906402552798,0.0010423618577314528,0.000977812595656474,0.0009828804074803752,0.0009668579740642918,0.0008731025501007193,0.0006670166847358231,0.0009750809571843488
651,0.001,0.0009506727533092593,0.000951155619581022,0.00020991253644314875,0.0004166666666666667,0.000743801652892562,0.000662152935821575,0.0005192572992288034,0.0007790150645296859,0.000803777755450618,0.0008807991474199481,0.001056839102569329,0.0010895308124137418,0.0008793633336285889,0.0009646604268368533,0.001076150054294227,0.0010070795451943102,0.0009909588765829537,0.0009410573282895782,0.0009462328514573429,0.0004284029448846506,0.0009779236714715523
652,0.001,0.000975351617108484,0.0009755987248886907,0.000839650145772595,0.0009722222222222222,0.0010413223140495868,0.000978834774692763,0.0007978831671076735,0.0010559981985846854,0.0011051944137445997,0.001017849151587166,0.0009721505809253322,0.0009000471928635257,0.0010629666670235692,0.0012058255335460665,0.0012429834116909953,0.0009690343666468769,0.0009645333065407414,0.0009625931824488455,0.0009960965963953343,0.0007904340487775975,0.0009675640564026038
653,0.001,0.0010075414394552986,0.001007481036159563,0.0004198250728862975,0.0011111111111111111,0.0008925619834710744,0.0007773099681383707,0.0006079109844629893,0.0007790150645296859,0.0011051944137445997,0.000991450162053697,0.0010649376049291118,0.0009857659731362426,0.0011112833337064585,0.0015072819169325833,0.00124256537028595,0.0010070795451943102,0.0009591747881710708,0.0010005370144732415,0.0010176049398348062,0.0006572147320905687,0.0010199892387119899
654,0.001,0.0009646216763262123,0.0009649712877983998,0.00020991253644314875,0.0004166666666666667,0.0004462809917355372,0.0004318388711879837,0.0005572517357577401,0.0008569165709826546,0.0007033055360192907,0.0008955210441432564,0.0010649376049291118,0.0013800723623907394,0.0008890266669651669,0.00126611681022337,0.0010467756782330544,0.0010070795451943102,0.000997840535448113,0.0008760156738579835,0.0008639680234885501,0.0005375620784998431,0.0009906863312626596
655,0.001,0.0010225633565504788,0.00102235944808597,0.0010495626822157437,0.0008333333333333334,0.0008925619834710744,0.0008348884842967685,0.0006332406088156139,0.0008828837398003109,0.000803777755450618,0.0010351939425370066,0.0010196001310282415,0.0009857659731362426,0.001169263333725926,0.00108524298019146,0.001234741028654855,0.000977812595656474,0.0009828804074803752,0.001013188676119791,0.0009645848628560872,0.0009223719887842117,0.0009945166894439804
656,0.001,0.0009292128717447162,0.0009299007454004405,0.0010495626822157437,0.0008333333333333334,0.0009669421487603306,0.0008348884842967685,0.0006712350453445508,0.0009261623544964044,0.0010047221943132723,0.0008937070401076243,0.0010649376049291118,0.000940958428902777,0.00096633333365779,0.0010249517035141565,0.0010534295039300232,0.000977812595656474,0.0010206701656515782,0.0008975648118716807,0.0007673291874686328,0.0007119182122602999,0.0009708580398611012
657,0.001,0.0009152639487277633,0.0009160850771830625,0.000839650145772595,0.0008333333333333334,0.0008925619834710744,0.000690942193900774,0.0006079109844629893,0.0007011135580767174,0.001306138852607254,0.0009768449661313628,0.0009269092100256741,0.0009857659731362426,0.00096633333365779,0.0009646604268368533,0.0011156723854628707,0.0009690343666468769,0.0010156828000694171,0.000993853541873259,0.0008451868201654947,0.0007977087064890521,0.0009588335862698076
658,0.001,0.0009259938895100348,0.0009267125142733532,0.0006297376093294462,0.0009722222222222222,0.000743801652892562,0.0007773099681383707,0.000683899857520863,0.0008569165709826546,0.0005023610971566361,0.0008685004333801765,0.0010196001310282415,0.0010895308124137418,0.000985660000330946,0.0010249517035141565,0.0011411345907084954,0.0009690343666468769,0.0009801623184522814,0.0009829166001866616,0.0009798975761178504,0.0007147279644523717,0.0009888829286110528
659,0.001,0.0009882275460472098,0.0009883516493970396,0.000839650145772595,0.0009722222222222222,0.000743801652892562,0.0008060992262175695,0.0006965646696971753,0.0010386867527062478,0.0011051944137445997,0.0009721821950399993,0.0009721505809253322,0.0010895308124137418,0.0011499366670527703,0.0014469906402552798,0.0010847930603435354,0.0009690343666468769,0.0009851859294238475,0.0009373693014949365,0.0008206250479790571,0.0006134345995226835,0.0009778770258904359
660,0.001,0.0009066443525415008,0.000907548184690465,0.0008396501457725949,0.0009722222222222222,0.0005950413223140496,0.0007851615839781522,0.0008467331569305922,0.0009702019118684735,0.0009042499748819451,0.000959453301175527,0.0009721505809253322,0.0012177109079918285,0.0008812397090337498,0.0015231480423739789,0.0009064643773347842,0.0010182801449372518,0.0009909588765829537,0.0009181515366719819,0.0008102465161867874,0.00063281815795901,0.000989569860410369
661,0.001,0.0009190925587548853,0.0009198817953544351,0.00013994169096209915,0.0004166666666666667,0.0005409466566491359,0.0007524465179790626,0.0006428899895213756,0.0008731817206816261,0.000803777755450618,0.0008666821972687006,0.0009269092100256741,0.0012818009557808722,0.0007939882526937745,0.0010154320282493193,0.0009358474522538888,0.001048758330378554,0.0009645333065407414,0.0008936506242312396,0.0008781120514495796,0.00040643835251811053,0.0009679212828266467
662,0.001,0.0009429516206638722,0.000943521215793711,0.0005597667638483966,0.0009722222222222222,0.0007573253193087902,0.001112312243969049,0.0009878553497523577,0.0011836463324795376,0.001607555510901236,0.0010389730572410059,0.0009721505809253322,0.001058879050427677,0.0009597660197397275,0.001269290035311649,0.0010809299821926376,0.0010091386219625107,0.0009591747881710708,0.0009141015881993561,0.0009243860265002461,0.0007499078061797357,0.000976600905137743
663,0.001,0.0009740721361973333,0.0009743552424536363,0.0002798833819241983,0.0011111111111111111,0.0006491359879789631,0.0008833067819754213,0.0007526516950494153,0.0008731817206816261,0.0011051944137445997,0.0010753845964513228,0.0010196001310282415,0.001159724674277932,0.001003391747909715,0.0015866125441395614,0.001080566442756583,0.001048758330378554,0.000997840535448113,0.0009501339617381259,0.0009443459502672432,0.000623518759968946,0.0010226831141640982
664,0.001,0.0009325781154860517,0.0009332432069070692,0.00013994169096209915,0.0004166666666666667,0.00032456799398948154,0.0004907259899863452,0.000689930720461964,0.0009604998927497888,0.000401888877725309,0.0009383018425467305,0.0010649376049291118,0.0016236145439891049,0.0008027133983277721,0.0013327545370772314,0.0009103027478804596,0.001048758330378554,0.0009828804074803752,0.0008318855081894023,0.0008017695985971275,0.0005100008022132428,0.0010175932660208967
665,0.001,0.0009885950434462818,0.0009887444548949346,0.0006997084548104956,0.0008333333333333334,0.0006491359879789631,0.0009487369139736006,0.000784012182343141,0.000989605950105843,0.001306138852607254,0.0009547216039582484,0.0010649376049291118,0.001159724674277932,0.0010557426217137002,0.0011423610317804842,0.001073762196311763,0.0010182801449372518,0.0010206701656515782,0.0009621482832763799,0.0008951428725130818,0.0008750811730093222,0.0010155512756683067
666,0.001,0.0008983455483992445,0.0008993257775811517,0.0006997084548104956,0.0008333333333333334,0.0007032306536438768,0.0009487369139736006,0.0008310529132837294,0.0010381160456992666,0.000401888877725309,0.0008775397505290092,0.0010649376049291118,0.001107009916356208,0.0008725145633997521,0.0010788965300149017,0.0009160890839043271,0.0010182801449372518,0.0010156828000694171,0.0008523490868244967,0.0007120879452742144,0.0006754175450325716,0.0009826407127586658
667,0.001,0.000884859991668078,0.0008859643660285174,0.0005597667638483966,0.0008333333333333334,0.0006491359879789631,0.0007851615839781522,0.0007526516950494153,0.0007858635486134635,0.0012056666331759268,0.000989137919308857,0.0009269092100256741,0.001159724674277932,0.0008725145633997521,0.0010154320282493193,0.0009702170764375412,0.0010091386219625107,0.0009801623184522814,0.0009437871757544681,0.0007843404838149684,0.000756809485849965,0.0009712333772539717
668,0.001,0.0008952334968458984,0.000896242374915159,0.00041982507288629745,0.0009722222222222222,0.0005409466566491359,0.0008833067819754213,0.0008467331569305922,0.0009604998927497888,0.001306138852607254,0.0009992831890603727,0.0009721505809253322,0.0012818009557808722,0.0008899648546677473,0.0010788965300149017,0.0009923596575885604,0.0010091386219625107,0.0009851859294238475,0.0009334011934433024,0.000909353199320946,0.0006780832387808656,0.0009948676893547343
669,0.001,0.0009553998268772567,0.0009558548264576812,0.0005597667638483966,0.0009722222222222222,0.0005409466566491359,0.000916021847974511,0.0008624134005774551,0.0011642422942421682,0.0011051944137445997,0.0010550943210465807,0.0010196001310282415,0.0012818009557808722,0.0010382923304457052,0.0015231480423739789,0.0009433636300943156,0.0010091386219625107,0.000972427552353203,0.0008901483854747513,0.0007615469524673176,0.0005819832729551796,0.0010036161760309298
670,0.001,0.0008507847478825457,0.0008522228557292643,0.0008396501457725949,0.0005833333333333335,0.0005950413223140496,0.0005025034137460173,0.0005861998778750254,0.0005992423573305277,0.0006028333165879634,0.0008237075912013388,0.0010196001310282415,0.0012177109079918285,0.0008149098384613171,0.0012185184338991829,0.000927726674527485,0.0009699867105917799,0.0009645333065407414,0.000864470670866833,0.0007675248024478035,0.000508145873496688,0.0009546354750379477
671,0.001,0.0008624660030022145,0.0008638045932929689,0.00013994169096209915,0.00025000000000000006,0.0005409466566491359,0.00048156577150659997,0.0004450776850532601,0.0005393181215974749,0.0007033055360192907,0.0008993443210483445,0.0009721505809253322,0.0012818009557808722,0.0007342256960394044,0.0008123456225994553,0.0009577989675636901,0.0009990194232377058,0.0009591747881710708,0.000841402234591847,0.0008318120045585017,0.0003263654322577889,0.0009406379133193591
672,0.001,0.0008848550753149131,0.0008860029236234027,0.0005597667638483966,0.0005833333333333335,0.0007573253193087902,0.0007118798361401913,0.000683899857520863,0.0007310756759432437,0.0010047221943132723,0.0009662058196641452,0.0009721505809253322,0.001058879050427677,0.0008875255666410384,0.001015432028249319,0.0011062845963402516,0.0009612787377965187,0.000997840535448113,0.0008606575076434753,0.0008756461005400385,0.0006021675459538088,0.0009315729619784676
673,0.001,0.0009140582131140851,0.0009149572675326642,0.0002798833819241983,0.0006666666666666668,0.0006491359879789631,0.0005653163404642696,0.0005210665581111337,0.0005393181215974749,0.0014066110720385814,0.0010340080424120096,0.0010196001310282415,0.001159724674277932,0.0009278676378519946,0.001269290035311649,0.001105912529615399,0.0009990194232377058,0.0009828804074803752,0.0008945832038731957,0.0008945536012081512,0.0005006785613546106,0.0009743997471505931
674,0.001,0.0008751206960485224,0.0008763514756536488,0.00013994169096209915,0.00025000000000000006,0.00032456799398948154,0.00031406463359126086,0.0004776443449352059,0.0005932499337572225,0.0012056666331759268,0.0009242616216845039,0.0011122910520308088,0.0016236145439891049,0.0007422941102815958,0.0010662036296617851,0.0009316550790307196,0.0009990194232377058,0.0010206701656515782,0.0007832482924938005,0.0007594948456773753,0.0004095249162263234,0.0009913982475777787
675,0.001,0.000927686344087032,0.0009284692946903196,0.0006997084548104956,0.0005000000000000001,0.0006491359879789631,0.0006071916249431043,0.0005427776646990976,0.0006112272044771383,0.0015070832914699085,0.001017554762816992,0.0010649376049291118,0.001159724674277932,0.0009762781233051422,0.0009138888254243871,0.001098948680748576,0.0009699867105917799,0.0010156828000694171,0.0009058950932349785,0.0008479448447634882,0.0007026803536635105,0.0009715321671414721
676,0.001,0.0008429972444694331,0.0008445016973534612,0.0006997084548104956,0.0005000000000000001,0.0007032306536438768,0.0006071916249431043,0.0005753443245810435,0.0006411893223436646,0.000803777755450618,0.0008891819120939897,0.0010649376049291118,0.001107009916356208,0.0008068414242191257,0.0008631172240119212,0.0009375771410679557,0.0009699867105917799,0.0009801623184522814,0.0008025154426802911,0.0006745418198084024,0.0005423527028720243,0.0009404455700658085
677,0.001,0.0008303425514231252,0.0008319548149927813,0.0005597667638483966,0.0005000000000000001,0.0006491359879789631,0.0005025034137460173,0.0005210665581111337,0.0004853863094377275,0.0014066110720385814,0.0009227476786179136,0.0009269092100256741,0.001159724674277932,0.0008068414242191257,0.0008123456225994553,0.000992974775842456,0.0009612787377965187,0.0009851859294238475,0.0008886074905862277,0.0007429847125107763,0.0006077095172144536,0.0009282032229360731
678,0.001,0.0008400769306895159,0.000841606262962535,0.00041982507288629745,0.0005833333333333335,0.0005409466566491359,0.0005653163404642696,0.0005861998778750254,0.0005932499337572225,0.0007033055360192907,0.0009280356742222632,0.0009721505809253322,0.0012818009557808722,0.0008229782527035083,0.0008631172240119212,0.001015636739942015,0.0009612787377965187,0.000972427552353203,0.0008788287375835498,0.0008614059063762608,0.0005444932250128085,0.0009498695517811294
679,0.001,0.0008965363304345819,0.0008975846611871073,0.0005597667638483966,0.0005833333333333335,0.0005409466566491359,0.0005862539827036869,0.0005970554311690074,0.0007190908287966332,0.0005023610971566361,0.0009395857675674129,0.0010196001310282415,0.0012818009557808722,0.0009601412948207597,0.0012185184338991829,0.0009654914471000163,0.0009612787377965187,0.000865974843670011,0.0008381047585582814,0.0007213930113492246,0.000467326031778353,0.0009585790840667062
680,0.001,0.0009635781803669743,0.0009639374622855348,0.0008396501457725949,0.0003888888888888889,0.0005950413223140496,0.000690942193900774,0.0007164665174028089,0.0008465487270224915,0.0005023610971566361,0.0009076332800672858,0.0009721505809253322,0.0012177109079918285,0.0010138994501786155,0.0012185184338991829,0.001007814139868162,0.0010182801449372518,0.0009591747881710708,0.0009506052608514792,0.0009814916371748879,0.0005845533759822218,0.0009804423538027779
681,0.001,0.000976808086733569,0.0009770374051478526,0.00013994169096209915,0.0001666666666666667,0.0005409466566491359,0.000662152935821575,0.0005439838372873179,0.0007618938543202423,0.0012056666331759268,0.0009683949856580003,0.0009269092100256741,0.0012818009557808722,0.0009135133660025147,0.0008123456225994553,0.0010404824709319236,0.001048758330378554,0.000997840535448113,0.0009252383194136281,0.0010637005130936733,0.00037543946567428167,0.0009701593877953572
682,0.001,0.001002165407269542,0.0010021456289672946,0.0005597667638483966,0.0003888888888888889,0.0007573253193087902,0.000978834774692763,0.0008358776036366104,0.0010327894469674395,0.0009042499748819451,0.001013158841133406,0.0009269092100256741,0.001058879050427677,0.001104246925937106,0.001015432028249319,0.001201786355316246,0.0010091386219625107,0.0009828804074803752,0.0009464121596361719,0.0011197544653461487,0.000692712644642824,0.0009584252573250465
683,0.001,0.0010352401731860284,0.0010348954861230885,0.0002798833819241983,0.00044444444444444447,0.0006491359879789631,0.0007773099681383707,0.0006368591265802745,0.0007618938543202423,0.0010047221943132723,0.0009665137401078062,0.0010153781661807106,0.001159724674277932,0.001154439968025156,0.001269290035311649,0.0012013821693457696,0.001048758330378554,0.0010206701656515782,0.000983718162489552,0.001143932907171673,0.0005759632392718175,0.0010106813894661688
684,0.001,0.0009911404852973797,0.0009912290099153632,0.00013994169096209915,0.0001666666666666667,0.00032456799398948154,0.0004318388711879837,0.000583787532698585,0.0008380832397522665,0.0011051944137445997,0.0009489101954840997,0.0010153781661807106,0.0016236145439891049,0.0009235519744201249,0.0010662036296617851,0.0010120816700731096,0.001048758330378554,0.0010156828000694171,0.0008612900038019222,0.0009712231280766594,0.00047110324970590207,0.0010090115151231145
685,0.001,0.0010506750639470554,0.0010501787527957922,0.0006997084548104956,0.0003333333333333334,0.0006491359879789631,0.0008348884842967685,0.0006633949235211193,0.0008634797015629413,0.0009042499748819451,0.001066766592052069,0.001056839102569329,0.001159724674277932,0.0012146716185308165,0.0009138888254243871,0.001193817155265018,0.0010182801449372518,0.0009801623184522814,0.0009961571519195786,0.0010843307880953074,0.0008083390900016113,0.0010092320959654902
686,0.001,0.0009547582427892445,0.0009552041670439899,0.0006997084548104956,0.0003333333333333334,0.0007032306536438768,0.0008348884842967685,0.0007031986189323865,0.0009058071379140658,0.000803777755450618,0.0008366820569683715,0.0009681250953901018,0.001107009916356208,0.0010038608417610052,0.0008631172240119212,0.001018514963436527,0.0010182801449372518,0.0009851859294238475,0.0008824769045796294,0.0008625873104754827,0.0006239037252341105,0.0009555923223824145
687,0.001,0.0009404258442254338,0.0009410125622764791,0.0005597667638483966,0.0003333333333333334,0.0006491359879789631,0.000690942193900774,0.0006368591265802745,0.000685704468888218,0.000803777755450618,0.0010161798209015096,0.0009681250953901018,0.001159724674277932,0.0010038608417610052,0.0008123456225994553,0.0010786948862240545,0.0010091386219625107,0.000972427552353203,0.0009771470378934614,0.0009501103802149866,0.0006990879360285711,0.0009739563710014989
688,0.001,0.0009514507661975959,0.0009519291813284104,0.00041982507288629745,0.0003888888888888889,0.0005409466566491359,0.0007773099681383707,0.0007164665174028089,0.0008380832397522665,0.0009042499748819451,0.0009542454351500606,0.0009269092100256741,0.0012818009557808722,0.0010239380585962254,0.0008631172240119212,0.0011033131800424927,0.0010091386219625107,0.000865974843670011,0.0009663939442811684,0.0011015444590519938,0.0006263661076109462,0.000976339432336144
689,0.001,0.0010153953136361367,0.001015245571829612,0.0005597667638483966,0.0003888888888888889,0.0005409466566491359,0.0008060992262175695,0.0007297344158732313,0.0010158584724269896,0.001306138852607254,0.0009931056508058955,0.0009269092100256741,0.0012818009557808722,0.0011945944016955963,0.0012185184338991829,0.001048839015871525,0.0010091386219625107,0.0010047221943132723,0.0009216122877034997,0.0009224994495260287,0.0005375956468574803,0.0009757948146100803
690,0.001,0.0009925822058629702,0.0009926640754000045,0.0016793002915451898,0.001166666666666667,0.000743801652892562,0.0008165680473372782,0.0008955831467535111,0.0009131312111703279,0.0011051944137445997,0.0009640550220659723,0.0009721505809253322,0.0010895308124137415,0.0011560348871195428,0.0011423610317804842,0.0010472204722993662,0.000977812595656474,0.000997840535448113,0.0009799333213488268,0.0009416514631750001,0.0006598935420930733,0.0009963845511456433
691,0.001,0.001006210336835917,0.001006154413910537,0.0002798833819241983,0.0005000000000000001,0.00067618332081142,0.000782544378698225,0.0006799797966091474,0.0008218180900532951,0.000803777755450618,0.0009102203449058938,0.0009721505809253322,0.001146874539382886,0.0010415759874047364,0.0007615740211869894,0.001081166161025563,0.0010070795451943102,0.0009828804074803752,0.0009537837593809193,0.001020523361174782,0.0004238279839356661,0.0009769872142697351
692,0.001,0.0010323309212007322,0.0010320108960557238,0.0011195335276967932,0.001166666666666667,0.0009466566491359878,0.001156804733727811,0.001044847004545763,0.0011140200776277999,0.0015070832914699085,0.001120889876694843,0.0010649376049291118,0.0009474180977510796,0.0012590478968628684,0.0009519675264837367,0.0012487771552618318,0.0009690343666468769,0.0010206701656515782,0.0009756108546322136,0.0010743020019253193,0.0007819929188808858,0.0010076370388167528
693,0.001,0.0010664012486330996,0.0010657367423320548,0.0005597667638483966,0.0013333333333333335,0.0008114199849737039,0.000918639053254438,0.0007960739082253432,0.0008218180900532951,0.000803777755450618,0.0011067683193788222,0.0009721505809253322,0.0010376483927749922,0.0013162773467202712,0.0011899594081046711,0.0012483571652992433,0.0010070795451943102,0.0010156828000694171,0.0010140678217750382,0.0010974990056082346,0.0006501962655503323,0.0010233716685803217
694,0.001,0.001020974145389943,0.0010207689472969469,0.0002798833819241983,0.0005000000000000001,0.00040570999248685195,0.0005103550295857989,0.0007297344158732313,0.0009039998990586246,0.0011051944137445997,0.0010325444775702943,0.0010649376049291118,0.0014527077498849889,0.0010530218773762172,0.0009995659028079237,0.0010516548663210272,0.0010070795451943102,0.0009801623184522814,0.0008878625112111886,0.0009317997678056901,0.0005318213954672979,0.0010103185047714656
695,0.001,0.0010823007347682042,0.0010814754705943425,0.0013994169096209913,0.0010000000000000002,0.0008114199849737039,0.0009866863905325445,0.0008292436544013992,0.0009313938353937345,0.001306138852607254,0.0011119766696494086,0.0010196001310282415,0.0010376483927749922,0.001384952686549155,0.0008567707738353631,0.0012404963531661328,0.000977812595656474,0.0009851859294238475,0.001026890578736714,0.0010403162232891332,0.0009125218794898857,0.0010160070015126305
696,0.001,0.0009834967852143388,0.0009836705163929831,0.0013994169096209913,0.0010000000000000002,0.000879038317054846,0.0009866863905325445,0.0008789982736654832,0.0009770503959522507,0.0009042499748819451,0.0009744321871852935,0.0010649376049291118,0.0009904825567397652,0.001144588997148062,0.0008091723975111762,0.0010583397065588908,0.000977812595656474,0.000972427552353203,0.0009097030699617154,0.0008275736361477464,0.0007043155613942124,0.0009898298371123248
697,0.001,0.000968732976660313,0.0009690559830065731,0.0011195335276967932,0.0010000000000000002,0.0008114199849737039,0.0008165680473372782,0.0007960739082253432,0.0007396362810479656,0.0007033055360192907,0.0009768449661313628,0.0009269092100256741,0.0010376483927749922,0.001144588997148062,0.0007615740211869894,0.0011208727120719292,0.0009690343666468769,0.000865974843670011,0.0010072939649328448,0.0009115440171068723,0.0007891898897432079,0.0009785668452608354
698,0.001,0.000980089752471102,0.00098029793176535,0.0008396501457725949,0.001166666666666667,0.00067618332081142,0.000918639053254438,0.0008955831467535111,0.0009039998990586246,0.0012056666331759268,0.0010492998148158225,0.0010649376049291118,0.001146874539382886,0.0011674807770910233,0.0008091723975111762,0.0011464536007099095,0.0009690343666468769,0.0010047221943132723,0.0009962091170235973,0.001056831166289191,0.0007070953079415785,0.001020467540737354
699,0.001,0.0010459590521736792,0.0010455012345662563,0.0011195335276967932,0.001166666666666667,0.00067618332081142,0.0009526627218934913,0.0009121680198415392,0.0010957574534043934,0.0011051944137445997,0.0011213670745012516,0.0010649376049291118,0.001146874539382886,0.0013620609066061938,0.0011423610317804842,0.0010898494535020757,0.0009690343666468769,0.001195619411232794,0.0009500458573900977,0.0008850538542790785,0.0006068836657088932,0.0010207576651648374
700,0.001,0.0010522289023632103,0.0010517239354720348,0.0008396501457725949,0.0007777777777777778,0.0005950413223140496,0.0008739189804278564,0.001051496030938327,0.0011661640627350649,0.001306138852607254,0.0009492881378609627,0.0009681250953901018,0.0012177109079918287,0.0010623712786738547,0.001519340172268044,0.0009777434095586195,0.001039887471598992,0.0011219397836498208,0.0011567591318103528,0.0011483705689299363,0.000691421629261268,0.0010422758039204886
701,0.001,0.0010666759811141925,0.0010660168994875098,0.00013994169096209915,0.0003333333333333334,0.0005409466566491359,0.0008375056895766957,0.0007983580975642854,0.0010495476564615581,0.001306138852607254,0.0011487320246045946,0.0010153781661807106,0.0012818009557808725,0.0009571860035576312,0.001012893448178696,0.001009436996833601,0.0010710123868348028,0.001047143798073166,0.0011258909656400445,0.0012445570773363492,0.00044407744050628257,0.001042451490734983
702,0.001,0.0010943662153869087,0.0010934117471838368,0.0005597667638483966,0.0007777777777777778,0.0007573253193087902,0.0012380518889394633,0.0012267453694280483,0.001422720156536779,0.0012056666331759268,0.0011516504463962018,0.001161750114468122,0.0010588790504276772,0.0011570380262784555,0.0012661168102233698,0.001165927964417771,0.0010305519706957965,0.0010558716878419482,0.00115165668990185,0.00131014164943136,0.0008193546133644942,0.0010706954904933564
703,0.001,0.0011304839122643644,0.0011291441572225242,0.0002798833819241983,0.0008888888888888889,0.0006491359879789631,0.0009831588529813384,0.0009346631386118462,0.0010495476564615581,0.0010047221943132723,0.001108010623417202,0.0010649376049291118,0.0011597246742779323,0.001209630663836567,0.0015826460127792124,0.001165535838376633,0.0010710123868348028,0.0009536886860306935,0.001197053092856044,0.001338431050933483,0.0006812610407437442,0.0010877413873232357
704,0.001,0.0010823269830944234,0.0010815009438376077,0.00013994169096209915,0.0003333333333333334,0.00032456799398948154,0.0005461993627674102,0.0008567745437275258,0.0011545024221077142,0.0012056666331759268,0.0010272429035382896,0.0010153781661807106,0.001623614543989105,0.0009677045310692537,0.0013294226507345383,0.0009818836070096353,0.0010710123868348028,0.0009828804074803752,0.0010480744406384133,0.0011363561480336598,0.000557230511096799,0.0010600484938554054
705,0.001,0.0011473388374738437,0.0011458192819072451,0.0006997084548104956,0.0006666666666666668,0.0006491359879789631,0.00105598543468366,0.0009736074360540065,0.001189487343989766,0.0012056666331759268,0.0011322304173751613,0.0010153781661807106,0.0011597246742779323,0.001272741828906301,0.001139505129201033,0.0011581965459733327,0.001039887471598992,0.0009909588765829537,0.0012121896749961295,0.0012686950319999264,0.0009561199260296171,0.001063409446120065
706,0.001,0.0010425975165292219,0.0010421952927950515,0.0006997084548104956,0.0006666666666666668,0.0007032306536438768,0.00105598543468366,0.001032023882217247,0.0012477955471265193,0.0012056666331759268,0.0010961769913415923,0.0010153781661807106,0.001107009916356208,0.0010518527511622323,0.0010761992886898645,0.000988124946497749,0.001039887471598992,0.0009645333065407414,0.001073856057844508,0.001009249435210387,0.0007379660231688797,0.0010234703936074807
707,0.001,0.0010269465145489912,0.0010267112484449537,0.0005597667638483966,0.0006666666666666668,0.0006491359879789631,0.0008739189804278564,0.0009346631386118462,0.0009445928908154025,0.000803777755450618,0.0010632530627818827,0.001157709232261475,0.0011597246742779323,0.0010518527511622323,0.001012893448178696,0.0010465092463061926,0.0010305519706957965,0.0009591747881710708,0.0011890569153722558,0.0011116536876608228,0.0008268954377580609,0.0010756625903588606
708,0.001,0.0010389857468414763,0.0010386220517911826,0.00041982507288629745,0.0007777777777777778,0.0005409466566491359,0.0009831588529813384,0.001051496030938327,0.0011545024221077142,0.0005023610971566361,0.0010805537173471489,0.0010649376049291118,0.0012818009557808725,0.001072889806185477,0.0010761992886898645,0.0010703929899285082,0.0010305519706957965,0.000997840535448113,0.001175971842373512,0.0012888354716747887,0.0007408785791557394,0.0010687811206067277
709,0.001,0.0011088132941378909,0.0011077047111993118,0.0005597667638483966,0.0007777777777777778,0.0005409466566491359,0.0010195721438324991,0.0010709681796594072,0.0013993968752820777,0.0011051944137445997,0.0010437172511253846,0.0009681250953901018,0.0012818009557808725,0.0012517047738830563,0.001519340172268044,0.0010175442027341298,0.0010305519706957965,0.0009828804074803752,0.0011214785712786164,0.001079348185522027,0.0006358790716235109,0.0010463420144264765
710,0.001,0.0010204428209376548,0.0010202481933371647,0.0029387755102040828,0.0014259259259259258,0.0011900826446280992,0.0009558488848429678,0.0010681864441278242,0.0010365902779867241,0.0006028333165879634,0.0009775092606427737,0.001056839102569329,0.0008118072719945523,0.0010323041670132738,0.001279444355594142,0.0009295278653062564,0.0009905692779898657,0.001047143798073166,0.0010758311588803852,0.0010296763283515838,0.0008575499360871638,0.0010248078946484048
711,0.001,0.0010344534775180345,0.001034113400947636,0.000489795918367347,0.0006111111111111111,0.0010818933132982719,0.0009160218479745109,0.000811030448319274,0.0009329312501880517,0.0011051944137445997,0.0010908016602164733,0.001056839102569329,0.0008545339705205815,0.0009300958336456227,0.0008529629037294281,0.000959658544005395,0.0010202180483180865,0.0010558716878419482,0.0010471225590774666,0.0011159211116057919,0.0005507762045725846,0.0009970758512327395
712,0.001,0.0010613072359637623,0.0010606883822010388,0.001959183673469388,0.0014259259259259258,0.0015146506386175805,0.0013541192535275377,0.0012462175181491282,0.0012646401391438035,0.0014066110720385814,0.001120421570897634,0.0010649376049291118,0.0007059193669517847,0.0011242916670441596,0.0010662036296617851,0.0011084324591411566,0.0009816765269548596,0.0009536886860306935,0.001071085688677826,0.001174726938939234,0.001016221458206565,0.0010261644205497792
713,0.001,0.0010963338774147115,0.0010953514012272164,0.000979591836734694,0.0016296296296296295,0.0012982719759579262,0.0010753299954483389,0.0009494990614469548,0.0009329312501880517,0.0012056666331759268,0.001058554066966971,0.0009721505809253322,0.0007731497828519547,0.001175395833727985,0.0013327545370772314,0.0011080596700449718,0.0010202180483180865,0.0009828804074803752,0.001113306115952757,0.0012000923809473067,0.0008449480566187417,0.0010382325459224772
714,0.001,0.0010496316888134458,0.001049134042525646,0.000489795918367347,0.0006111111111111111,0.0006491359879789631,0.0005974055530268549,0.0008703741396597085,0.001026224375206857,0.0010047221943132723,0.0010610041375212023,0.0011084222018669146,0.0010824096959927364,0.000940316666982388,0.0011195138111448743,0.0009334638968468078,0.0010202180483180865,0.0009909588765829537,0.0009747501524369157,0.0010189037039649489,0.0006911166341258772,0.0010055157229601807
715,0.001,0.0011126796434251544,0.001111527476772766,0.002448979591836735,0.0012222222222222222,0.0012982719759579262,0.0011549840691852528,0.000989061522340578,0.0010573220835464587,0.001306138852607254,0.0011307317662651447,0.0010196001310282415,0.0007731497828519547,0.0012367208337485756,0.0009595832666956065,0.0011010823007947125,0.0009905692779898657,0.0009645333065407414,0.0011273837283592143,0.001137564195471193,0.001185847457989397,0.0010279304972415522
716,0.001,0.0010111023832174017,0.0010110047215968507,0.002448979591836735,0.0012222222222222222,0.0014064613072877535,0.0011549840691852528,0.0010484052136810126,0.0011091515974457947,0.000803777755450618,0.0009461052828429466,0.0009721505809253322,0.0007380066109041386,0.0010220833336765085,0.0009062730852125172,0.0009393974566277497,0.0009905692779898657,0.0009591747881710708,0.0009987280630960127,0.000904934592504124,0.0009152775805974078,0.0009840536193334217
717,0.001,0.0009959241719219903,0.0009959840800188404,0.001959183673469388,0.0012222222222222222,0.0012982719759579262,0.0009558488848429678,0.0009494990614469548,0.0008396381251692466,0.001306138852607254,0.0010137018343165253,0.001056839102569329,0.0007731497828519547,0.0010220833336765085,0.0008529629037294281,0.000994902646473869,0.0009816765269548596,0.000997840535448113,0.0011058693586776846,0.0009967544610409906,0.0010255741211882784,0.001018723846185953
718,0.001,0.0010075997190723068,0.0010075384196942328,0.0014693877551020414,0.0014259259259259258,0.0010818933132982719,0.0010753299954483389,0.0010681864441278242,0.001026224375206857,0.0010047221943132723,0.0009911828887877393,0.0010196001310282415,0.0008545339705205815,0.0010425250003500389,0.0009062730852125172,0.0010176086090073265,0.0009816765269548596,0.0009828804074803752,0.001093699729874978,0.001155622942827565,0.0009188899382308396,0.0010184414563332073
719,0.001,0.001075317892544142,0.0010745535898115098,0.001959183673469388,0.0014259259259259258,0.0010818933132982719,0.0011151570323167958,0.0010879676745746357,0.001243908333584069,0.0007033055360192907,0.0010500094995421413,0.0009269092100256741,0.0008545339705205815,0.0012162791670750454,0.001279444355594142,0.0009673659585690165,0.0009816765269548596,0.0010206701656515782,0.0010430188600369728,0.0009677880178667932,0.0007886621334257604,0.0009973518295118369
720,0.001,0.0010061938878848198,0.0010061383778973954,0.002099125364431487,0.0007777777777777778,0.0009256198347107437,0.0009012289485662267,0.000984734378180338,0.000984760764087388,0.0010047221943132723,0.0010496561734176422,0.0009269092100256741,0.0009529911453849093,0.0010523489081203277,0.0015993054444926776,0.0010088406238383404,0.000998561223893368,0.0010558716878419482,0.0009321898392439451,0.0009737666915382876,0.0008177812210953256,0.0009575652817858421
721,0.001,0.0010200089069404466,0.001019811832636658,0.0003498542274052478,0.0003333333333333334,0.000841472577009767,0.0008636777423759672,0.0007476686945443308,0.0008862846876786491,0.0019089721691952176,0.0011773831087517764,0.0010076565471517406,0.0010031485740893782,0.0009481559469202951,0.0010662036296617851,0.0010415422284163769,0.001028449201487384,0.0009536886860306935,0.0009073143141075915,0.001055328532807704,0.0005252340629640438,0.0009628178480207408
722,0.001,0.0010464876934637313,0.0010460192875535775,0.0013994169096209913,0.0007777777777777778,0.0011780616078136737,0.001276741010468821,0.0011488567745437277,0.0012014081321866132,0.0005023610971566361,0.001060354670536848,0.0009681250953901018,0.0008286879525086167,0.0011461225732003568,0.0013327545370772312,0.001203010404851285,0.000989596725847038,0.0009828804074803752,0.0009280779680932114,0.0011109413058208804,0.0009690943815905867,0.0009613346258372249
723,0.001,0.0010810252411027985,0.0010802029244017337,0.0006997084548104956,0.0008888888888888889,0.0010097670924117204,0.001013882567137005,0.0008753194472714116,0.0008862846876786491,0.0009042499748819451,0.0010139109096687158,0.0010153781661807106,0.0009076106146522947,0.001198219053800373,0.0016659431713465392,0.0012026058072072633,0.001028449201487384,0.0009909588765829537,0.0009646612674235523,0.0011349294483696654,0.0008057637513876083,0.001001845482714633
724,0.001,0.0010349751775840424,0.0010346247419375256,0.0003498542274052478,0.0003333333333333334,0.0005048835462058602,0.0005632680928538917,0.000802376159998794,0.0009749131564465142,0.0005023610971566361,0.0009625412048408019,0.001056839102569329,0.0012706548605132123,0.0009585752430402984,0.0013993922639310929,0.0010131125006298005,0.001028449201487384,0.0009645333065407414,0.0008446048252114314,0.0009635790019514523,0.0006590662318203526,0.0009806447162604317
725,0.001,0.001097142763334363,0.0010961552882642065,0.0017492711370262393,0.0006666666666666668,0.0010097670924117204,0.0010889849795175238,0.0009117910909077204,0.0010044559793691357,0.0014066110720385814,0.0011160144564717,0.0010153781661807106,0.0009076106146522947,0.0012607348305203926,0.0011994790833695082,0.0011950330879699946,0.000998561223893368,0.0009591747881710708,0.0009768592848706126,0.001075796434797873,0.0011308540079335828,0.000987868981110335
726,0.001,0.0009969838751810686,0.0009970227414045538,0.0017492711370262393,0.0006666666666666668,0.001093914350112697,0.0010889849795175238,0.0009664985563621837,0.0010536940175735051,0.0011051944137445997,0.0010857864536043585,0.0010153781661807106,0.000866355586713554,0.0010419296120003244,0.0011328413565156465,0.0010195523464638094,0.000998561223893368,0.000997840535448113,0.0008653812867390665,0.0008557982153595792,0.0008728317570838745,0.0009554427473278082
727,0.001,0.000982017604537473,0.0009822098321036862,0.0013994169096209913,0.0006666666666666668,0.0010097670924117204,0.0009012289485662267,0.0008753194472714116,0.0007976562189107842,0.0009042499748819451,0.0009299487357116349,0.0010076565471517406,0.0009076106146522947,0.0010419296120003244,0.0010662036296617851,0.001079793564011575,0.000989596725847038,0.0009828804074803752,0.0009582174407026748,0.0009426324244607672,0.000978013316607452,0.000969478545608923
728,0.001,0.0009935301204171618,0.0009936043777197382,0.0010495626822157435,0.0007777777777777778,0.000841472577009767,0.001013882567137005,0.000984734378180338,0.0009749131564465142,0.000803777755450618,0.0009403186519063883,0.0009721505809253322,0.0010031485740893782,0.001062768204240331,0.0011328413565156465,0.0011044369321795168,0.000989596725847038,0.0010206701656515782,0.0009476726593737351,0.0010928746235280072,0.0008762765923199191,0.000969903960726531
729,0.001,0.0010603027125193583,0.0010596927422928401,0.0013994169096209913,0.0007777777777777778,0.000841472577009767,0.0010514337733272645,0.0010029701999984925,0.0011817129169048655,0.0014066110720385814,0.0010397652594584623,0.0009269092100256741,0.0010031485740893782,0.001239896238280386,0.0015993054444926776,0.0010499072847065213,0.000989596725847038,0.0010156828000694171,0.000903758527014713,0.0009152388088567978,0.0007520880771647659,0.0009602551307295455
730,0.001,0.0010182506773910647,0.001018077452500277,0.002099125364431487,0.0011666666666666668,0.0009256198347107437,0.0007646791078743742,0.0008679014858538571,0.0008811017362887157,0.0009042499748819451,0.0010021355183936838,0.0009269092100256741,0.0009529911453849093,0.0010022370553526931,0.00143937490004341,0.0009415647660907238,0.0009905692779898657,0.0009536886860306935,0.001175794283604262,0.0011185605722192902,0.0007698495737537525,0.001011810261751073
731,0.001,0.0010322312358907132,0.0010319131596690239,0.0003498542274052478,0.0005,0.000841472577009767,0.0007328174783796086,0.00065896223925941,0.000792991562659844,0.001306138852607254,0.0010530834666916,0.0010153781661807106,0.0010031485740893782,0.0009030056637336144,0.0009595832666956066,0.0009720856213554145,0.0010202180483180865,0.0009828804074803752,0.0011444181636063218,0.001212250221530929,0.0004944491375728069,0.0010095391647394476
732,0.001,0.0010590273063483728,0.0010584315984091216,0.0013994169096209913,0.0011666666666666668,0.0011780616078136737,0.0010832954028220303,0.0010125517334961666,0.001074944118272233,0.001306138852607254,0.0010807479741967807,0.0010649376049291118,0.0008286879525086167,0.001091545307809864,0.0011994790833695084,0.0011227860810549756,0.0009816765269548596,0.0009909588765829537,0.0011706078780134533,0.0012761323154091362,0.0009122939942242873,0.001035661988287049
733,0.001,0.001093978702597494,0.0010930208663309884,0.0006997084548104956,0.0013333333333333333,0.0010097670924117204,0.000860263996358671,0.0007714679874256508,0.000792991562659844,0.0011051944137445997,0.0010438851721860777,0.0009721505809253322,0.0009076106146522947,0.001141161003619403,0.0014993488542118854,0.001122408464534534,0.0010202180483180865,0.0009645333065407414,0.0012167513054754876,0.0013036873660069949,0.0007585364698410786,0.0010501499172884572
734,0.001,0.001047376840931999,0.001046901842435166,0.0003498542274052478,0.0005,0.0005048835462058602,0.0004779244424214839,0.0007071789884735131,0.0008722907189258284,0.0010047221943132723,0.0010468252712434874,0.0011084222018669146,0.0012706548605132123,0.0009129288028955224,0.0012594530375379838,0.0009455517671857195,0.0010202180483180865,0.0009591747881710708,0.0010653211219225681,0.0011068580278697385,0.0006204371591741976,0.0010335633549486615
735,0.001,0.0011102893541804172,0.0011091625246945262,0.0017492711370262393,0.001,0.0010097670924117204,0.0009239872553482021,0.0008036124869017196,0.0008987237710144899,0.0011051944137445997,0.0010960840236059145,0.0010196001310282415,0.0009076106146522947,0.0012006998385908501,0.0010795311750325576,0.0011153407419936024,0.0009905692779898657,0.000997840535448113,0.0012321369689763805,0.0012357615906927605,0.0010645725941460695,0.0010427044666304708
736,0.001,0.0010089303050579658,0.0010088536477211127,0.0017492711370262393,0.001,0.001093914350112697,0.0009239872553482021,0.0008518292361158228,0.0009427788578289256,0.0010047221943132723,0.0010342977481498663,0.0010196001310282415,0.000866355586713554,0.0009923139161907852,0.0010195572208640822,0.0009515621634694147,0.0009905692779898657,0.0009828804074803752,0.0010915269908017336,0.0009830508167871746,0.0008216734975275656,0.0010053328355114236
737,0.001,0.00099378470001668,0.0009938649649549704,0.0013994169096209913,0.001,0.0010097670924117204,0.0007646791078743742,0.0007714679874256508,0.0007136924063938597,0.000803777755450618,0.0009569093545776615,0.001157709232261475,0.0009076106146522947,0.0009923139161907852,0.0009595832666956066,0.001007786116558829,0.0009816765269548596,0.0010206701656515782,0.0012086235461887215,0.001082796806729587,0.0009206901742097786,0.0010547283306880885
738,0.001,0.0010054351654330536,0.001005394720928926,0.0010495626822157435,0.0011666666666666668,0.000841472577009767,0.000860263996358671,0.0008679014858538571,0.0008722907189258284,0.0012056666331759268,0.0010807479741967807,0.0010649376049291118,0.0010031485740893782,0.001012160194514601,0.0010195572208640822,0.0010307861094580582,0.0009816765269548596,0.0010156828000694171,0.0011953231506185657,0.0012553792144258853,0.0008249164246940378,0.0010445145974220728
739,0.001,0.0010730078648480213,0.0010722673055778684,0.0013994169096209913,0.0011666666666666668,0.000841472577009767,0.0008921256258534366,0.0008839737355918916,0.0010573220835464587,0.0007033055360192907,0.0010448999339423518,0.0009721505809253322,0.0010031485740893782,0.0011808535602670345,0.00143937490004341,0.0009798928429155442,0.0009816765269548596,0.0009801623184522814,0.0011399331607007857,0.0010513299075109188,0.0007080068246799265,0.0010222974177827172
740,0.001,0.0009809842370990347,0.0009811748582731882,0.0012594752186588923,0.0009074074074074074,0.0006611570247933885,0.0005735093309057807,0.000717687767148382,0.0008465487270224915,0.000803777755450618,0.0009185703599931748,0.0010153781661807106,0.001153620860202785,0.001022281796459747,0.0011195138111448743,0.0008409496372850941,0.0009905692779898657,0.0009828804074803752,0.0009883869872758873,0.0009494758596308481,0.0006650336396040126,0.0010006483421537969
741,0.001,0.0009944531282262525,0.00099450905793262,0.00020991253644314875,0.0003888888888888889,0.0006010518407212623,0.0005496131087847065,0.0005449110824645122,0.0007618938543202423,0.000803777755450618,0.0010108912139632092,0.0010153781661807106,0.0012143377475818792,0.0009210657770082866,0.0007463425407632496,0.0008682090495834504,0.0010202180483180865,0.0009909588765829537,0.0009620118388765363,0.0010290031221931134,0.0004271293000212643,0.000988007364694851
742,0.001,0.0010202685028867535,0.0010200662739465309,0.000839650145772595,0.0009074074074074074,0.000841472577009767,0.0008124715521165227,0.0008373023950064457,0.0010327894469674395,0.000803777755450618,0.0010090245635911866,0.001161750114468122,0.0010031485740893784,0.001113376213966061,0.0009329281759540618,0.001002805735320979,0.0009816765269548596,0.0009645333065407414,0.0009840272316041922,0.0010832286219170015,0.0007880840829846632,0.0010208438925444535
743,0.001,0.001053940730704798,0.0010534017730951103,0.0004198250728862975,0.001037037037037037,0.0007212622088655146,0.0006451979972690033,0.0006379446819096728,0.0007618938543202423,0.0009042499748819451,0.0009991801861029214,0.0010649376049291118,0.0010986865335264621,0.0011639842236917909,0.0011661602199425775,0.001002468470708565,0.0010202180483180865,0.0009591747881710708,0.0010228159584144457,0.0011066183747863207,0.0006552608282305139,0.0010354843389058523
744,0.001,0.0010090444269474051,0.0010089544408970043,0.00020991253644314875,0.0003888888888888889,0.0003606311044327573,0.00035844333181611295,0.0005847826250838668,0.0008380832397522665,0.0012056666331759268,0.0009787261364138853,0.0010153781661807106,0.0015381611469370469,0.0009311873789534327,0.000979574584751765,0.0008445105894844978,0.0010202180483180865,0.000997840535448113,0.0008955219028202107,0.0009395423042811246,0.0005359639027911842,0.001004738314009713
745,0.001,0.0010696544370198855,0.0010689583393644474,0.0010495626822157437,0.0007777777777777778,0.0007212622088655146,0.0006929904415111516,0.0006645257103225758,0.0008634797015629413,0.0009042499748819451,0.0010294705539192698,0.0010153781661807106,0.0010986865335264621,0.001224713835362667,0.0008396353583586557,0.000996156001379551,0.0009905692779898657,0.0009828804074803752,0.0010357493344368845,0.001048960447706328,0.0009196297705999674,0.0010098304142103437
746,0.001,0.000972004976347556,0.0009722853918335671,0.0010495626822157437,0.0007777777777777778,0.0007813673929376408,0.0006929904415111516,0.0007043972529419305,0.0009058071379140658,0.0014066110720385814,0.0010696190290198468,0.0010649376049291118,0.0010487462365479866,0.0010121601945146008,0.0007929889495609526,0.0008498787178987531,0.0009905692779898657,0.0010206701656515782,0.0009175508751937004,0.0008344501339591498,0.000709801674582342,0.0009850319199793199
747,0.001,0.0009574136776264033,0.0009578400088691827,0.000839650145772595,0.0007777777777777778,0.0007212622088655146,0.0005735093309057807,0.0006379446819096728,0.000685704468888218,0.000803777755450618,0.0008791164800196283,0.001157709232261475,0.0010986865335264621,0.0010121601945146008,0.0007463425407632496,0.0009000946081487516,0.0009816765269548596,0.0010156828000694171,0.0010159836650219952,0.0009191182439367783,0.000795337113089357,0.0010232536991567661
748,0.001,0.0009686377535657515,0.0009689518419187091,0.0006297376093294462,0.0009074074074074074,0.0006010518407212623,0.0006451979972690033,0.000717687767148382,0.0008380832397522665,0.0014066110720385814,0.0010696190290198468,0.0010649376049291118,0.0012143377475818792,0.001032403398404893,0.0007929889495609526,0.0009206368335831969,0.0009816765269548596,0.0009801623184522814,0.0010048031906052747,0.0010656126171288273,0.0007126030733620724,0.0010161832119682766
749,0.001,0.0010337373940139713,0.0010334004736059627,0.000839650145772595,0.0009074074074074074,0.0006010518407212623,0.0006690942193900775,0.0007309782813548335,0.0010158584724269896,0.0010047221943132723,0.0010973644254762436,0.0009681250953901018,0.0012143377475818792,0.001204470631472375,0.0011195138111448743,0.0008751819954451087,0.0009816765269548596,0.0009851859294238475,0.0009582416908399786,0.0008924079683132738,0.0006116108542939576,0.0009949121062447644
750,0.001,0.0009568706580865444,0.0009572967090674247,0.0012594752186588923,0.0006481481481481481,0.0007272727272727273,0.0006008192990441513,0.0007009973539588846,0.0007860809608065992,0.001306138852607254,0.0009767416835627701,0.0009681250953901018,0.0010959398171926458,0.0010323041670132738,0.001519340172268044,0.0009444041385006063,0.000998561223893368,0.0009909588765829537,0.0010207545223347894,0.0009618185355231608,0.000649908213102267,0.000986404489056003
751,0.001,0.0009700084703257189,0.0009703064038678882,0.00020991253644314875,0.0002777777777777778,0.0006611570247933885,0.0005757851615839783,0.0005322387317095236,0.0007074728647259392,0.0009042499748819451,0.0010520281668306875,0.0011038324421855526,0.001153620860202785,0.0009300958336456227,0.001012893448178696,0.0009750170321225992,0.001028449201487384,0.0009645333065407414,0.0009935156448986442,0.0010423796097578895,0.0004174147345474627,0.0010071445069877968
752,0.001,0.00099518927711747,0.0009952416522354427,0.000839650145772595,0.0006481481481481481,0.0009256198347107437,0.0008511606736458808,0.0008178302462853654,0.0009590187721840509,0.0010047221943132723,0.001044195559775727,0.0010605279064639988,0.0009529911453849093,0.0011242916670441596,0.0012661168102233698,0.0011261719424800838,0.000989596725847038,0.0009591747881710708,0.0010162519940989383,0.001097310011835431,0.0007701600154420379,0.0009967094007774045
753,0.001,0.0010280338077154065,0.001027765889236601,0.0004198250728862975,0.0007407407407407406,0.0007933884297520661,0.0006759217114246702,0.0006231087590745641,0.0007074728647259392,0.000803777755450618,0.0010236136274859567,0.0011122910520308088,0.001043752206850139,0.001175395833727985,0.0015826460127792124,0.0011257931872233934,0.001028449201487384,0.000997840535448113,0.0010563109677771533,0.0011210038189215467,0.0006403576731017369,0.0010407845979969585
754,0.001,0.0009842411002514912,0.0009844002399017233,0.00020991253644314875,0.0002777777777777778,0.00039669421487603304,0.0003755120619025945,0.0005711830291516838,0.0007782201511985332,0.0011051944137445997,0.0009665137401078062,0.0010649376049291118,0.0014612530895901945,0.000940316666982388,0.0013294226507345383,0.0009484031627524946,0.001028449201487384,0.0009828804074803752,0.000924848307314301,0.0009517558492925451,0.0005237740192477233,0.001012507291841445
755,0.001,0.0010433612553277765,0.0010429438665038083,0.0010495626822157437,0.0005555555555555556,0.0007933884297520661,0.000725989986345016,0.0006490716240360043,0.0008018025800227311,0.0009042499748819451,0.0010963740568697177,0.0010649376049291118,0.001043752206850139,0.0012367208337485756,0.001139505129201033,0.0011187041513356735,0.000998561223893368,0.0010206701656515782,0.0010696678838777451,0.001062596369776983,0.0008987138474410885,0.0010183094082640268
756,0.001,0.0009481121165937613,0.0009486235792004493,0.0010495626822157437,0.0005555555555555556,0.000859504132231405,0.000725989986345016,0.0006880159214781647,0.0008411066280630611,0.0010047221943132723,0.0010495095664092252,0.0010649376049291118,0.0009963089247205872,0.0010220833336765085,0.0010761992886898645,0.0009544316839214819,0.000998561223893368,0.0010156828000694171,0.0009475986808644448,0.0008452975372367422,0.0006936580505303257,0.0009827297618856534
757,0.001,0.000933879486667989,0.0009345297431666141,0.000839650145772595,0.0005555555555555556,0.0007933884297520661,0.0006008192990441513,0.0006231087590745641,0.0006367255782533454,0.0011051944137445997,0.0010434711784469382,0.0011038324421855526,0.001043752206850139,0.0010220833336765085,0.001012893448178696,0.0010108251853488607,0.000989596725847038,0.0009801623184522814,0.0010492549315605259,0.0009310662871403558,0.0007772480837053597,0.0010096312068577024
758,0.001,0.0009448276635339677,0.0009453711555003335,0.0006297376093294462,0.0006481481481481481,0.0006611570247933885,0.0006759217114246702,0.0007009973539588846,0.0007782201511985332,0.0009042499748819451,0.0009609656201541767,0.0010649376049291118,0.001153620860202785,0.0010425250003500389,0.0010761992886898645,0.0010338945367751053,0.000989596725847038,0.0009851859294238475,0.0010377083208001291,0.0010794650084524928,0.0006963957347115433,0.001011433592901297
759,0.001,0.0010083270893566447,0.001008251347035906,0.000839650145772595,0.0006481481481481481,0.0006611570247933885,0.000700955848884843,0.0007139787864396048,0.0009432971529679189,0.001607555510901236,0.0010340080424120096,0.0009681250953901018,0.001153620860202785,0.0012162791670750454,0.001519340172268044,0.0009828477970546712,0.000989596725847038,0.000972427552353203,0.000989622032672127,0.00090400879228882,0.00059770046770088,0.0009899557409781714
760,0.001,0.000925084576660989,0.0009258209669325547,0.0008396501457725949,0.0006481481481481481,0.0005289256198347108,0.0006827492034592627,0.0008679014858538571,0.0008811017362887157,0.0010047221943132723,0.0009824838946054747,0.0009681250953901018,0.0012893409614031126,0.0009320804614780045,0.0015993054444926776,0.0008212778537593971,0.001039887471598992,0.0009645333065407414,0.0009693329924217406,0.0008925756974614485,0.0006165868525773027,0.0010026010373564414
761,0.001,0.0009377859667295609,0.0009384029053280142,0.00013994169096209915,0.0002777777777777778,0.0004808414725770097,0.0006543013199817935,0.00065896223925941,0.000792991562659844,0.0010047221943132723,0.0009495875932779012,0.0009681250953901018,0.0013572010120032766,0.0008397952672722615,0.0010662036296617851,0.0008478996044975414,0.0010710123868348028,0.0009591747881710708,0.0009434663006778781,0.0009673370525066539,0.0003960135173018828,0.0009976595577952442
762,0.001,0.0009621302976943239,0.0009625182872526447,0.0005597667638483966,0.0006481481481481481,0.0006731780616078135,0.0009672280382339555,0.0010125517334961666,0.001074944118272233,0.000803777755450618,0.0009777490049037653,0.0010605279064639988,0.0011211660533940108,0.0010151371362631734,0.0013327545370772312,0.000979347758209237,0.0010305519706957965,0.000997840535448113,0.0009650572835487218,0.0010183129280334556,0.0007306732402034891,0.0010075158232373206
763,0.001,0.0009938837728657537,0.0009939731332412932,0.0002798833819241983,0.0007407407407407406,0.0005770097670924117,0.0007680928538916705,0.0007714679874256508,0.000792991562659844,0.0015070832914699085,0.0010184826997996625,0.0010649376049291118,0.0012279437727648692,0.0010612797333660448,0.0016659431713465392,0.0009790183830067853,0.0010710123868348028,0.0009828804074803752,0.0010030982463651592,0.001040300980461561,0.0006075259770865452,0.0010447404849214723
764,0.001,0.0009515458059705138,0.0009520333385897618,0.00013994169096209915,0.0002777777777777778,0.00028850488354620585,0.0004267182521620392,0.0007071789884735131,0.0008722907189258284,0.001306138852607254,0.0009289652735462051,0.0010649376049291118,0.0017191212818708167,0.0008490237866928358,0.0013993922639310929,0.0008247555069386144,0.0010710123868348028,0.0010206701656515782,0.0008782581488981358,0.0008832374399327119,0.0004969196687762105,0.0010412036825170842
765,0.001,0.0010087020612790875,0.0010086520613693292,0.0006997084548104956,0.0005555555555555556,0.0005770097670924117,0.0008249886208466091,0.0008036124869017196,0.0008987237710144899,0.000401888877725309,0.000927552397787771,0.0011122910520308088,0.0012279437727648692,0.0011166508498894907,0.0011994790833695082,0.0009728535771342343,0.001039887471598992,0.0010156828000694171,0.0010157822944590125,0.0009860983759871146,0.0008526360051925402,0.001041427184727375
766,0.001,0.000916616983281941,0.0009174330080022485,0.0006997084548104956,0.0005555555555555556,0.0006250939143501126,0.0008249886208466091,0.0008518292361158228,0.0009427788578289256,0.0014066110720385814,0.0009453283765027741,0.0010649376049291118,0.0011721281467301026,0.0009228519420574301,0.0011328413565156465,0.0008299980622443012,0.001039887471598992,0.0009801623184522814,0.00089986244962818,0.0007844432301890916,0.0006580935977094659,0.0009963103677646569
767,0.001,0.0009028571440409881,0.0009038025747405008,0.0005597667638483966,0.0005555555555555556,0.0005770097670924117,0.0006827492034592627,0.0007714679874256508,0.0007136924063938597,0.0009042499748819451,0.0009692511841231426,0.0011038324421855526,0.0012279437727648692,0.0009228519420574301,0.0010662036296617851,0.0008790392850959792,0.0010305519706957965,0.0009851859294238475,0.0009963976650296435,0.0008640373520927353,0.0007373978970292167,0.0010237472830736578
768,0.001,0.000913441635764798,0.0009142875234033836,0.00041982507288629745,0.0006481481481481481,0.0004808414725770097,0.0007680928538916705,0.0008679014858538571,0.0008722907189258284,0.0010047221943132723,0.0010142641289562556,0.0010153781661807106,0.0013572010120032766,0.0009413089808985788,0.0011328413565156465,0.0008991009797186307,0.0010305519706957965,0.000972427552353203,0.0009854327263339973,0.0010017526146765662,0.0006606909184366346,0.0010186495116706886
769,0.001,0.0009748316877628958,0.0009751002256481041,0.0005597667638483966,0.0006481481481481481,0.0004808414725770097,0.0007965407373691398,0.0008839737355918916,0.0010573220835464587,0.0006028333165879634,0.0010294190791046713,0.0010153781661807106,0.0013572010120032766,0.0010981938110483421,0.0015993054444926776,0.0008547094368082267,0.0010305519706957965,0.000865974843670011,0.0009397688330612498,0.00083892776910312,0.000567055843785246,0.0010173122227662601
770,0.001,0.0008680888444496484,0.0008693817051734776,0.0008396501457725949,0.0003888888888888889,0.0005289256198347108,0.0004369594902139282,0.0006008548748219012,0.0005442098959430303,0.0009042499748819451,0.0007840500102058148,0.0009721505809253322,0.0012893409614031126,0.000861923867603316,0.001279444355594142,0.0008405419905981318,0.0009905692779898657,0.0009591747881710708,0.0009126597394690697,0.000845513028661857,0.0004951123175731657,0.0009620963087608977
771,0.001,0.0008800076844192087,0.0008811966320841026,0.00013994169096209915,0.0001666666666666667,0.0004808414725770097,0.00041875284478834783,0.00045620462717959167,0.0004897889063487272,0.0010047221943132723,0.0009159468018995952,0.0009721505809253322,0.0013572010120032766,0.0007765848708109084,0.0008529629037294281,0.000867788189014682,0.0010202180483180865,0.000997840535448113,0.0008883053758680739,0.0009163324559786826,0.0003179944066631786,0.0009625986411841208
772,0.001,0.0009028521276941996,0.0009038419086628001,0.0005597667638483966,0.0003888888888888889,0.0006731780616078135,0.0006190259444697316,0.0007009973539588847,0.0006639360730504969,0.0009042499748819451,0.0008452045844540138,0.0010153781661807106,0.0011211660533940108,0.0009387289647164827,0.0010662036296617851,0.0010023196295929474,0.0009816765269548596,0.0009828804074803752,0.0009086340152065067,0.0009646205362254759,0.0005867224055032679,0.0009565431289445725
773,0.001,0.0009326492276181005,0.0009333792259393622,0.0002798833819241983,0.00044444444444444447,0.0005770097670924117,0.0004915794264906692,0.0005340932220639121,0.0004897889063487272,0.0007033055360192907,0.0009102964719087704,0.0010196001310282415,0.0012279437727648692,0.0009813984631126865,0.0013327545370772314,0.0010019825284680907,0.0010202180483180865,0.0010206701656515782,0.0009444508660561442,0.000985449228801061,0.00048783653631912334,0.0009911011773220228
774,0.001,0.0008929197610528991,0.0008939961362372794,0.00013994169096209915,0.0001666666666666667,0.00028850488354620585,0.0002730996813837051,0.0004895854535585862,0.0005387677969836,0.0005023610971566361,0.0008505912845075868,0.0010649376049291118,0.0017191212818708167,0.0007851187704901492,0.0011195138111448743,0.0008441012166414114,0.0010202180483180865,0.0010156828000694171,0.0008269096993772999,0.0008366671476592684,0.00039902091299397923,0.0010059697765751737
775,0.001,0.0009465545409159209,0.0009471633073350912,0.0006997084548104956,0.0003333333333333334,0.0005770097670924117,0.00052799271734183,0.0005563471063165751,0.0005550940938618909,0.0006028333165879634,0.0009189430375823307,0.0010649376049291118,0.0012279437727648692,0.001032601861188131,0.0009595832666956065,0.0009956731190811877,0.0009905692779898657,0.0009801623184522814,0.0009563933255816657,0.000934104554729281,0.0006846571359941193,0.0009902723813499776
776,0.001,0.0008601429511366081,0.0008615050872330612,0.0006997084548104956,0.0003333333333333334,0.0006250939143501126,0.00052799271734183,0.0005897279326955697,0.0005823045886590424,0.0010047221943132723,0.0008903804465834616,0.0010196001310282415,0.0011721281467301026,0.0008533899679240752,0.0009062730852125172,0.0008494667428787155,0.0009905692779898657,0.0009851859294238475,0.000847250877929814,0.0007430820413964005,0.0005284417677413033,0.0009475084734405838
777,0.001,0.0008472308745029177,0.0008487055830798842,0.0005597667638483966,0.0003333333333333334,0.0005770097670924117,0.0004369594902139282,0.0005340932220639121,0.0004408100157138545,0.000803777755450618,0.0008404880601925617,0.001056839102569329,0.0012279437727648692,0.0008533899679240752,0.0008529629037294281,0.0008996582911938516,0.0009816765269548596,0.000972427552353203,0.0009381420425003869,0.000818479419193971,0.0005921222294079672,0.0009737083745295682
778,0.001,0.000857163241144218,0.0008585513555054049,0.00041982507288629745,0.0003888888888888889,0.0004808414725770097,0.0004915794264906692,0.0006008548748219012,0.0005387677969836,0.001306138852607254,0.0008755808489032506,0.0009721505809253322,0.0013572010120032766,0.0008704577672825568,0.0009062730852125172,0.0009201905588736706,0.0009816765269548596,0.000865974843670011,0.0009278181825147064,0.0009489333953568688,0.0005305273871140389,0.0009681149664807533
779,0.001,0.00091477096766376,0.000915656835573425,0.0005597667638483966,0.0003888888888888889,0.0004808414725770097,0.0005097860719162496,0.0006119818169482327,0.0006530518751316363,0.0006028333165879634,0.0008521311771350032,0.0009721505809253322,0.0013572010120032766,0.0010155340618296497,0.001279444355594142,0.0008747577547710963,0.0009816765269548596,0.0010047221943132723,0.0008848240852712723,0.0007946937844042639,0.000455339473808714,0.0009667355590153438
780,0.001,0.0009831763806456247,0.0009833455991100756,0.0008396501457725949,0.00025925925925925926,0.0005289256198347108,0.0006008192990441513,0.0007343781803378791,0.0007688044561734871,0.0006028333165879634,0.0008979256931530038,0.0009269092100256741,0.0012893409614031126,0.0010723936492273815,0.001279444355594142,0.0009131031008774043,0.001039887471598992,0.000997840535448113,0.0010035958175847516,0.0010812210421179964,0.0005695600256206004,0.0009925227962688668
781,0.001,0.0009966753698535738,0.000996709299211232,0.00013994169096209915,0.00011111111111111112,0.0004808414725770097,0.0005757851615839783,0.0005575834332195009,0.0006919240105561383,0.0007033055360192907,0.001025076025790674,0.0009269092100256741,0.0013572010120032766,0.0009662160601949674,0.0008529629037294281,0.000942701370255439,0.0010710123868348028,0.0009828804074803752,0.000976814820907812,0.00117178316524327,0.000365809728374457,0.0009948612952203563
782,0.001,0.001022548432502143,0.001022323057738448,0.0005597667638483966,0.00025925925925925926,0.0006731780616078135,0.0008511606736458808,0.0008567745437275257,0.0009379414365316542,0.0009042499748819451,0.0009211471740271861,0.0009681250953901018,0.0011211660533940108,0.0011679534793565542,0.0010662036296617851,0.001088846449182554,0.0010305519706957965,0.0010206701656515782,0.0009991689760599923,0.001233532761850841,0.0006749450911433621,0.0009871625884427364
783,0.001,0.0010562959055220155,0.0010557323079913384,0.0002798833819241983,0.0002962962962962963,0.0005770097670924117,0.0006759217114246702,0.0006527806047447814,0.0006919240105561383,0.0007033055360192907,0.0008843542468443136,0.0010153781661807106,0.0012279437727648692,0.0012210422738727611,0.0013327545370772314,0.0010884802472725258,0.0010710123868348028,0.0010156828000694171,0.0010385545654064273,0.0012601679761279896,0.0005611902193960768,0.0010319876570272547
784,0.001,0.0010112992748288517,0.0010111866409874845,0.00013994169096209915,0.00011111111111111112,0.00028850488354620585,0.0003755120619025945,0.0005983822210160497,0.0007611164116117522,0.0007033055360192907,0.0009076332800672858,0.0009721505809253322,0.0017191212818708167,0.000976833819098209,0.0011195138111448743,0.000916969582710786,0.0010710123868348028,0.0009801623184522814,0.0009093017692421694,0.001069909149395057,0.00045901980896369374,0.00102714123756085
785,0.001,0.0010720447262646227,0.0010713232914426874,0.0006997084548104956,0.00022222222222222223,0.0005770097670924117,0.000725989986345016,0.0006799797966091474,0.0007841805452969569,0.001306138852607254,0.001001289120000791,0.001056839102569329,0.0012279437727648692,0.0012847488272922096,0.0009595832666956065,0.0010816261681898301,0.001039887471598992,0.0009851859294238475,0.001051686954086639,0.0011945096833220715,0.0007876058059503069,0.0010319349814176214
786,0.001,0.0009741770545069919,0.0009744364657093051,0.0006997084548104956,0.00022222222222222223,0.0006250939143501126,0.000725989986345016,0.0007207785844056963,0.0008226207681056311,0.0007033055360192907,0.0008707725706589936,0.0009269092100256741,0.0011721281467301026,0.00106177589032414,0.0009062730852125172,0.0009227982964454028,0.001039887471598992,0.000972427552353203,0.0009316697129973347,0.0009502348419743863,0.0006079010682848838,0.0009672731414709075
787,0.001,0.0009595531495317138,0.0009599591239330525,0.0005597667638483966,0.00022222222222222223,0.0005770097670924117,0.0006008192990441513,0.0006527806047447814,0.0006227316095005246,0.001306138852607254,0.0009620074692650819,0.0011038324421855526,0.0012279437727648692,0.00106177589032414,0.0008529629037294281,0.0009773227091660285,0.0010305519706957965,0.000865974843670011,0.0010316171399228384,0.0010466511343693978,0.000681156861144525,0.0010245149666138864
788,0.001,0.0009708023072050046,0.000971095540684016,0.00041982507288629745,0.00025925925925925926,0.0004808414725770097,0.0006759217114246702,0.0007343781803378791,0.0007611164116117522,0.0007033055360192907,0.000935730885532871,0.0009269092100256741,0.0013572010120032766,0.0010830114081306229,0.0009062730852125172,0.0009996274571693335,0.0010305519706957965,0.0010047221943132723,0.0010202646256671018,0.001213472436080757,0.0006103002924229392,0.0009987544310688763
789,0.001,0.001036047421710092,0.001035686757839604,0.0005597667638483966,0.00025925925925925926,0.0004808414725770097,0.000700955848884843,0.0007479777762700622,0.0009225653474081844,0.0010047221943132723,0.0009361054400902639,0.0008837732553866656,0.0013572010120032766,0.0012635133094857267,0.001279444355594142,0.0009502725947452736,0.0010305519706957965,0.001195619411232794,0.0009729866596209127,0.0010162346558965983,0.0005238067266024687,0.0009890785754111274
790,0.001,0.0010127703185245898,0.0010126506004080583,0.0016793002915451898,0.0007777777777777778,0.0006611570247933885,0.0007100591715976332,0.0009179727254223489,0.0008292722223893794,0.000803777755450618,0.0010112621151732546,0.0009269092100256741,0.001153620860202785,0.0012227292075302856,0.0011994790833695082,0.000948806156543844,0.000998561223893368,0.0009828804074803752,0.0010345587420131797,0.001037332706426915,0.0006429677736611521,0.0009979213341891333
791,0.001,0.0010266756318224103,0.0010264125564724942,0.0002798833819241983,0.0003333333333333334,0.0006010518407212623,0.0006804733727810651,0.0006969792915243761,0.0007463450001504414,0.0009042499748819451,0.0010216026535820116,0.0009721505809253322,0.0012143377475818792,0.0011016669097550097,0.0007996527222463388,0.000979561741736729,0.001028449201487384,0.0010206701656515782,0.001006951498393301,0.0011242187811718932,0.00041295711787398356,0.0009964892121539753
792,0.001,0.0010533274823098994,0.001052789638929329,0.0011195335276967932,0.0007777777777777778,0.000841472577009767,0.0010059171597633137,0.0010709681796594072,0.0010117121113150428,0.0015070832914699085,0.0010805537173471489,0.0011122910520308088,0.0010031485740893784,0.0013316852755280338,0.0009995659028079235,0.0011314212091959796,0.000989596725847038,0.0010156828000694171,0.0010299953236342866,0.0011834618717838047,0.0007619353941195461,0.0010271117930763212
793,0.001,0.0010880907655544507,0.0010871945290904183,0.0005597667638483966,0.0008888888888888889,0.0007212622088655146,0.0007988165680473374,0.0008159757559309768,0.0007463450001504414,0.0009042499748819451,0.0010737591604848124,0.0009721505809253322,0.0010986865335264621,0.0013922164244156716,0.0012494573785099045,0.001131040688500738,0.001028449201487384,0.0009801623184522814,0.0010705960366441875,0.0012090159239489865,0.0006335192249005654,0.0010328265824545424
794,0.001,0.0010417397212283824,0.001041321342208966,0.0002798833819241983,0.0003333333333333334,0.0003606311044327573,0.00044378698224852074,0.000747977776270062,0.0008209795001654856,0.0009042499748819451,0.0010471912300979611,0.0010196001310282415,0.0015381611469370469,0.0011137731395325374,0.0010495441979483198,0.0009528238208844343,0.001028449201487384,0.0009851859294238475,0.0009373555349816861,0.0010264799798927443,0.0005181805803772314,0.0010227604207383308
795,0.001,0.0011043136310685743,0.0011032501444989266,0.0013994169096209913,0.0006666666666666668,0.0007212622088655146,0.0008579881656804734,0.0008499747457614341,0.0008458576668371671,0.001306138852607254,0.0011066688748106372,0.0010196001310282415,0.0010986865335264621,0.0014648538030808372,0.0008996093125271311,0.0011239186094881368,0.000998561223893368,0.000972427552353203,0.001084133585600225,0.0011460227968060714,0.0008891163859729802,0.0010295889296419718
796,0.001,0.001003500109659376,0.001003475963031768,0.0013994169096209913,0.0006666666666666668,0.0007813673929376408,0.0008579881656804734,0.0009009732305071202,0.000887321277956636,0.0007033055360192907,0.0010752955172020175,0.0010196001310282415,0.0010487462365479866,0.0012106229777527578,0.000849631017386735,0.0009588804419503598,0.000998561223893368,0.000865974843670011,0.0009604135742314472,0.0009116634267823183,0.0006862504018878089,0.0009913873702332514
797,0.001,0.000988436020253404,0.000988567177295296,0.0011195335276967932,0.0006666666666666668,0.0007212622088655146,0.0007100591715976332,0.0008159757559309768,0.0006717105001353973,0.0009042499748819451,0.0009805403043843474,0.001056839102569329,0.0010986865335264621,0.0012106229777527578,0.0007996527222463388,0.0010155368024660088,0.000989596725847038,0.0010047221943132723,0.001063444577804528,0.0010041660415463132,0.0007689477681424438,0.0010187024623574833
798,0.001,0.001000023781334921,0.001000035474015659,0.0008396501457725949,0.0007777777777777778,0.0006010518407212623,0.0007988165680473374,0.0009179727254223489,0.0008209795001654856,0.0015070832914699085,0.0010909940923711353,0.0010649376049291118,0.0012143377475818792,0.001234835437307813,0.000849631017386735,0.0010387136838120028,0.000989596725847038,0.001195619411232794,0.0010517418159343493,0.0011642158238322,0.0006889588500463305,0.001032359450243948
799,0.001,0.0010672327956077199,0.0010665515949937648,0.0011195335276967932,0.0007777777777777778,0.0006010518407212623,0.0008284023668639055,0.0009349722203375777,0.0009951266668672553,0.0014066110720385814,0.0011207507693848982,0.0010153781661807106,0.0012143377475818792,0.0014406413435257821,0.0011994790833695082,0.0009874290071108449,0.000989596725847038,0.0010047221943132723,0.0010030052307267723,0.0009749842122023723,0.0005913175603666236,0.001022209501344494
800,0.001,0.0010825256370934908,0.0010817072932815446,0.0013994169096209913,0.001166666666666667,0.0011900826446280992,0.0010923987255348204,0.0014361897007938123,0.0015330471386517145,0.000803777755450618,0.0010390554430291415,0.0009721505809253322,0.0008280434174344437,0.0009368183093760355,0.001519340172268044,0.000977524263742185,0.0010091587548332996,0.001047143798073166,0.0012865917908504185,0.0011721696644984298,0.0014947218622685349,0.0010410667518103598
801,0.001,0.0010973886893190308,0.001096407732148338,0.00023323615160349855,0.0005000000000000001,0.0010818933132982719,0.0010468821119708695,0.0010904403283804873,0.001379742424786543,0.0012056666331759268,0.0010373593325327536,0.0010196001310282415,0.0008716246499309933,0.0008440640213190022,0.001012893448178696,0.0010092107473977595,0.0010393639275673887,0.0010558716878419482,0.0012522590347033623,0.0012703495642089207,0.0009600108396582645,0.0010284404940783158
802,0.001,0.001125876206084649,0.0011245835733096918,0.0009329446064139942,0.001166666666666667,0.0015146506386175805,0.0015475648611743289,0.0016755546509261145,0.0018703175091550916,0.0006028333165879634,0.0009863595857663304,0.0010649376049291118,0.0007200377542908205,0.0010202971686273654,0.0012661168102233698,0.0011656666399913742,0.001000099118358665,0.0009536886860306935,0.0012809166596219345,0.0013372933260475022,0.0017712886055575086,0.0010594532720945783
803,0.001,0.001163033836648499,0.0011613346704766752,0.0004664723032069971,0.0013333333333333335,0.0012982719759579262,0.0012289485662266729,0.0012766130673722777,0.001379742424786543,0.000803777755450618,0.0011374458124509723,0.0009721505809253322,0.0007886127785089941,0.001066674312655882,0.0015826460127792124,0.0011652746018391245,0.0010393639275673887,0.0009828804074803752,0.0013314082769075454,0.0013661690036073197,0.0014727566052561327,0.0010719193406706733
804,0.001,0.0011134903292300323,0.001112333207587364,0.00023323615160349855,0.0005000000000000001,0.0006491359879789631,0.0006827492034592627,0.0011702286450912544,0.0015177166672651974,0.0010047221943132723,0.0010524329848940967,0.0009269092100256741,0.0011040578899125916,0.0008533394501247056,0.0013294226507345383,0.0009816635332330203,0.0010393639275673887,0.0009909588765829537,0.0011657085165303024,0.0011599062539825594,0.0012046262251722598,0.0010042356209955157
805,0.001,0.0011803740642449619,0.0011784851824879342,0.0011661807580174927,0.0010000000000000002,0.0012982719759579262,0.0013199817933545748,0.0013298052785127893,0.001563708081424749,0.0006028333165879634,0.0009763409690090594,0.0009721505809253322,0.0007886127785089941,0.001122326885490102,0.001139505129201033,0.0011579369544228526,0.0010091587548332996,0.0009645333065407414,0.0013482437630406774,0.001294987759391899,0.0020669491608383216,0.0010543335922230097
806,0.001,0.0010726169356097975,0.0010719070007036823,0.0011661807580174927,0.0010000000000000002,0.0014064613072877535,0.0013199817933545748,0.0014095935952235566,0.0016403604383573344,0.0012056666331759268,0.000997749284396524,0.0009269092100256741,0.0007527667431222216,0.000927542880570332,0.0010761992886898645,0.0009879034738229935,0.0010091587548332996,0.0009591747881710708,0.001194383818189946,0.0010301653524333455,0.00159534197624165,0.0010070582018496146
807,0.001,0.001056515295698796,0.001055981525264656,0.0009329446064139942,0.0010000000000000002,0.0012982719759579262,0.0010923987255348204,0.0012766130673722777,0.0012417681823078887,0.001306138852607254,0.0010128329054927298,0.0009721505809253322,0.0007886127785089941,0.000927542880570332,0.001012893448178696,0.0010462746877083582,0.001000099118358665,0.000997840535448113,0.0013225146221907467,0.0011346918541442783,0.001787590431539775,0.0010373173929848168
808,0.001,0.0010689011725534127,0.0010682318909869838,0.0006997084548104956,0.001166666666666667,0.0010818933132982719,0.0012289485662266729,0.0014361897007938123,0.0015177166672651974,0.0010047221943132723,0.0010187558146300014,0.0009721505809253322,0.0008716246499309933,0.0009460937381817388,0.0010761992886898645,0.0010701530781649612,0.001000099118358665,0.0009828804074803752,0.001307960903062967,0.0013155455941668988,0.0016016383675091484,0.0010432155993834178
809,0.001,0.001140739258310189,0.0011392840121764853,0.0009329446064139942,0.001166666666666667,0.0010818933132982719,0.0012744651797906238,0.0014627858063640683,0.0018396565663820574,0.0011051944137445997,0.0010222548098269063,0.0009721505809253322,0.0008716246499309933,0.0011037760278786953,0.001519340172268044,0.0010173161361955202,0.001000099118358665,0.0010206701656515782,0.001247351400773969,0.001101716845355285,0.0013746494322576788,0.0010391336086512286
810,0.001,0.0010498243418062916,0.0010493342163928295,0.00489795918367347,0.002138888888888889,0.0023801652892561985,0.0011948111060537097,0.0014589863627111745,0.001362708567690413,0.001607555510901236,0.0010959910479842235,0.001056839102569329,0.0005520289449562957,0.0009103045836389779,0.001279444355594142,0.0009293195262461822,0.0009612979158362836,0.0010558716878419482,0.001196580601175253,0.0010510155772021435,0.0018538596179381516,0.001070261900368166
811,0.001,0.0010642384059958516,0.0010635947040448272,0.000816326530612245,0.0009166666666666668,0.0021637866265965438,0.0011450273099681385,0.0011077489050214473,0.0012264377109213714,0.0011051944137445997,0.0010090245635911866,0.001056839102569329,0.0005810830999539955,0.0008201754169420493,0.0008529629037294281,0.0009594434516273043,0.0009900705638043936,0.0009536886860306935,0.0011646497974171371,0.001139047717163746,0.0011906732438664346,0.001021811042417349
812,0.001,0.0010918653623591752,0.0010909273053778229,0.00326530612244898,0.002138888888888889,0.003029301277235161,0.001692649066909422,0.0017021507564963703,0.0016625044525823036,0.0006028333165879634,0.0009829728201493568,0.0009721505809253322,0.00048002516952721364,0.0009914208336662136,0.0010662036296617851,0.0011081840214285151,0.0009526679459533594,0.0009828804074803752,0.001191302507544142,0.0011990722499765497,0.0021968772254212913,0.0010672669408832878
813,0.001,0.0011279005228330755,0.001126578524507817,0.00163265306122449,0.0024444444444444444,0.0025965439519158523,0.0013441624943104234,0.0012968767668543773,0.0012264377109213714,0.001306138852607254,0.0011131284826301335,0.0008837732553866656,0.0005257418523393294,0.0010364854170146777,0.0013327545370772314,0.0011078113158871463,0.0009900705638043936,0.0009909588765829537,0.0012382616830927374,0.0012249633712338303,0.0018266167549006607,0.0010737789779252031
814,0.001,0.0010798536422012084,0.0010790435656678247,0.000816326530612245,0.0009166666666666668,0.0012982719759579262,0.0007467569412835686,0.001188803702949846,0.0013490814820135088,0.0009042499748819451,0.0011134836325099942,0.0010076565471517406,0.000736038593275061,0.0008291883336117422,0.0011195138111448743,0.0009332546755871329,0.0009900705638043936,0.0009645333065407414,0.0010841544361035885,0.001040019698472148,0.0014940625208805004,0.0009831762166395625
815,0.001,0.0011447169310542288,0.0011432157601018143,0.004081632653061225,0.0018333333333333335,0.0025965439519158523,0.0014437300864815659,0.001350913298806643,0.001389962739044221,0.000803777755450618,0.000998784392787292,0.0009721505809253322,0.0005257418523393294,0.0010905629170328349,0.0009595832666956065,0.0011008355105045296,0.0009612979158362836,0.0009591747881710708,0.0012539193425473694,0.0011611393372728002,0.0025635763270323427,0.0010650020176727962
816,0.001,0.0010402149656799182,0.001039827224624831,0.004081632653061225,0.0018333333333333335,0.002812922614575507,0.0014437300864815659,0.0014319680967350417,0.0014580981674287416,0.0007033055360192907,0.0008821159384035808,0.0008837732553866656,0.0005018444954148144,0.0009012916669692848,0.0009062730852125172,0.0009391869054539176,0.0009612979158362836,0.000997840535448113,0.0011108235862899878,0.0009236886649550659,0.0019786557895576577,0.0010161926949588268
817,0.001,0.0010245997294745614,0.0010243783630018335,0.00326530612244898,0.0018333333333333335,0.0025965439519158523,0.0011948111060537097,0.0012968767668543773,0.0011037939398292345,0.000803777755450618,0.000989137919308857,0.0008837732553866656,0.0005257418523393294,0.0009012916669692848,0.0008529629037294281,0.0009946796546842001,0.0009526679459533594,0.0009828804074803752,0.001229990236948473,0.0010174114295478907,0.0022170959013168264,0.0010300536667822682
818,0.001,0.0010366114496325283,0.0010362621027118317,0.002448979591836735,0.002138888888888889,0.0021637866265965438,0.0013441624943104234,0.0014589863627111745,0.0013490814820135088,0.000803777755450618,0.0009572447508016674,0.0009269092100256741,0.0005810830999539955,0.0009193175003086707,0.0009062730852125172,0.001017380528033063,0.0009526679459533594,0.0010206701656515782,0.001216454709901667,0.0011795723382593238,0.001986465018688647,0.001039195038971635
819,0.001,0.0011062794265487353,0.0011051877930298205,0.00326530612244898,0.002138888888888889,0.0021637866265965438,0.0013939462903959947,0.0014860046286873075,0.0016352502812284953,0.0011051944137445997,0.0010534525718911693,0.0009269092100256741,0.0005810830999539955,0.0010725370836934492,0.001279444355594142,0.0009671491386951016,0.0009526679459533594,0.0010156828000694171,0.0011600855062415343,0.0009878446791488015,0.0017049373101537483,0.0010356984191757506
820,0.001,0.0010351651404706505,0.001034822147442716,0.003498542274052479,0.001166666666666667,0.0018512396694214874,0.0011265361857077834,0.001345003053124364,0.0012945731393058924,0.0014066110720385814,0.0012418215764345133,0.001150264079588181,0.0006480339788617385,0.0009279804007970161,0.0015993054444926776,0.0010086145080701314,0.000969053699415705,0.0009536886860306935,0.0010368172264250259,0.0009939472562273757,0.0017678872311672354,0.0010203690157738264
821,0.001,0.0010493779341613232,0.001048885415584633,0.0005830903790087463,0.0005000000000000001,0.001682945154019534,0.0010795971779699591,0.0010212060218166468,0.001165115825375303,0.0011051944137445997,0.0011492109623050383,0.0012504688897399098,0.0006821410303807775,0.0008361011531933511,0.0010662036296617851,0.0010413087830975273,0.000998058486065249,0.0009828804074803752,0.0010091497150534598,0.0010771994038383432,0.0011354559989094964,0.0010164421044023097
822,0.001,0.0010766191220684454,0.0010758400128566402,0.0023323615160349854,0.001166666666666667,0.0023561232156273475,0.0015959262630860264,0.0015691702286450915,0.0015793792299531885,0.0014066110720385814,0.0009816060179262155,0.001096733767640345,0.0005635078077058595,0.0010106717236403146,0.0013327545370772312,0.001202740768978751,0.000960354102648538,0.0009909588765829537,0.0010322438459155596,0.0011339647087393778,0.0020949974624205753,0.0010174266924762954
823,0.001,0.0011121511062951268,0.0011109981832114323,0.0011661807580174927,0.0013333333333333335,0.0020195341848234408,0.0012673532089212563,0.001195558269443879,0.001165115825375303,0.0011051944137445997,0.0011250143374139665,0.0011455010608697536,0.0006171752179635606,0.0010566113474421472,0.0016659431713465392,0.0012023362620189318,0.000998058486065249,0.0009645333065407414,0.0010729331919568379,0.0011584499870668698,0.0017419077507155366,0.0010512808475564531
824,0.001,0.0010647751273262184,0.001064120622738376,0.0005830903790087463,0.0005000000000000001,0.0010097670924117204,0.0007040851160673646,0.0010959284136568893,0.0012816274079128333,0.0011051944137445997,0.0010658892955263002,0.0011922753053824754,0.0008640453051489847,0.0008452890779537177,0.0013993922639310929,0.001012885427387557,0.000998058486065249,0.0009591747881710708,0.0009394018207827168,0.0009835484346203903,0.0014247756559732602,0.000988041298246477
825,0.001,0.0011287326989342448,0.001127405329377002,0.0029154518950437317,0.0010000000000000002,0.0020195341848234408,0.001361231224396905,0.001245373197337374,0.0013204646020920103,0.0010047221943132723,0.0010401787687923589,0.001201411648228493,0.0006171752179635606,0.0011117388960043462,0.0011994790833695082,0.001194765240087647,0.000969053699415705,0.000997840535448113,0.0010865002939407027,0.0010980914873329238,0.002444690963021063,0.0010453211132365103
826,0.001,0.0010256899446768688,0.0010254466353481048,0.0029154518950437317,0.0010000000000000002,0.002187828700225394,0.001361231224396905,0.0013200955891776167,0.0013851932590573047,0.0010047221943132723,0.001068209980388739,0.0011455010608697536,0.000589121798965217,0.0009187924760366495,0.0011328413565156465,0.0010193238298313479,0.000969053699415705,0.0009828804074803752,0.0009625101966833597,0.000873533974238934,0.0018868960040915078,0.0010045261559287005
827,0.001,0.0010102927515119736,0.0010102114281943615,0.0023323615160349854,0.0010000000000000002,0.0020195341848234408,0.0011265361857077834,0.001195558269443879,0.0010486042428377727,0.0005023610971566361,0.0009574842476031334,0.0010456946178074374,0.0006171752179635606,0.0009187924760366495,0.0010662036296617851,0.0010795515452571116,0.000960354102648538,0.0010206701656515782,0.0010657661211875165,0.0009621677554442202,0.0021142785010714845,0.0009965427856468401
828,0.001,0.0010221367462542007,0.0010219308183126254,0.0017492711370262395,0.001166666666666667,0.001682945154019534,0.0012673532089212563,0.001345003053124364,0.0012816274079128333,0.0010047221943132723,0.000958231092898269,0.001096733767640345,0.0006821410303807775,0.0009371683255573826,0.0011328413565156465,0.0011041893900014393,0.000960354102648538,0.0010156828000694171,0.0010540378117054085,0.0011155236083709053,0.001894343081708577,0.0010072744863746244
829,0.001,0.001090831915759118,0.001089903280998557,0.0023323615160349854,0.001166666666666667,0.001682945154019534,0.0013142922166590805,0.0013699105170711116,0.0015534877671670706,0.0012056666331759268,0.0011007357526985355,0.001150264079588181,0.0006821410303807775,0.0010933630464836132,0.0015993054444926776,0.0010496719644917916,0.000960354102648538,0.0009801623184522814,0.001005194832521822,0.0009342064282553633,0.001625871167048627,0.0010166268583577654
830,0.001,0.0010475690800623469,0.0010471015904005042,0.003498542274052479,0.00175,0.0018512396694214874,0.0009558488848429678,0.0011854264197028292,0.001158302282536851,0.0012056666331759268,0.0011408451862019136,0.0009721505809253322,0.0006480339788617385,0.0008837908579019203,0.00143937490004341,0.0009413537291485427,0.0009612979158362836,0.0009828804074803752,0.0013077634154022876,0.0011417418785655518,0.001664268139510323,0.0010494914477615675
831,0.001,0.0010619521795597704,0.0010613317365894127,0.0005830903790087463,0.00075,0.001682945154019534,0.0009160218479745109,0.000900045985329926,0.0010424720542831659,0.0007033055360192907,0.0009890833151747584,0.0010649376049291118,0.0006821410303807775,0.0007962868125650964,0.0009595832666956066,0.0009718677436432729,0.0009900705638043936,0.0009909588765829537,0.001272865693562037,0.001237373173699605,0.0010689048540461934,0.0010306394264180845
832,0.001,0.0010895197869298322,0.001088606183451487,0.0023323615160349854,0.00175,0.0023561232156273475,0.0013541192535275377,0.001382997489653301,0.0014131287846949581,0.0012056666331759268,0.0009627169339203795,0.0010196001310282415,0.0005635078077058595,0.0009625444987050616,0.0011994790833695084,0.0011225344262036018,0.0009526679459533594,0.0009645333065407414,0.001301994896551944,0.0013025791747715847,0.0019722058441247465,0.001067513067309896
833,0.001,0.001125477535673391,0.0011241815489237577,0.0011661807580174927,0.002,0.0020195341848234408,0.0010753299954483389,0.0010537123730691815,0.0010424720542831659,0.000803777755450618,0.0011145488602977128,0.0009269092100256741,0.0006171752179635606,0.0010062965213734735,0.0014993488542118854,0.0011221568943199677,0.0009900705638043936,0.0009591747881710708,0.0013533173830936696,0.0013307052825702423,0.0016398113637417426,0.0010762715499371262
834,0.001,0.001077533870681979,0.0010767477282940634,0.0005830903790087463,0.00075,0.0010097670924117204,0.0005974055530268549,0.0009659030086467497,0.0011467192597114826,0.000803777755450618,0.0011154627996561226,0.001056839102569329,0.0008640453051489847,0.0008050372170987788,0.0012594530375379838,0.0009453398366199132,0.0009900705638043936,0.000997840535448113,0.0011848909357128332,0.0011297968079976306,0.0013412669588775997,0.0010094137232689732
835,0.001,0.0011422578184203849,0.0011407833861441508,0.0029154518950437317,0.0015,0.0020195341848234408,0.0011549840691852528,0.0010976170552803974,0.0011814683281875882,0.0009042499748819451,0.0009830376117506842,0.0010196001310282415,0.0006171752179635606,0.0010587989485755678,0.0010795311750325576,0.0011150907558979484,0.0009612979158362836,0.0009828804074803752,0.0013704299070519252,0.0012613717978789086,0.0023014031715238334,0.0010726471016458113
836,0.001,0.0010379803470640645,0.0010376148262745655,0.0029154518950437317,0.0015,0.002187828700225394,0.0011549840691852528,0.0011634740785972212,0.0012393834423144307,0.0009042499748819451,0.0009791425270459602,0.0009721505809253322,0.000589121798965217,0.0008750404533682378,0.0010195572208640822,0.0009513488857677569,0.0009612979158362836,0.0010206701656515782,0.0012140381063249816,0.0010034237878214323,0.0017763015914230426,0.0010280302126212202
837,0.001,0.0010223986559418556,0.001022198834569915,0.0023323615160349854,0.0015,0.0020195341848234408,0.0009558488848429678,0.0010537123730691815,0.0009382248488548493,0.0014066110720385814,0.0009480506752031123,0.0010153781661807106,0.0006171752179635606,0.0008750404533682378,0.0009595832666956066,0.0010075602371418517,0.0009526679459533594,0.0010156828000694171,0.0013442773780582254,0.001105236936581251,0.0019903567859708444,0.001055321413331804
838,0.001,0.0010343845721897085,0.0010340572897273384,0.0017492711370262395,0.00175,0.001682945154019534,0.0010753299954483389,0.0011854264197028292,0.0011467192597114826,0.0014066110720385814,0.0010597605787894724,0.0010153781661807106,0.0006821410303807775,0.0008925412624356026,0.0010195572208640822,0.0010305550749542015,0.0009526679459533594,0.0009801623184522814,0.0013294841689232824,0.0012813959817544504,0.0017833121822526201,0.0010576881499440756
839,0.001,0.0011039028864272557,0.0011028363296403953,0.0023323615160349854,0.00175,0.001682945154019534,0.0011151570323167958,0.0012073787608084371,0.0013899627390442212,0.0007033055360192907,0.0010644140393526644,0.0010196001310282415,0.0006821410303807775,0.0010412981395082031,0.00143937490004341,0.000979673215337409,0.0009526679459533594,0.0009851859294238475,0.0012678773016301986,0.001073117910112015,0.0015305758956587708,0.001053905471589475
840,0.001,0.0010092296304152857,0.0010091469485309765,0.002099125364431487,0.0013611111111111111,0.001322314049586777,0.0007168866636322259,0.0009802564624465705,0.0011128786636138374,0.0012056666331759268,0.0010875419704396343,0.0009721505809253322,0.000784462184937894,0.0009014666750599586,0.0011195138111448743,0.0008407611516424995,0.0009612979158362836,0.0009909588765829537,0.0010993218458732832,0.0009691530155374018,0.0014376760549452132,0.0009938293884994066
841,0.001,0.001023086330146388,0.0010228612898473659,0.0003498542274052478,0.0005833333333333334,0.0012021036814425245,0.0006870163859808831,0.000744268795561285,0.0010015907972524534,0.0009042499748819451,0.0009874334669616482,0.0009721505809253322,0.000825749668355678,0.0008122125488163982,0.0007463425407632496,0.0008680144541720707,0.0009900705638043936,0.0009645333065407414,0.0010699863960982215,0.0010503284193645408,0.0009233721881673915,0.000966991524156137
842,0.001,0.0010496450046310008,0.0010491471107037787,0.0013994169096209913,0.0013611111111111111,0.001682945154019534,0.0010155894401456533,0.001143632539520999,0.0013577119696088814,0.0011051944137445997,0.0009347796707424998,0.0010153781661807106,0.0006821410303807774,0.000981795388679163,0.0009329281759540618,0.001002580972178171,0.0009526679459533594,0.0009591747881710708,0.0010944727587097888,0.0011056777008058415,0.0017036876752056414,0.0010038830952176796
843,0.001,0.0010842867539587566,0.0010834329639947517,0.0006997084548104956,0.0015555555555555557,0.0014425244177310292,0.0008064974965862541,0.0008713390777302848,0.0010015907972524534,0.0007033055360192907,0.0011094903673492728,0.0009269092100256741,0.0007471068427979944,0.001026422451800943,0.0011661602199425775,0.0010022437831583185,0.0009900705638043936,0.000997840535448113,0.001137615065625066,0.0011295521882886393,0.001416549098255411,0.001014844371245236
844,0.001,0.001038097754855082,0.0010377184929401208,0.0003498542274052478,0.0005833333333333334,0.0007212622088655146,0.00044805416477014114,0.0007987274879194278,0.001101749876977699,0.0011051944137445997,0.0010846145304850945,0.0008837732553866656,0.001045949579917192,0.0008211379614407544,0.000979574584751765,0.0008443213057104412,0.0009900705638043936,0.0009828804074803752,0.0009960337437682958,0.0009590135949038586,0.00115865186882378,0.0009428589006311325
845,0.001,0.0011004529036450425,0.0010994330288638726,0.0017492711370262393,0.0011666666666666668,0.0014425244177310292,0.0008662380518889396,0.0009076448726357133,0.0011351362368861142,0.0009042499748819451,0.0009602262080398336,0.0009269092100256741,0.0007471068427979944,0.0010799749275470791,0.0008396353583586557,0.0009959327286700808,0.0009612979158362836,0.0010206701656515782,0.0011520000615683524,0.001070699345077927,0.0019880643953493556,0.000995213715370467
846,0.001,0.0009999918305945508,0.0010000040543200505,0.0017492711370262393,0.0011666666666666668,0.0015627347858752816,0.0008662380518889396,0.0009621035649938562,0.001190780170066806,0.0012056666331759268,0.0010530834666916,0.0009269092100256741,0.000713147440852631,0.0008925412624356025,0.0007929889495609526,0.0008496882309430922,0.0009612979158362836,0.0010156828000694171,0.001020535210181832,0.0008517434702937276,0.00153445601926945,0.0009626586115326194
847,0.001,0.0009849804058858565,0.0009851468512272954,0.0013994169096209913,0.0011666666666666668,0.0014425244177310292,0.0007168866636322259,0.0008713390777302848,0.0009014317175272082,0.0009042499748819451,0.000905817094604478,0.0009269092100256741,0.0007471068427979944,0.0008925412624356025,0.0007463425407632496,0.0008998928660906176,0.0009526679459533594,0.0009801623184522814,0.0011300159273518705,0.0009381662616394437,0.001719367344753672,0.0009793882002885922
848,0.001,0.0009965276556617752,0.000996575468990953,0.0010495626822157435,0.0013611111111111111,0.0012021036814425245,0.0008064974965862541,0.0009802564624465705,0.001101749876977699,0.0014066110720385814,0.0010908016602164733,0.0009269092100256741,0.000825749668355678,0.0009103920876843146,0.0007929889495609526,0.0009204304873081282,0.0009526679459533594,0.0009851859294238475,0.0011175805756811616,0.001087696617886242,0.001540512109828071,0.0009852772700318555
849,0.001,0.001063501704362103,0.0010628614520201678,0.0013994169096209913,0.0013611111111111111,0.0012021036814425245,0.0008363677742375969,0.0009984093598992849,0.0013354543963366046,0.0010047221943132723,0.0011625726687629673,0.0009269092100256741,0.000825749668355678,0.001062124102298367,0.0011195138111448743,0.0008749858371575194,0.0009526679459533594,0.000972427552353203,0.001065793093118599,0.0009109024361258397,0.0013221861689381269,0.000982565332624627
850,0.001,0.0009844217512318932,0.0009845880626153998,0.002099125364431487,0.0009722222222222222,0.0014545454545454547,0.0007510241238051891,0.0009574598005292082,0.0010333873304985632,0.001607555510901236,0.001139293467558288,0.0009269092100256741,0.0007452390756909993,0.0009103045836389779,0.001519340172268044,0.0009441924651577307,0.000969053699415705,0.0009645333065407414,0.001135322257498885,0.00098175148388128,0.0014049777639003546,0.0009803744466958272
851,0.001,0.0009979378393494935,0.0009979686478378063,0.0003498542274052478,0.0004166666666666667,0.001322314049586777,0.0007197314519799729,0.0007269602189203248,0.0009300485974487068,0.0007033055360192907,0.0010124021876737658,0.001056839102569329,0.0007844621849378941,0.0008201754169420493,0.001012893448178696,0.0009747984973808119,0.000998058486065249,0.0009591747881710708,0.001105026135222782,0.0010639821243315548,0.0009023711480182072,0.0009882689881345358
852,0.001,0.0010238436749082276,0.001023614769514085,0.0013994169096209913,0.0009722222222222222,0.0018512396694214874,0.0010639508420573513,0.001117036433950743,0.001260732543208247,0.000803777755450618,0.0009530411412735104,0.0009269092100256741,0.0006480339788617385,0.0009914208336662136,0.0012661168102233698,0.0011259195287410928,0.000960354102648538,0.000997840535448113,0.0011303143732237445,0.0011200509166848739,0.0016649392553082704,0.0009831802257520839
853,0.001,0.0010576338952022286,0.0010570662325701007,0.0006997084548104956,0.0011111111111111111,0.0015867768595041322,0.0008449021392808378,0.000851075378248185,0.0009300485974487068,0.0015070832914699085,0.0011197938250807416,0.0009681250953901018,0.0007097515006580947,0.0010364854170146777,0.0015826460127792124,0.0011255408583764398,0.000998058486065249,0.0009828804074803752,0.001174869497334694,0.0011442357596739294,0.001384331315581238,0.001018668836006888
854,0.001,0.0010125802681435606,0.0010124642818287463,0.0003498542274052478,0.0004166666666666667,0.0007933884297520661,0.00046939007737824317,0.0007801524300608363,0.0010230534571935776,0.0010047221943132723,0.001055223735087396,0.0009269092100256741,0.0009936521009213325,0.0008291883336117422,0.0013294226507345383,0.0009481905930911923,0.000998058486065249,0.0010206701656515782,0.0010286516935554787,0.0009714802562287943,0.0011322996625001427,0.000951882007871186
855,0.001,0.0010734026646727621,0.0010726769153295748,0.0017492711370262393,0.0008333333333333334,0.0015867768595041322,0.0009074874829312702,0.0008865368523418595,0.0010540550771085345,0.0010047221943132723,0.0010074898123685382,0.0009721505809253322,0.0007097515006580947,0.0010905629170328349,0.001139505129201033,0.0011184534113846839,0.000969053699415705,0.0010156828000694171,0.0011897255707673752,0.0010846178611311381,0.0019428481534905235,0.001003957029604217
856,0.001,0.0009754110258201596,0.0009756676724671289,0.0017492711370262393,0.0008333333333333334,0.00171900826446281,0.0009074874829312702,0.0009397290634823711,0.0011057244436334624,0.0009042499748819451,0.001017987304712326,0.0009269092100256741,0.0006774900688099995,0.0009012916669692848,0.0010761992886898645,0.0009542177630619198,0.000969053699415705,0.0009801623184522814,0.001053955529975241,0.0008628156776496014,0.0014995565790645287,0.0009615906839058676
857,0.001,0.0009607685970260926,0.0009611720384761888,0.0013994169096209913,0.0008333333333333334,0.0015867768595041322,0.0007510241238051891,0.000851075378248185,0.0008370437377038362,0.0010047221943132723,0.0010592460069801652,0.0008837732553866656,0.0007097515006580947,0.0009012916669692848,0.001012893448178696,0.0010105986247723841,0.000960354102648538,0.0009851859294238475,0.0011670215037268559,0.0009503619188360577,0.0016802623087767573,0.0009692109741649866
858,0.001,0.0009720320037907595,0.0009723225261615273,0.0010495626822157435,0.0009722222222222222,0.001322314049586777,0.0008449021392808378,0.0009574598005292082,0.0010230534571935776,0.0011051944137445997,0.0009654878362857006,0.0009269092100256741,0.0007844621849378941,0.0009193175003086707,0.0010761992886898645,0.0010336628055661258,0.000960354102648538,0.000972427552353203,0.0011541789211978362,0.001101836089351008,0.001505474930797356,0.0009807958561853208
859,0.001,0.001037359763025828,0.0010369953547364912,0.0013994169096209913,0.0009722222222222222,0.001322314049586777,0.0008761948111060539,0.0009751905375760454,0.0012400647965982758,0.0011051944137445997,0.0010792335431092411,0.0009269092100256741,0.0007844621849378941,0.0010725370836934492,0.001519340172268044,0.0009826275071700135,0.000960354102648538,0.000865974843670011,0.0011006955106444812,0.0009227436782433491,0.0012921145627381662,0.0009778362281144316
860,0.001,0.000951720455944694,0.0009522149857266846,0.0013994169096209913,0.0009722222222222222,0.0010578512396694215,0.0008534365043240783,0.0011854264197028292,0.001158302282536851,0.000803777755450618,0.0011055190886562353,0.0009269092100256741,0.0008767518537541168,0.0008219254978487858,0.0015993054444926776,0.0008210937772378657,0.0010091587548332996,0.0009591747881710708,0.0010781292633484448,0.0009110736413314258,0.0013329433294115033,0.0009812010630614327
861,0.001,0.0009647875560263146,0.0009651556197342953,0.00023323615160349855,0.0004166666666666667,0.0009616829451540194,0.0008178766499772418,0.000900045985329926,0.0010424720542831659,0.0009042499748819451,0.000881547381503776,0.0009269092100256741,0.0009228966881622282,0.0007405467356855396,0.0010662036296617851,0.0008477095611290404,0.0010393639275673887,0.000997840535448113,0.0010493593385309695,0.000987384367878906,0.0008561057927814839,0.0009648782513006554
862,0.001,0.0009898328311827539,0.0009899585015822156,0.0009329446064139942,0.0009722222222222222,0.001346356123215627,0.0012090350477924443,0.001382997489653301,0.0014131287846949581,0.0009042499748819451,0.0008608789924625113,0.0009269092100256741,0.0007623929163079276,0.0008951663837957073,0.0013327545370772312,0.0009791282528032704,0.001000099118358665,0.0009828804074803752,0.0010733736562520192,0.0010394166791644892,0.0015795763685808146,0.0009776327851774775
863,0.001,0.0010225005813868052,0.0010223100866012423,0.0004664723032069971,0.0011111111111111111,0.0011540195341848234,0.0009601160673645882,0.0010537123730691815,0.0010424720542831659,0.0009042499748819451,0.001074831996477387,0.0009269092100256741,0.0008350017654801113,0.0009358557648773303,0.0016659431713465392,0.0009787989514250931,0.0010393639275673887,0.0010206701656515782,0.0011156842714265692,0.0010618604170440156,0.0013133554424924916,0.0010082585576422457
864,0.001,0.0009789435811147368,0.0009791746399092068,0.00023323615160349855,0.0004166666666666667,0.0005770097670924117,0.000533397815202549,0.0009659030086467497,0.0011467192597114826,0.0009042499748819451,0.0009784100817846974,0.0009269092100256741,0.0011690024716721557,0.0007486846119018644,0.0013993922639310929,0.0008245706509557869,0.0010393639275673887,0.0010156828000694171,0.0009768323357442744,0.0009015418556077123,0.0010742456719275916,0.0009661535155913198
865,0.001,0.001037745531482029,0.0010374074929434549,0.0011661807580174927,0.0008333333333333334,0.0011540195341848234,0.0010312357760582614,0.0010976170552803974,0.0011814683281875882,0.0011051944137445997,0.0008222526580543614,0.0010153781661807106,0.0008350017654801113,0.000984683022175278,0.0011994790833695082,0.0009726355272968759,0.0010091587548332996,0.0009801623184522814,0.0011297919553026098,0.0010065345053385676,0.0018432366353367568,0.0010105711709174543
866,0.001,0.0009430090558902802,0.0009435878963882776,0.0011661807580174927,0.0008333333333333334,0.0012501878287002252,0.0010312357760582614,0.0011634740785972212,0.0012393834423144307,0.0007033055360192907,0.0008845524214679428,0.0009269092100256741,0.00079704713977647,0.0008137876216324611,0.0011328413565156465,0.000829812031225108,0.0010091587548332996,0.0009851859294238475,0.0010008614660981772,0.0008007002119582466,0.0014226730062903402,0.0009592073179738192
867,0.001,0.0009288530308018581,0.0009295688762133659,0.0009329446064139942,0.0008333333333333334,0.0011540195341848234,0.0008534365043240783,0.0010537123730691815,0.0009382248488548493,0.000803777755450618,0.0009491560898746673,0.0008837732553866656,0.0008350017654801113,0.0008137876216324611,0.0010662036296617851,0.0008788422622575462,0.001000099118358665,0.000972427552353203,0.0011082316283454567,0.0008819438607351192,0.0015941137957428888,0.0009676084691366115
868,0.001,0.0009397422808698751,0.0009403527378863748,0.0006997084548104956,0.0009722222222222222,0.0009616829451540194,0.0009601160673645882,0.0011854264197028292,0.0011467192597114826,0.0011051944137445997,0.0009830484963207354,0.0008837732553866656,0.0009228966881622282,0.0008300633740651104,0.0011328413565156465,0.0008988994603666909,0.001000099118358665,0.000865974843670011,0.0010960360037551257,0.0010225131660679964,0.0014282879189715793,0.0009742724035490866
869,0.001,0.0010028999312643744,0.0010028991355898263,0.0009329446064139942,0.0009722222222222222,0.0009616829451540194,0.0009956759217114248,0.0012073787608084371,0.0013899627390442212,0.0012056666331759268,0.001036498438590164,0.0009721505809253322,0.0009228966881622282,0.0009684072697426287,0.0015993054444926776,0.0008545178671228547,0.001000099118358665,0.0010047221943132723,0.001045246873496832,0.0008563139009773917,0.0012258667229408564,0.0009898122841374703
870,0.001,0.0008930836506021298,0.0008941667099262303,0.0013994169096209913,0.0005833333333333335,0.0010578512396694215,0.0005461993627674102,0.0008206798290250355,0.0007154219980374667,0.0014066110720385814,0.0009635252979358273,0.0009721505809253322,0.0008767518537541168,0.0007600601377956515,0.001279444355594142,0.0008403535963231345,0.0009612979158362836,0.000997840535448113,0.001015095101780529,0.0008630356349685304,0.001070338522886167,0.0009444227293959459
871,0.001,0.0009053456686882003,0.0009063184658935178,0.00023323615160349855,0.00025000000000000006,0.0009616829451540194,0.0005234410559854347,0.0006231087590745641,0.00064387979823372,0.000803777755450618,0.000928665752250802,0.0009721505809253322,0.0009228966881622282,0.000684806658805983,0.0008529629037294281,0.0008675936879325835,0.0009900705638043936,0.0009828804074803752,0.0009880072462203238,0.0009353227403715243,0.0006874433364579592,0.0009362486379661785
872,0.001,0.0009288478700198354,0.0009296093314974852,0.0009329446064139942,0.0005833333333333335,0.001346356123215627,0.0007737824305871644,0.0009574598005292082,0.0008728148376057094,0.0006028333165879634,0.0008127465274984196,0.0009269092100256741,0.0007623929163079276,0.0008277882688863532,0.0010662036296617851,0.0010020949754030975,0.0009526679459533594,0.0010206701656515782,0.0010106175371380657,0.0009846115538900554,0.0012683820833396745,0.0009312519568900669
873,0.001,0.0009595029152350114,0.0009599887214157037,0.0004664723032069971,0.0006666666666666668,0.0011540195341848234,0.0006144742831133364,0.0007294931813555871,0.00064387979823372,0.0012056666331759268,0.0010491759834297281,0.0009269092100256741,0.0008350017654801113,0.0008654150083811873,0.0013327545370772314,0.0010017579498341588,0.0009900705638043936,0.0010156828000694171,0.0010504544098369987,0.0010058719050770547,0.0010546096696868246,0.0009585702916064734
874,0.001,0.0009186295216147766,0.0009194828681914123,0.00023323615160349855,0.00025000000000000006,0.0005770097670924117,0.0003413746017296314,0.0006687020829092882,0.0007082677780570921,0.0012056666331759268,0.0009784100817846974,0.0009681250953901018,0.0011690024716721557,0.0006923320067049499,0.0011195138111448743,0.0008439120246218427,0.0009900705638043936,0.0009801623184522814,0.0009197206244038052,0.000854006429895242,0.0008626072094268838,0.0009374342845949176
875,0.001,0.0009738086030020935,0.0009741657700442056,0.0011661807580174927,0.0005000000000000001,0.0011540195341848234,0.0006599908966772874,0.0007598887305787366,0.0007297304379982161,0.0005023610971566361,0.0008896803045506414,0.0010153781661807106,0.0008350017654801113,0.0009105670957749883,0.0009595832666956065,0.0009954499546021946,0.0009612979158362836,0.0009851859294238475,0.001063737270516951,0.0009534631521806961,0.00148009831630805,0.000965131720705485
876,0.001,0.0008849089718780829,0.0008860655392813722,0.0011661807580174927,0.0005000000000000001,0.0012501878287002252,0.0006599908966772874,0.0008054820544134609,0.0007655015379000894,0.0009042499748819451,0.0009099028938449453,0.0009269092100256741,0.00079704713977647,0.0007525347898966845,0.0009062730852125172,0.0008492763482607795,0.0009612979158362836,0.000972427552353203,0.0009423448619154897,0.0007584818443841267,0.0011423904456426652,0.0009157576077427096
877,0.001,0.0008716251189515066,0.0008729011369834774,0.0009329446064139942,0.0005000000000000001,0.0011540195341848234,0.0005461993627674102,0.0007294931813555871,0.0005794918184103481,0.0006028333165879634,0.0008989000358187868,0.0008837732553866656,0.0008350017654801113,0.0007525347898966845,0.0008529629037294281,0.0008994566469293048,0.0009526679459533594,0.000865974843670011,0.0010434374947562782,0.0008354417747656512,0.0012800554740772158,0.0009231489835380532
878,0.001,0.0008818434673565652,0.0008830276002895503,0.0006997084548104956,0.0005833333333333335,0.0009616829451540194,0.0006144742831133364,0.0008206798290250355,0.0007082677780570921,0.0007033055360192907,0.0009268270106448411,0.0008837732553866656,0.0009228966881622282,0.0007675854856946183,0.0009062730852125172,0.0009199843126240632,0.0009526679459533594,0.0010047221943132723,0.001031954902449721,0.000968599309109149,0.0011468991574631639,0.000927868657310024
879,0.001,0.0009411098881059057,0.0009417610874647726,0.0009329446064139942,0.0005833333333333335,0.0009616829451540194,0.0006372325898953119,0.0008358776036366104,0.00085850639764496,0.0014066110720385814,0.0009370471527930535,0.0009721505809253322,0.0009228966881622282,0.0008955163999770547,0.001279444355594142,0.0008745616915703856,0.0009526679459533594,0.001195619411232794,0.0009841352215435876,0.0008111632010145731,0.000984357210495298,0.00094348586940125
880,0.001,0.0010114848921592304,0.0010113795745233017,0.0013994169096209913,0.0003888888888888889,0.0010578512396694215,0.0007510241238051891,0.0010030531243639324,0.0010106755210370563,0.0014066110720385814,0.001189644259279467,0.0010196001310282415,0.0008767518537541168,0.0009456562179550547,0.001279444355594142,0.0009128984431701013,0.0010091587548332996,0.0009828804074803752,0.0011162376891856226,0.0011036285154617357,0.0012312802870788472,0.0009923069426794242
881,0.001,0.0010253725565824692,0.0010251242573027803,0.00023323615160349855,0.0001666666666666667,0.0009616829451540194,0.0007197314519799729,0.000761577372202245,0.0009096079689333505,0.001306138852607254,0.0011204761408697048,0.0010196001310282415,0.0009228966881622282,0.0008520268894446531,0.0008529629037294281,0.0009424900785613002,0.0010393639275673887,0.0010206701656515782,0.0010864508394190528,0.0011960674688380251,0.0007908109542595777,0.000987362010351062
882,0.001,0.0010519905800603438,0.0010514682326301145,0.0009329446064139942,0.0003888888888888889,0.001346356123215627,0.0010639508420573513,0.0011702286450912544,0.0012330241356652085,0.0006028333165879634,0.0009549478610347625,0.0009721505809253322,0.0007623929163079276,0.0010299226136144162,0.0010662036296617851,0.001088602401366179,0.001000099118358665,0.0010156828000694171,0.0011113139865680888,0.0012590967782758796,0.0014591027252657662,0.0009791829088905014
883,0.001,0.001086709741118441,0.0010858299395788108,0.0004664723032069971,0.00044444444444444447,0.0011540195341848234,0.0008449021392808378,0.0008916027772123843,0.0009096079689333505,0.0015070832914699085,0.0010988770531068382,0.0010153781661807106,0.0008350017654801113,0.0010767372778696168,0.0013327545370772314,0.0010882362815345524,0.0010393639275673887,0.0009801623184522814,0.0011551201468459195,0.0012862839868545367,0.001213186360280356,0.0010164703866862956
884,0.001,0.0010404175263743114,0.001040014330313882,0.00023323615160349855,0.0001666666666666667,0.0005770097670924117,0.00046939007737824317,0.0008173025457780189,0.0010005687658266858,0.001607555510901236,0.001125557691387888,0.0009721505809253322,0.0011690024716721557,0.0008613898222956934,0.0011195138111448743,0.000916764058392356,0.0010393639275673887,0.0009851859294238475,0.0010113602387402966,0.0010920821924745093,0.0009923133940796921,0.0009781884883404669
885,0.001,0.0011029120162788862,0.001101865402821536,0.0011661807580174927,0.0003333333333333334,0.0011540195341848234,0.0009074874829312702,0.000928752892929567,0.0010308890314577974,0.0012056666331759268,0.0010451105685833875,0.0011084222018669146,0.0008350017654801113,0.0011329148749758577,0.0009595832666956065,0.0010813837386859462,0.0010091587548332996,0.000972427552353203,0.001169726492286024,0.001219264976500094,0.0017026537313583289,0.0010262412117348452
886,0.001,0.0010022264492104045,0.001002216452670316,0.0011661807580174927,0.0003333333333333334,0.0012501878287002252,0.0009074874829312702,0.0009844780665053412,0.0010814228075096501,0.0005023610971566361,0.000959359830688752,0.0009269092100256741,0.00079704713977647,0.0009362932851040144,0.0009062730852125172,0.0009225914657124087,0.0010091587548332996,0.000865974843670011,0.0010362387221014443,0.0009699277272054432,0.0013141663182169034,0.0009531919644859253
887,0.001,0.0009871814794185625,0.0009873263796592142,0.0009329446064139942,0.0003333333333333334,0.0011540195341848234,0.0007510241238051891,0.0008916027772123843,0.0008186471720400155,0.0014066110720385814,0.001109214788313382,0.0010153781661807106,0.0008350017654801113,0.0009362932851040144,0.0008529629037294281,0.000977103657642974,0.001000099118358665,0.0010047221943132723,0.0011474040766361663,0.0010683421730007172,0.0014725313888064803,0.0009901117965040924
888,0.001,0.000998754533104595,0.0009987802819754464,0.0006997084548104956,0.0003888888888888889,0.0009616829451540194,0.0008449021392808378,0.0010030531243639324,0.0010005687658266858,0.0010047221943132723,0.0010678512248071034,0.0009269092100256741,0.0009228966881622282,0.0009550191508060948,0.0009062730852125172,0.0009994034063876148,0.001000099118358665,0.001195619411232794,0.0011347773756702666,0.001238620717704631,0.0013193529838054032,0.0009750793694334769
889,0.001,0.0010658782444835826,0.001065212915409593,0.0009329446064139942,0.0003888888888888889,0.0009616829451540194,0.0008761948111060539,0.0010216281822225236,0.0012128106252444675,0.0007033055360192907,0.0011097805699305423,0.0009721505809253322,0.0009228966881622282,0.0011141890092737773,0.001279444355594142,0.0009500596060801748,0.001000099118358665,0.0010047221943132723,0.001082193011881467,0.0010372953364382763,0.0011323703695710903,0.000982119592212343
890,0.001,0.0010419309257024849,0.0010415200254196915,0.0027988338192419825,0.001166666666666667,0.001322314049586777,0.0008875739644970415,0.0012538164054549156,0.0010901668541523305,0.0010047221943132723,0.0012271843054769763,0.0009721505809253322,0.000784462184937894,0.0010782248466403427,0.0011994790833695082,0.0009485934965578179,0.000969053699415705,0.0010206701656515782,0.00115067583909501,0.00105883062781616,0.0013899738558255249,0.001007237073017561
891,0.001,0.001056236613469567,0.0010556743179508765,0.0004664723032069971,0.0005000000000000001,0.0012021036814425245,0.0008505917159763314,0.0009519717152528062,0.0009811501687370973,0.001306138852607254,0.0010228168858766285,0.0010196001310282415,0.000825749668355678,0.0009714699113294175,0.0007996527222463388,0.0009793421883697187,0.000998058486065249,0.0010156828000694171,0.001119970005847119,0.001147517349540757,0.0008927346298453801,0.0009935007853896197
892,0.001,0.0010836558483564745,0.0010828033786356476,0.0018658892128279884,0.001166666666666667,0.001682945154019534,0.0012573964497041422,0.001462785806364068,0.001330003562065843,0.0007033055360192907,0.0010260448341524375,0.0010649376049291118,0.0006821410303807774,0.0011743042884201753,0.0009995659028079235,0.0011311676189163656,0.000960354102648538,0.0009801623184522814,0.001145600230471708,0.0012079882075766975,0.0016471591906135296,0.0010284153453874565
893,0.001,0.00111942006777418,0.00111818910996361,0.0009329446064139942,0.0013333333333333335,0.0014425244177310292,0.0009985207100591718,0.0011145034715154805,0.0009811501687370973,0.001708027730332563,0.001222078379678097,0.0009269092100256741,0.0007471068427979944,0.0012276817560756376,0.0012494573785099045,0.0011307871835088568,0.000998058486065249,0.0009851859294238475,0.0011907578978068783,0.0012340718477913259,0.0013695478931401394,0.0010287781448426224
894,0.001,0.001071734441883906,0.0010710081348596601,0.0004664723032069971,0.0005000000000000001,0.0007212622088655146,0.0005547337278106509,0.0010216281822225236,0.0010792651856108071,0.0015070832914699085,0.0011894677868605303,0.0009721505809253322,0.001045949579917192,0.0009821454048605104,0.0010495441979483198,0.0009526102604020985,0.000998058486065249,0.000972427552353203,0.0010425627109839478,0.0010477529868833156,0.001120207713085833,0.000977454579652072
895,0.001,0.0011361100368357758,0.0011347024512499925,0.0023323615160349854,0.0010000000000000002,0.0014425244177310292,0.0010724852071005919,0.0011609411161619587,0.001111970191235377,0.0007033055360192907,0.0010580100135522204,0.0010196001310282415,0.0007471068427979944,0.0012917347172621927,0.0008996093125271311,0.0011236667007983167,0.000969053699415705,0.000865974843670011,0.0012058148780165912,0.0011697732366055473,0.0019221002698959816,0.0010312758863371256
896,0.001,0.00103239380052443,0.0010320838303989016,0.0023323615160349854,0.0010000000000000002,0.0015627347858752816,0.0010724852071005919,0.0012305975831316764,0.0011664785339429934,0.001607555510901236,0.0010851104985779992,0.0009721505809253322,0.000713147440852631,0.00106754935310925,0.000849631017386735,0.0009586655239716141,0.000969053699415705,0.0010047221943132723,0.001068208744973255,0.000930556949141142,0.001483542653689062,0.000985873075567132
897,0.001,0.001016895972110091,0.001016750013490118,0.0018658892128279884,0.0010000000000000002,0.0014425244177310292,0.0008875739644970415,0.0011145034715154805,0.0008830351518633876,0.0011051944137445997,0.001035552203126565,0.0009269092100256741,0.0007471068427979944,0.00106754935310925,0.0007996527222463388,0.0010153091858546156,0.000960354102648538,0.001195619411232794,0.0011828037715046196,0.0010249766093508028,0.001662318607552262,0.0009939676829332513
898,0.001,0.0010288173785826594,0.0010285452572661054,0.0013994169096209913,0.001166666666666667,0.0012021036814425245,0.0009985207100591718,0.0012538164054549156,0.0010792651856108071,0.000803777755450618,0.001140385075198646,0.0010153781661807106,0.000825749668355678,0.0010889003401714354,0.000849631017386735,0.0010384808724669655,0.000960354102648538,0.0010047221943132723,0.001169787511733335,0.0011883433001045613,0.001489397802709622,0.0010175942943500813
899,0.001,0.0010979615361235567,0.0010969576711668326,0.0018658892128279884,0.001166666666666667,0.0012021036814425245,0.0010355029585798817,0.0012770352277781548,0.0013082002249827963,0.0014066110720385814,0.0012170004355686968,0.0010649376049291118,0.000825749668355678,0.0012703837302000078,0.0011994790833695082,0.0009872076904199638,0.000960354102648538,0.0012726481127968115,0.0011155808158726183,0.0009951900090694919,0.001278315932881098,0.0010262635258703702
900,0.001,0.0010522289023632103,0.0010517239354720348,0.0008396501457725949,0.0013611111111111111,0.0008925619834710743,0.0011360946745562132,0.00141054345613678,0.0012185759307231578,0.000803777755450618,0.0009910749310752974,0.0009269092100256741,0.0009857659731362424,0.0011106608822499392,0.001519340172268044,0.0010124932399229957,0.001039887471598992,0.0010558716878419482,0.0011444538373654102,0.001018651626831856,0.0009055138322196514,0.0010387571636652957
901,0.001,0.0010666759811141925,0.0010660168994875098,0.00013994169096209915,0.0005833333333333334,0.0008114199849737039,0.0010887573964497043,0.0010709681796594072,0.001096718337650842,0.0010047221943132723,0.0012069754961942071,0.0009721505809253322,0.0010376483927749922,0.0010006944582647964,0.001012893448178696,0.001045313244180876,0.0010710123868348028,0.0009536886860306935,0.0011139140384958267,0.001103972990787367,0.0005815818423047761,0.001023827253205946
902,0.001,0.0010943662153869087,0.0010934117471838368,0.0005597667638483966,0.0013611111111111111,0.0011359879789631852,0.001609467455621302,0.0016456340321595769,0.0014866626354822522,0.0020094443886265446,0.001177450617315735,0.0010153781661807106,0.0008571878027271673,0.0012096306638365673,0.0012661168102233698,0.0012073660335313128,0.0010305519706957965,0.0009828804074803752,0.0011394056738700583,0.0011621491865792064,0.0010730600613221165,0.0010516159967148947
903,0.001,0.0011304839122643644,0.0011291441572225242,0.0002798833819241983,0.0015555555555555557,0.0009737039819684446,0.00127810650887574,0.0012538164054549156,0.001096718337650842,0.0015070832914699085,0.0011673435580867593,0.0010196001310282415,0.000938824736320231,0.0012646138758291385,0.0015826460127792124,0.0012069599709979644,0.0010710123868348028,0.0009909588765829537,0.0011843191620239874,0.0011872430418572019,0.0008922071130533156,0.001088871825958889
904,0.001,0.0010823269830944234,0.0010815009438376077,0.00013994169096209915,0.0005833333333333334,0.0004868519909842223,0.0007100591715976333,0.0011493317050003393,0.001206390171415926,0.0011051944137445997,0.0010384138381589725,0.0010153781661807106,0.0013143546308483232,0.001011691100663311,0.0013294226507345383,0.0010167805835042654,0.0010710123868348028,0.0009645333065407414,0.001036925304886971,0.0010079943444854102,0.0007297716967172161,0.0010392663598564739
905,0.001,0.0011473388374738437,0.0011458192819072451,0.0006997084548104956,0.0011666666666666668,0.0009737039819684446,0.0013727810650887577,0.0013060587556822038,0.0012429474493376208,0.0011051944137445997,0.001117620380542129,0.0009269092100256741,0.000938824736320231,0.001330593730220224,0.001139505129201033,0.0011993598339154613,0.001039887471598992,0.0009591747881710708,0.001199294725249243,0.0011253843430561368,0.001252173466435623,0.001049462635257632
906,0.001,0.0010425975165292219,0.0010421952927950515,0.0006997084548104956,0.0011666666666666668,0.001054845980465815,0.0013727810650887577,0.0013844222810231361,0.0013038762458737786,0.0007033055360192907,0.0011585528944746508,0.001056839102569329,0.0008961508846693114,0.0010996642398514247,0.0010761992886898645,0.0010232437454933934,0.001039887471598992,0.000997840535448113,0.0010624326641405987,0.0008952454955495439,0.0009664702598348142,0.001038944496402899
907,0.001,0.0010269465145489912,0.0010267112484449537,0.0005597667638483966,0.0011666666666666668,0.0009737039819684446,0.0011360946745562132,0.0012538164054549156,0.0009870465038857577,0.0012056666331759268,0.0010809497380320486,0.0010649376049291118,0.000938824736320231,0.0010996642398514247,0.001012893448178696,0.0010837030728545179,0.0010305519706957965,0.0009828804074803752,0.0011764080457389106,0.0009860822525820214,0.0010829358310489178,0.0010603940499496832
908,0.001,0.0010389857468414763,0.0010386220517911826,0.00041982507288629745,0.0013611111111111111,0.0008114199849737039,0.00127810650887574,0.00141054345613678,0.001206390171415926,0.0014066110720385814,0.001099332289482488,0.0010196001310282415,0.0010376483927749922,0.0011216575246484535,0.0010761992886898645,0.0011084356649898768,0.0010305519706957965,0.0010206701656515782,0.0011634621682491153,0.001143249736157446,0.0009702846613831625,0.0010619780823717402
909,0.001,0.0011088132941378909,0.0011077047111993118,0.0005597667638483966,0.0013611111111111111,0.0008114199849737039,0.0013254437869822488,0.0014366646312504242,0.0014622911168677892,0.0006028333165879634,0.0010562719833092957,0.0009269092100256741,0.0010376483927749922,0.0013086004454231955,0.001519340172268044,0.0010537085870578533,0.0010305519706957965,0.0010156828000694171,0.0011095485820061919,0.0009574259519072587,0.0008327730441254429,0.0010408888155693302
910,0.001,0.0010204428209376548,0.0010202481933371647,0.0029387755102040828,0.0024953703703703705,0.0017851239669421485,0.001242603550295858,0.0014329330348056178,0.001083178605087251,0.0006028333165879634,0.0009642399868653692,0.001056839102569329,0.0006571773154241615,0.0010792270836956954,0.001279444355594142,0.0009625640743183273,0.0009905692779898657,0.0009536886860306935,0.0010643867545795966,0.0009133649845824172,0.0011230822064037273,0.0010675682789390351
911,0.001,0.0010344534775180345,0.001034113400947636,0.000489795918367347,0.0010694444444444445,0.0016228399699474078,0.0011908284023668641,0.001087967674574636,0.0009748607445785259,0.001306138852607254,0.0010828824996116527,0.001056839102569329,0.000691765595183328,0.0009723729169931512,0.0008529629037294281,0.0009937656229034937,0.0010202180483180865,0.0009828804074803752,0.0010359835491876338,0.0009898676320244557,0.0007213188748966056,0.0010145358854169312
912,0.001,0.0010613072359637623,0.0010606883822010388,0.001959183673469388,0.0024953703703703705,0.0022719759579263705,0.001760355029585799,0.001671755207273221,0.0013214778982064462,0.0011051944137445997,0.001082329020148145,0.0009721505809253322,0.0005714585351514447,0.0011753958337279852,0.0010662036296617851,0.0011478270892137969,0.0009816765269548596,0.0009909588765829537,0.001059691765420598,0.0010420308041756035,0.0013308848726465736,0.0010577668354119086
913,0.001,0.0010963338774147115,0.0010953514012272164,0.000979591836734694,0.0028518518518518515,0.0019474079639368893,0.0013979289940828405,0.0012737182531605492,0.0009748607445785259,0.0007033055360192907,0.0010537161393030072,0.0009721505809253322,0.0006258831575468206,0.0012288229170792572,0.0013327545370772314,0.0011474410508768322,0.0010202180483180865,0.0009645333065407414,0.0011014630630756088,0.0010645309878845165,0.0011065782735099688,0.0010895976628133644
914,0.001,0.0010496316888134458,0.001049134042525646,0.000489795918367347,0.0010694444444444445,0.0009737039819684446,0.0007766272189349113,0.00116757506539717,0.0010723468190363785,0.0011051944137445997,0.0010133750677233586,0.001157709232261475,0.0008762364205655487,0.000983058333663406,0.0011195138111448743,0.0009666399957594454,0.0010202180483180865,0.0009591747881710708,0.0009643810208639347,0.0009038092264903934,0.0009051143982098255,0.0010206473724201706
915,0.001,0.0011126796434251544,0.001111527476772766,0.002448979591836735,0.002138888888888889,0.0019474079639368893,0.0015014792899408285,0.0013267898470422387,0.001104842177188996,0.0010047221943132723,0.0010545687755633298,0.0009721505809253322,0.0006258831575468206,0.0012929354171007836,0.0009595832666956065,0.0011402157000033107,0.0009905692779898657,0.000997840535448113,0.0011153909216042022,0.001009065931933598,0.0015530339675071875,0.0010582516214704568
916,0.001,0.0010111023832174017,0.0010110047215968507,0.002448979591836735,0.002138888888888889,0.00210969196093163,0.0015014792899408285,0.0014063972378647732,0.0011590011074433587,0.0011051944137445997,0.0009447795239364933,0.001056839102569329,0.0005974339231128742,0.001068541667025441,0.0009062730852125172,0.000972784439289466,0.0009905692779898657,0.0009828804074803752,0.0009881038609186848,0.0008027139668771758,0.0011986846729643043,0.0010448561983198174
917,0.001,0.0009959241719219903,0.0009959840800188404,0.001959183673469388,0.002138888888888889,0.0019474079639368893,0.001242603550295858,0.0012737182531605492,0.0008773746701206734,0.0009042499748819451,0.0009737218394534626,0.0010153781661807106,0.0006258831575468206,0.001068541667025441,0.0008529629037294281,0.0010302623306773586,0.0009816765269548596,0.0010206701656515782,0.0010941054160365992,0.0008841619428103459,0.0013431334997354865,0.0010499078945085723
918,0.001,0.0010075997190723068,0.0010075384196942328,0.0014693877551020414,0.0024953703703703705,0.0016228399699474078,0.0013979289940828405,0.0014329330348056178,0.0010723468190363785,0.0010047221943132723,0.0009527791368310958,0.0010196001310282415,0.000691765595183328,0.00108991250036595,0.0009062730852125172,0.0010537752823846461,0.0009816765269548596,0.0010156828000694171,0.00108206524449218,0.0010250847788727483,0.0012034155631557085,0.0010582738886915286
919,0.001,0.001075317892544142,0.0010745535898115098,0.001959183673469388,0.0024953703703703705,0.0016228399699474078,0.0014497041420118344,0.0014594688317464627,0.0012998143261047012,0.0010047221943132723,0.0010040190367445762,0.0009269092100256741,0.000691765595183328,0.001271564583760275,0.001279444355594142,0.0010017469655202377,0.0009816765269548596,0.0009801623184522814,0.0010319235042006228,0.000858467523899538,0.0010328639437095655,0.0010376450284081847
920,0.001,0.0010061938878848198,0.0010061383778973954,0.002099125364431487,0.0013611111111111111,0.0013884297520661156,0.0011715976331360947,0.001320985141461429,0.0010290196748328887,0.0014066110720385814,0.0010032107964862691,0.0009721505809253322,0.0007714690224544504,0.0011001829493985245,0.0015993054444926776,0.0010446956755833577,0.000998561223893368,0.0009828804074803752,0.0009222734529064297,0.0008637708517856221,0.0010709994829384726,0.0009845974154245232
921,0.001,0.0010200089069404466,0.001019811832636658,0.0003498542274052478,0.0005833333333333334,0.0012622088655146505,0.0011227810650887575,0.0010029701999984925,0.0009261177073495997,0.0012056666331759268,0.001132489597970836,0.001056839102569329,0.000812072655215211,0.0009912539445075814,0.0010662036296617851,0.0010785595229345188,0.001028449201487384,0.0009909588765829537,0.0008976625469573017,0.0009361195383023012,0.0006878678494264332,0.0009757510314391878
922,0.001,0.0010464876934637313,0.0010460192875535775,0.0013994169096209913,0.0013611111111111111,0.0017670924117205104,0.0016597633136094675,0.0015411493317050006,0.0012554040032961241,0.0006028333165879634,0.0009924528225421236,0.0009269092100256741,0.0006708426282212612,0.0011982190538003734,0.0013327545370772312,0.001245766415361275,0.000989596725847038,0.0009645333065407414,0.0009182053227419031,0.0009854503407760098,0.0012691653401039804,0.0009776385091585832
923,0.001,0.0010810252411027985,0.0010802029244017337,0.0006997084548104956,0.0015555555555555557,0.0015146506386175805,0.0013180473372781066,0.0011742090146323813,0.0009261177073495997,0.0009042499748819451,0.000977892823247546,0.0010649376049291118,0.000734732402337572,0.0012526835562458446,0.0016659431713465392,0.0012453474379736948,0.001028449201487384,0.0009591747881710708,0.000954399458712606,0.0010067288035763614,0.0010552609167899922,0.001035593667395524
924,0.001,0.0010349751775840424,0.0010346247419375256,0.0003498542274052478,0.0005833333333333334,0.0007573253193087902,0.0007322485207100592,0.0010763582634130161,0.0010187294780845597,0.0006028333165879634,0.0008907448978530631,0.001157709232261475,0.0010286253632726006,0.001002146844996676,0.0013993922639310929,0.0010491193785005573,0.001028449201487384,0.000997840535448113,0.000835620144841906,0.0008547339547664328,0.0008631398903442487,0.0009926202189178457
925,0.001,0.001097142763334363,0.0010961552882642065,0.0017492711370262393,0.0011666666666666668,0.0015146506386175805,0.0014156804733727812,0.0012231343902420638,0.0010496000683295464,0.0010047221943132723,0.0010084770310768766,0.0010153781661807106,0.000734732402337572,0.0013180409591804106,0.0011994790833695082,0.0012375055778694874,0.000998561223893368,0.0009828804074803752,0.0009664677169105687,0.0009542754038601834,0.0014810123129919465,0.0010051860583778452
926,0.001,0.0009969838751810686,0.0009970227414045538,0.0017492711370262393,0.0011666666666666668,0.0016408715251690455,0.0014156804733727812,0.0012965224536565878,0.0011010510520711907,0.0014066110720385814,0.0010505489661055557,0.001157709232261475,0.0007013354749585914,0.0010892900489094302,0.0011328413565156465,0.0010557881019195407,0.000998561223893368,0.0010206701656515782,0.0008561755919253141,0.0007591279922195754,0.0011430958995084846,0.0010050486888230437
927,0.001,0.000982017604537473,0.0009822098321036862,0.0013994169096209913,0.0011666666666666668,0.0015146506386175805,0.0011715976331360947,0.0011742090146323813,0.0008335059366146398,0.0007033055360192907,0.000865494998701857,0.0010153781661807106,0.000734732402337572,0.0010892900489094302,0.0010662036296617851,0.001118170343451987,0.000989596725847038,0.0010156828000694171,0.0009480241796979641,0.0008361534844768396,0.0012808459394440222,0.0009880104564238845
928,0.001,0.0009935301204171618,0.0009936043777197382,0.0010495626822157435,0.0013611111111111111,0.0012622088655146505,0.0013180473372781066,0.001320985141461429,0.0010187294780845597,0.0007033055360192907,0.0008757786816248232,0.0010196001310282415,0.000812072655215211,0.0011110758498876188,0.0011328413565156465,0.0011436895578338445,0.000989596725847038,0.0009801623184522814,0.000937591570934204,0.0009694244552238937,0.001147607395568116,0.0009947549725564952
929,0.001,0.0010603027125193583,0.0010596927422928401,0.0013994169096209913,0.0013611111111111111,0.0012622088655146505,0.0013668639053254438,0.0013454478292662703,0.0012348236097994663,0.0007033055360192907,0.0009633074027041531,0.0009721505809253322,0.000812072655215211,0.001296255158202222,0.0015993054444926776,0.0010872218804227373,0.000989596725847038,0.0009851859294238475,0.0008941445853770629,0.0008118542278999388,0.0009849650749974388,0.0009850938521469663
930,0.001,0.0010182506773910647,0.001018077452500277,0.002099125364431487,0.0020416666666666665,0.0013884297520661156,0.0009940828402366865,0.0011642580907795645,0.0009207018143241637,0.0011051944137445997,0.0010708449538107772,0.0009681250953901018,0.0007714690224544504,0.001047793285141452,0.00143937490004341,0.000975028776769657,0.0009905692779898657,0.0009909588765829537,0.0011632864983025914,0.0009922089414594439,0.0010082262519140956,0.0010480159376945331
931,0.001,0.0010322312358907132,0.0010319131596690239,0.0003498542274052478,0.0008749999999999999,0.0012622088655146505,0.0009526627218934913,0.0008839737355918916,0.0008286316328917472,0.0009042499748819451,0.001132489597970836,0.0010605279064639988,0.000812072655215211,0.0009440513757215061,0.0009595832666956066,0.0010066343691265695,0.0010202180483180865,0.0009645333065407414,0.001132244149082419,0.0010753154893549863,0.0006475506614966912,0.0010256044014826313
932,0.001,0.0010590273063483728,0.0010584315984091216,0.0013994169096209913,0.0020416666666666665,0.0017670924117205104,0.0014082840236686392,0.0013583011059094918,0.0011232562134754795,0.0014066110720385814,0.001130936326635031,0.0010153781661807106,0.0006708426282212612,0.0011411610036194033,0.0011994790833695084,0.0011626908510290902,0.0009816765269548596,0.0009591747881710708,0.0011581552643081426,0.0011319815173907774,0.0011947772471388074,0.0010602197272052212
933,0.001,0.001093978702597494,0.0010930208663309884,0.0006997084548104956,0.002333333333333333,0.0015146506386175805,0.0011183431952662725,0.001034896080692946,0.0008286316328917472,0.0010047221943132723,0.0011256391718622576,0.0010153781661807106,0.000734732402337572,0.001193031958329376,0.0014993488542118854,0.0011622998136971148,0.0010202180483180865,0.000997840535448113,0.0012038078303228757,0.0011564239734048651,0.0009934101518027792,0.0010940688009558992
934,0.001,0.001047376840931999,0.001046901842435166,0.0003498542274052478,0.0008749999999999999,0.0007573253193087902,0.0006213017751479291,0.0009486547406352006,0.000911494796180922,0.0011051944137445997,0.0010830866884384497,0.0012091878565820887,0.0010286253632726006,0.0009544255666635008,0.0012594530375379838,0.0009791574792664306,0.0010202180483180865,0.0009828804074803752,0.001053988520585626,0.0009818283063558722,0.0008125496887558436,0.0010495325086400703
935,0.001,0.0011102893541804172,0.0011091625246945262,0.0017492711370262393,0.0017499999999999998,0.0015146506386175805,0.0012011834319526629,0.001078016750721819,0.0009391158506106469,0.0015070832914699085,0.0011073758421428622,0.0010153781661807106,0.000734732402337572,0.0012552771039813435,0.0010795311750325576,0.0011549808983003082,0.0009905692779898657,0.0010206701656515782,0.0012190298252480012,0.0010961710346760935,0.0013942074829668965,0.0010675940965056744
936,0.001,0.0010089303050579658,0.0010088536477211127,0.0017492711370262393,0.0017499999999999998,0.0016408715251690455,0.0012011834319526629,0.001142697755765128,0.000985150941326855,0.0014066110720385814,0.0011188515459717224,0.001157709232261475,0.0007013354749585914,0.0010374190941994574,0.0010195572208640822,0.0009853814901337062,0.0009905692779898657,0.0010156828000694171,0.0010799156184364282,0.0008720062503097255,0.0010760969661514025,0.0010625906101637964
937,0.001,0.00099378470001668,0.0009938649649549704,0.0013994169096209913,0.0017499999999999998,0.0015146506386175805,0.0009940828402366865,0.001034896080692946,0.0007457684696025725,0.0012056666331759268,0.0009957065430402368,0.001161750114468122,0.000734732402337572,0.0010374190941994574,0.0009595832666956066,0.0010436036902204118,0.0009816765269548596,0.0009801623184522814,0.0011957665319668694,0.0009604850198583655,0.0012057732252698232,0.0010809784310101458
938,0.001,0.0010054351654330536,0.001005394720928926,0.0010495626822157435,0.0020416666666666665,0.0012622088655146505,0.0011183431952662725,0.0011642580907795645,0.000911494796180922,0.0009042499748819451,0.0011253788663360654,0.0011122910520308088,0.000812072655215211,0.0010581674760834466,0.0010195572208640822,0.0010674211223821474,0.0009816765269548596,0.0009851859294238475,0.0011826076224496216,0.0011135726686703745,0.0010803440352071664,0.0010793605216195975
939,0.001,0.0010730078648480213,0.0010722673055778684,0.0013994169096209913,0.0020416666666666665,0.0012622088655146505,0.0011597633136094677,0.001185818425794001,0.0011048421771889963,0.0010047221943132723,0.001082329020148145,0.0010153781661807106,0.000812072655215211,0.0012345287220973545,0.00143937490004341,0.0010147190659651614,0.0009816765269548596,0.000972427552353203,0.0011278068564389604,0.0009325725942462057,0.0009272344773746301,0.0010567310007817664
940,0.001,0.0009809842370990347,0.0009811748582731882,0.0012594752186588923,0.0015879629629629631,0.0009917355371900827,0.0007455621301775149,0.0009627518827600247,0.0008845958608212552,0.0009042499748819451,0.0009049909650572219,0.0009721505809253322,0.0009338835534974929,0.001068749150844281,0.0011195138111448743,0.0008708377009170779,0.0009905692779898657,0.0009645333065407414,0.0009778727906989864,0.0008422238911536818,0.0008709550498097875,0.0010031079363634252
941,0.001,0.0009944531282262525,0.00099450905793262,0.00020991253644314875,0.0006805555555555557,0.0009015777610818934,0.0007144970414201183,0.0007309782813548336,0.0007961362747391296,0.0010047221943132723,0.0010023226061426102,0.0009721505809253322,0.000983035319471045,0.0009629324032359362,0.0007463425407632496,0.000899065935857387,0.0010202180483180865,0.0009591747881710708,0.0009517782140782866,0.0009127678232069231,0.0005593858695580416,0.0009737293988165841
942,0.001,0.0010202685028867535,0.0010200662739465309,0.000839650145772595,0.0015879629629629631,0.0012622088655146505,0.0010562130177514794,0.0011232105298866954,0.0010792069502019313,0.0011051944137445997,0.0009735250683411265,0.0010153781661807106,0.0008120726552152111,0.001163984223691791,0.0009329281759540618,0.0010384463020076508,0.0009816765269548596,0.000997840535448113,0.0009735594129427733,0.0009608680575772443,0.0010321069053873865,0.0010083038453480562
943,0.001,0.001053940730704798,0.0010534017730951103,0.0004198250728862975,0.001814814814814815,0.001081893313298272,0.0008387573964497042,0.000855779451342244,0.0007961362747391296,0.000803777755450618,0.0009933949751094278,0.0010196001310282415,0.0008894129080928504,0.0012168925974959633,0.0011661602199425775,0.0010380970507247516,0.0010202180483180865,0.0009828804074803752,0.0010119355156453637,0.0009816157242766167,0.0008581561793321143,0.0010435659689376757
944,0.001,0.0010090444269474051,0.0010089544408970043,0.00020991253644314875,0.0006805555555555557,0.000540946656649136,0.00046597633136094676,0.0007844644970637237,0.0008757499022130427,0.0006028333165879634,0.0009336452289765544,0.0010153781661807106,0.0012451780713299905,0.0009735140779967707,0.000979574584751765,0.0008745252123790194,0.0010202180483180865,0.0010206701656515782,0.0008859955801891096,0.0008334124215888975,0.0007019200832151819,0.0009882365500681956
945,0.001,0.0010696544370198855,0.0010689583393644474,0.0010495626822157437,0.0013611111111111113,0.001081893313298272,0.0009008875739644971,0.0008914369284815043,0.0009022877780376803,0.0011051944137445997,0.0009589518528558486,0.0009269092100256741,0.0008894129080928504,0.0012803826460609702,0.0008396353583586557,0.001031560230879826,0.0009905692779898657,0.0010156828000694171,0.0010247313098707396,0.0009304707865632483,0.0012043844776579709,0.00100182369880848
946,0.001,0.000972004976347556,0.0009722853918335671,0.0010495626822157437,0.0013611111111111113,0.0011720510894064613,0.0009008875739644971,0.0009449231441903946,0.000946517571078743,0.0009042499748819451,0.001066811488691135,0.0011084222018669146,0.0008489850486340845,0.0010581674760834464,0.0007929889495609526,0.0008800841286318281,0.0009905692779898657,0.0009801623184522814,0.0009077902142427876,0.0007401913715531736,0.0009295850856642951,0.0010068998024096321
947,0.001,0.0009574136776264033,0.0009578400088691827,0.000839650145772595,0.0013611111111111113,0.001081893313298272,0.0007455621301775149,0.000855779451342244,0.0007165226472652167,0.0005023610971566361,0.0008434098302035619,0.0010649376049291118,0.0008894129080928504,0.0010581674760834464,0.0007463425407632496,0.0009320847342281272,0.0009816765269548596,0.0009851859294238475,0.0010051759023637645,0.0008152954453626027,0.0010416057680311874,0.00101393588057911
948,0.001,0.0009686377535657515,0.0009689518419187091,0.0006297376093294462,0.0015879629629629631,0.0009015777610818934,0.0008387573964497042,0.0009627518827600247,0.0008757499022130427,0.0006028333165879634,0.001026916476386812,0.0010196001310282415,0.000983035319471045,0.0010793308256051154,0.0007929889495609526,0.0009533570477840318,0.0009816765269548596,0.000972427552353203,0.000994114362845372,0.0009452419413903131,0.0009332539112220369,0.0010157528508778697
949,0.001,0.0010337373940139713,0.0010334004736059627,0.000839650145772595,0.0015879629629629631,0.0009015777610818934,0.0008698224852071006,0.0009805806213296548,0.001061515032985506,0.0019089721691952176,0.0010480141702879117,0.0009269092100256741,0.000983035319471045,0.0012592192965393014,0.0011195138111448743,0.0009062867061313233,0.0009816765269548596,0.000865974843670011,0.0009480481718687892,0.0007916023392754592,0.0008009904016028159,0.0009958018858846475
950,0.001,0.0009568706580865444,0.0009572967090674247,0.0012594752186588923,0.0011342592592592593,0.001090909090909091,0.0007810650887573967,0.0009403623040911866,0.0008214104421911656,0.000803777755450618,0.0009494684664142664,0.0009269092100256741,0.0008871893758226182,0.0010792270836956954,0.001519340172268044,0.000977969062884117,0.000998561223893368,0.0009591747881710708,0.0010098960085717051,0.0008531723490969031,0.0008511461772840814,0.0009846477235495867
951,0.001,0.0009700084703257189,0.0009703064038678882,0.00020991253644314875,0.00048611111111111115,0.0009917355371900827,0.0007485207100591717,0.0007139787864396047,0.000739269397972049,0.0011051944137445997,0.0010291992922851212,0.001056839102569329,0.0009338835534974929,0.0009723729169931512,0.001012893448178696,0.0010096699647196422,0.001028449201487384,0.000997840535448113,0.0009829468910328315,0.0009246333143539596,0.0005466632802749591,0.0009914281011069361
952,0.001,0.00099518927711747,0.0009952416522354427,0.000839650145772595,0.0011342592592592593,0.0013884297520661156,0.0011065088757396453,0.001097089354773051,0.0010021207394732218,0.0010047221943132723,0.0009940225807159595,0.0009269092100256741,0.0007714690224544505,0.0011753958337279852,0.0012661168102233698,0.0011661970488420581,0.000989596725847038,0.0009828804074803752,0.0010054413770277106,0.0009733588259202783,0.0010086328189506813,0.0009823885248010382
953,0.001,0.0010280338077154065,0.001027765889236601,0.0004198250728862975,0.0012962962962962963,0.0011900826446280992,0.0008786982248520712,0.0008358776036366104,0.000739269397972049,0.0012056666331759268,0.0010041144392525818,0.0010649376049291118,0.0008449422626882079,0.0012288229170792572,0.0015826460127792124,0.0011658048323021813,0.001028449201487384,0.0010206701656515782,0.0010450742140516154,0.0009943762011361912,0.0008386384024190011,0.0010428380153442033
954,0.001,0.0009842411002514912,0.0009844002399017233,0.00020991253644314875,0.00048611111111111115,0.0005950413223140496,0.0004881656804733729,0.0007662211366668928,0.0008131963377692539,0.000803777755450618,0.0009096990397158395,0.0010649376049291118,0.001182919167763491,0.000983058333663406,0.0013294226507345383,0.0009821102158509805,0.001028449201487384,0.0010156828000694171,0.0009150100182310773,0.0008442463351633812,0.0006859557169087013,0.000995285184618388
955,0.001,0.0010433612553277765,0.0010429438665038083,0.0010495626822157437,0.0009722222222222223,0.0011900826446280992,0.000943786982248521,0.0008707058371214691,0.0008378386510349889,0.001306138852607254,0.0010076521405436622,0.0009721505809253322,0.0008449422626882079,0.0012929354171007836,0.001139505129201033,0.001158463846064158,0.000998561223893368,0.0009801623184522814,0.0010582890428490043,0.0009425664067197003,0.0011769921356592921,0.0010058094016576606
956,0.001,0.0009481121165937613,0.0009486235792004493,0.0010495626822157437,0.0009722222222222223,0.0012892561983471075,0.000943786982248521,0.0009229481873487573,0.0008789091731445471,0.0012056666331759268,0.0010327946336766752,0.0011084222018669146,0.0008065357962023803,0.001068541667025441,0.0010761992886898645,0.0009883529957773498,0.000998561223893368,0.0009851859294238475,0.0009375183793885212,0.0007498134615775785,0.000908442740295561,0.001001074931917659
957,0.001,0.000933879486667989,0.0009345297431666141,0.000839650145772595,0.0009722222222222223,0.0011900826446280992,0.0007810650887573967,0.0008358776036366104,0.0006653424581748441,0.0011051944137445997,0.0009877378649350722,0.0010153781661807106,0.0008449422626882079,0.001068541667025441,0.001012893448178696,0.0010467507700938083,0.000989596725847038,0.000972427552353203,0.0010380932380621968,0.0008258938479828669,0.0010179156408708062,0.0009976420049590577
958,0.001,0.0009448276635339677,0.0009453711555003335,0.0006297376093294462,0.0011342592592592593,0.0009917355371900827,0.0008786982248520712,0.0009403623040911866,0.0008131963377692539,0.0006028333165879634,0.0009102964719087704,0.0010196001310282415,0.0009338835534974929,0.00108991250036595,0.0010761992886898645,0.001070640025843458,0.000989596725847038,0.000865974843670011,0.0010266694570606847,0.0009575295786209605,0.000912028122628755,0.0010063180437293534
959,0.001,0.0010083270893566447,0.001008251347035906,0.000839650145772595,0.0011342592592592593,0.0009917355371900827,0.000911242603550296,0.0009577764208336161,0.0009856925306293985,0.0006028333165879634,0.000974337015995478,0.0009269092100256741,0.0009338835534974929,0.001271564583760275,0.001519340172268044,0.0010177790416815908,0.000989596725847038,0.0010047221943132723,0.0009790946980124257,0.0008018927442501282,0.0007827727946630209,0.0009861668502900505
960,0.001,0.000925084576660989,0.0009258209669325547,0.0008396501457725949,0.0011342592592592593,0.000793388429752066,0.0008875739644970415,0.0011642580907795645,0.0009207018143241637,0.0009042499748819451,0.0010034037773087692,0.0008837732553866656,0.0010437522068501388,0.0009744477551815502,0.0015993054444926776,0.0008504667655139047,0.001039887471598992,0.000997840535448113,0.0009590214871490057,0.00079175112188473,0.0008075071709429427,0.0009837478920684153
961,0.001,0.0009377859667295609,0.0009384029053280142,0.00013994169096209915,0.00048611111111111115,0.0007212622088655145,0.0008505917159763314,0.0008839737355918916,0.0008286316328917472,0.0011051944137445997,0.0009760152672948908,0.0008837732553866656,0.0010986865335264621,0.0008779677794210006,0.0010662036296617851,0.0008780346758611134,0.0010710123868348028,0.0009828804074803752,0.0009334299583578027,0.0008580674991948133,0.0005186353774410322,0.0009661905227176047
962,0.001,0.0009621302976943239,0.0009625182872526447,0.0005597667638483966,0.0011342592592592593,0.0010097670924117202,0.0012573964497041422,0.0013583011059094918,0.0011232562134754795,0.000803777755450618,0.000977892823247546,0.0008837732553866656,0.0009076106146522947,0.001061279733366045,0.0013327545370772312,0.001014154608485902,0.0010305519706957965,0.0010206701656515782,0.0009547912621240902,0.0009032851840950285,0.0009569193352309765,0.0009756479757522994
963,0.001,0.0009938837728657537,0.0009939731332412932,0.0002798833819241983,0.0012962962962962963,0.0008655146506386174,0.0009985207100591718,0.001034896080692946,0.0008286316328917472,0.0011051944137445997,0.0010496639401052002,0.0009721505809253322,0.0009940497208096562,0.0011095197212463196,0.0016659431713465392,0.0010138135270092894,0.0010710123868348028,0.0010156828000694171,0.0009924275553463548,0.0009227894852176394,0.0007956406805965715,0.001029060437000317
964,0.001,0.0009515458059705138,0.0009520333385897618,0.00013994169096209915,0.00048611111111111115,0.0004327573253193087,0.0005547337278106509,0.0009486547406352006,0.000911494796180922,0.001306138852607254,0.0009186258275431178,0.0010153781661807106,0.0013916696091335185,0.0008876157769970557,0.0013993922639310929,0.0008540680174378054,0.0010710123868348028,0.0009801623184522814,0.000868915473466693,0.0007834677058160946,0.0006507861694457299,0.001005762564431223
965,0.001,0.0010087020612790875,0.0010086520613693292,0.0006997084548104956,0.0009722222222222223,0.0008655146506386174,0.0010724852071005919,0.001078016750721819,0.0009391158506106469,0.000803777755450618,0.0008956530352613194,0.0009681250953901018,0.0009940497208096562,0.0011674077067026494,0.0011994790833695082,0.001007429618705358,0.001039887471598992,0.0009851859294238475,0.0010049766739270048,0.0008747095598692679,0.0011166467230353415,0.0010099262435810973
966,0.001,0.000916616983281941,0.0009174330080022485,0.0006997084548104956,0.0009722222222222223,0.0009376408715251689,0.0010724852071005919,0.001142697755765128,0.000985150941326855,0.0011051944137445997,0.0009773716417239577,0.001056839102569329,0.0009488656425910355,0.0009647997576054952,0.0011328413565156465,0.0008594968976072218,0.001039887471598992,0.000972427552353203,0.0008902899534203545,0.0006958332042016195,0.0008618660892309721,0.000995497839083651
967,0.001,0.0009028571440409881,0.0009038025747405008,0.0005597667638483966,0.0009722222222222223,0.0008655146506386174,0.0008875739644970415,0.001034896080692946,0.0007457684696025725,0.000803777755450618,0.0009639334544441653,0.0009681250953901018,0.0009940497208096562,0.0009647997576054952,0.0010662036296617851,0.0009102810871291909,0.0010305519706957965,0.000865974843670011,0.000985798253004035,0.0007664364432231049,0.0009657262187806459,0.0009936702707134557
968,0.001,0.000913441635764798,0.0009142875234033836,0.00041982507288629745,0.0011342592592592593,0.0007212622088655145,0.0009985207100591718,0.0011642580907795645,0.000911494796180922,0.0010047221943132723,0.0010094284561575834,0.0009269092100256741,0.0010986865335264621,0.0009840957527576053,0.0011328413565156465,0.000931055791400533,0.0010305519706957965,0.0010047221943132723,0.0009749499563953285,0.0008885955093521798,0.0008652676458870386,0.0009965430746789578
969,0.001,0.0009748316877628958,0.0009751002256481041,0.0005597667638483966,0.0011342592592592593,0.0007212622088655145,0.0010355029585798817,0.001185818425794001,0.0011048421771889963,0.0011051944137445997,0.0010191238535914619,0.0009269092100256741,0.0010986865335264621,0.0011481117115505395,0.0015993054444926776,0.0008850865353900777,0.0010305519706957965,0.001195619411232794,0.0009297718234133548,0.0007441632169201399,0.0007426393512409173,0.0009956216266697828
970,0.001,0.0008680888444496484,0.0008693817051734776,0.0008396501457725949,0.0006805555555555556,0.000793388429752066,0.0005680473372781066,0.00080602483207816,0.0005686687676708068,0.0007033055360192907,0.0008110018281847182,0.0009721505809253322,0.0010437522068501388,0.0009011022252216487,0.001279444355594142,0.0008704155661209838,0.0009905692779898657,0.0009828804074803752,0.0009029511091126053,0.000750004611278468,0.0006484191889453015,0.00095396252512947
971,0.001,0.0008800076844192087,0.0008811966320841026,0.00013994169096209915,0.0002916666666666667,0.0007212622088655145,0.0005443786982248522,0.0006119818169482326,0.0005118018909037261,0.001306138852607254,0.0009534976055065413,0.0009721505809253322,0.0010986865335264621,0.0008118841831204952,0.0008529629037294281,0.0008986301175469158,0.0010202180483180865,0.0010206701656515782,0.0008788558207217273,0.0008128243375927761,0.0004164583831570908,0.0009459024505839727
972,0.001,0.0009028521276941996,0.0009038419086628001,0.0005597667638483966,0.0006805555555555556,0.0010097670924117202,0.000804733727810651,0.0009403623040911867,0.0006937758965583843,0.0007033055360192907,0.0008561571678492561,0.0009269092100256741,0.0009076106146522947,0.0009813984631126867,0.0010662036296617851,0.0010379429196695975,0.0009816765269548596,0.0010156828000694171,0.0008989682094286799,0.0008556578382334428,0.0007683954787819333,0.000936212533232884
973,0.001,0.0009326492276181005,0.0009333792259393622,0.0002798833819241983,0.0007777777777777778,0.0008655146506386174,0.00063905325443787,0.0007164665174028089,0.0005118018909037261,0.0011051944137445997,0.0009501830035675257,0.0010196001310282415,0.0009940497208096562,0.0010260074841632633,0.0013327545370772314,0.001037593837684742,0.0010202180483180865,0.0009801623184522814,0.000934404050192747,0.0008741337397855619,0.0006388905304727876,0.0009868963418628207
974,0.001,0.0008929197610528991,0.0008939961362372794,0.00013994169096209915,0.0002916666666666667,0.0004327573253193087,0.00035502958579881666,0.0006567609742859082,0.0005629820799940988,0.0006028333165879634,0.0008518985464743904,0.0011122910520308088,0.0013916696091335185,0.0008208059873306107,0.0011195138111448743,0.0008741012900777479,0.0010202180483180865,0.0009851859294238475,0.0008181132550265283,0.0007421579533112195,0.0005225739849171401,0.0009879470794055697
975,0.001,0.0009465545409159209,0.0009471633073350912,0.0006997084548104956,0.0005833333333333334,0.0008655146506386174,0.0006863905325443789,0.0007463192889612593,0.000580042143024223,0.000401888877725309,0.0008987061589180382,0.0010153781661807106,0.0009940497208096562,0.0010795383094239553,0.0009595832666956065,0.0010310601865348664,0.0009905692779898657,0.000972427552353203,0.0009462194690260301,0.0008285889155037049,0.0008966547772492358,0.0009726450275324369
976,0.001,0.0008601429511366081,0.0008615050872330612,0.0006997084548104956,0.0005833333333333334,0.0009376408715251689,0.0006863905325443789,0.0007910984462989349,0.0006084755814077633,0.0012056666331759268,0.0009323531233937213,0.0011084222018669146,0.0009488656425910355,0.0008921804210115333,0.0009062730852125172,0.0008796575116700287,0.0009905692779898657,0.000865974843670011,0.0008382380495587546,0.0006591441393724554,0.000692068789811519,0.0009610754127810736
977,0.001,0.0008472308745029177,0.0008487055830798842,0.0005597667638483966,0.0005833333333333334,0.0008655146506386174,0.0005680473372781066,0.0007164665174028089,0.00046062170181335356,0.0006028333165879634,0.0008465839644385896,0.0010153781661807106,0.0009940497208096562,0.0008921804210115333,0.0008529629037294281,0.000931632910198447,0.0009816765269548596,0.0010047221943132723,0.0009281623382156407,0.0007260246948571868,0.000775467307359931,0.0009574568635091877
978,0.001,0.000857163241144218,0.0008585513555054049,0.00041982507288629745,0.0006805555555555556,0.0007212622088655145,0.00063905325443787,0.00080602483207816,0.0005629820799940988,0.001306138852607254,0.0008825686727912573,0.0009721505809253322,0.0010986865335264621,0.000910024029431764,0.0009062730852125172,0.0009528949120926769,0.0009816765269548596,0.001195619411232794,0.000917948300692942,0.000841742703172957,0.0006948002016025779,0.0009575983961681456
979,0.001,0.00091477096766376,0.000915656835573425,0.0005597667638483966,0.0006805555555555556,0.0007212622088655145,0.0006627218934911244,0.0008209512178573852,0.0006824025212049682,0.0007033055360192907,0.0008544152389483824,0.0009721505809253322,0.0010986865335264621,0.0010616947010037249,0.001279444355594142,0.0009058473875837999,0.0009816765269548596,0.0010047221943132723,0.0008754115631637529,0.0007049258647153272,0.0005963310582718349,0.0009566050485449144
980,0.001,0.0009831763806456247,0.0009833455991100756,0.0008396501457725949,0.0004537037037037037,0.000793388429752066,0.0007810650887573967,0.0009851414614288623,0.0008033574654397114,0.001306138852607254,0.0010272409194920754,0.0009721505809253322,0.0010437522068501388,0.0011211388151013536,0.001279444355594142,0.0009455555598257081,0.001039887471598992,0.0010206701656515782,0.000992919833536313,0.000959087252248737,0.0007459189294235226,0.0009906698041385327
981,0.001,0.0009966753698535738,0.000996709299211232,0.00013994169096209915,0.00019444444444444446,0.0007212622088655145,0.0007485207100591717,0.0007479777762700622,0.0007230217188957402,0.0015070832914699085,0.0011802099630219107,0.0009721505809253322,0.0010986865335264621,0.0010101349720220117,0.0008529629037294281,0.000976205776810764,0.0010710123868348028,0.0010156828000694171,0.0009664237259435193,0.0010394195565996466,0.00047907926941408456,0.000986428504383101
982,0.001,0.001022548432502143,0.001022323057738448,0.0005597667638483966,0.0004537037037037037,0.0010097670924117202,0.0011065088757396453,0.0011493317050003393,0.0009800961078364478,0.0011051944137445997,0.0010319876997042128,0.0009269092100256741,0.0009076106146522947,0.0012210422738727614,0.0010662036296617851,0.0011275449758430692,0.0010305519706957965,0.0009801623184522814,0.0009885400835684087,0.0010941939724044031,0.0008839354890764109,0.0009735776227026102
983,0.001,0.0010562959055220155,0.0010557323079913384,0.0002798833819241983,0.0005185185185185185,0.0008655146506386174,0.0008786982248520712,0.0008756812990478775,0.0007230217188957402,0.0007033055360192907,0.0010209500807568269,0.0010649376049291118,0.0009940497208096562,0.0012765441954124322,0.0013327545370772314,0.0011271657588064461,0.0010710123868348028,0.0009851859294238475,0.0010275066995430605,0.0011178204960096837,0.0007349574914404471,0.001034525155028785
984,0.001,0.0010112992748288517,0.0010111866409874845,0.00013994169096209915,0.00019444444444444446,0.0004327573253193087,0.0004881656804733729,0.0008027078574605544,0.0007953238907853142,0.0010047221943132723,0.0010053822290043257,0.0010649376049291118,0.0013916696091335185,0.001021235356329946,0.0011195138111448743,0.0009495594597040528,0.0010710123868348028,0.000972427552353203,0.0008996288600754005,0.0009490531411033193,0.0006011509745848363,0.001017438991732492
985,0.001,0.0010720447262646227,0.0010713232914426874,0.0006997084548104956,0.0003888888888888889,0.0008655146506386174,0.000943786982248521,0.0009121680198415391,0.0008194246147485056,0.000401888877725309,0.0010830349391520808,0.001056839102569329,0.0009940497208096562,0.0013431465012600375,0.0009595832666956065,0.0011200680799376519,0.001039887471598992,0.000865974843670011,0.0010404993893827518,0.0010595789069344141,0.0010314805343687283,0.0010220840595374491
986,0.001,0.0009741770545069919,0.0009744364657093051,0.0006997084548104956,0.0003888888888888889,0.0009376408715251689,0.000943786982248521,0.0009668981010320315,0.000859592488020491,0.0009042499748819451,0.0010084709681676895,0.001056839102569329,0.0009488656425910355,0.0011100384307934194,0.0009062730852125172,0.0009555953308703028,0.001039887471598992,0.0010047221943132723,0.0009217588596238021,0.0008428971395108756,0.0007961319152558089,0.0009867611530159789
987,0.001,0.0009595531495317138,0.0009599591239330525,0.0005597667638483966,0.0003888888888888889,0.0008655146506386174,0.0007810650887573967,0.0008756812990478775,0.0006507195470061662,0.0014066110720385814,0.0010716939466421753,0.0011122910520308088,0.0009940497208096562,0.0011100384307934194,0.0008529629037294281,0.0010120575874814992,0.0010305519706957965,0.001195619411232794,0.0010206430725374072,0.0009284223312552022,0.0008920706752212669,0.001016028809705836
988,0.001,0.0009708023072050046,0.000971095540684016,0.00041982507288629745,0.0004537037037037037,0.0007212622088655145,0.0008786982248520712,0.0009851414614288623,0.0007953238907853142,0.0014066110720385814,0.0010431747400544784,0.0009721505809253322,0.0010986865335264621,0.0011322391994092879,0.0009062730852125172,0.0010351550651538132,0.0010305519706957965,0.0010047221943132723,0.00100941132329382,0.001076399643610768,0.000799274036577535,0.000994519985383561
989,0.001,0.001036047421710092,0.001035686757839604,0.0005597667638483966,0.0004537037037037037,0.0007212622088655145,0.000911242603550296,0.001003384821825693,0.0009640289585276535,0.0012056666331759268,0.0010381046667947021,0.0009269092100256741,0.0010986865335264621,0.001320945732644169,0.001279444355594142,0.000984046089042945,0.0010305519706957965,0.0012726481127968115,0.0009626362876131306,0.000901441671773756,0.0006859985517881495,0.0009848672140922127
990,0.001,0.0010127703185245898,0.0010126506004080583,0.0016793002915451898,0.0013611111111111111,0.0009917355371900827,0.0009230769230769233,0.0012314268267860778,0.000866542884069801,0.0010047221943132723,0.0009738803787353121,0.0009269092100256741,0.0009338835534974929,0.0012783078078725716,0.0011994790833695082,0.000982527532383604,0.000998561223893368,0.0010156828000694171,0.0010235533826509953,0.0009201565048399793,0.0008420566960621431,0.001006303959667903
991,0.001,0.0010266756318224103,0.0010264125564724942,0.0002798833819241983,0.0005833333333333334,0.0009015777610818934,0.0008846153846153848,0.0009349722203375778,0.0007798885956628208,0.0010047221943132723,0.000990136746100066,0.0009721505809253322,0.000983035319471045,0.0011517426783802375,0.0007996527222463388,0.001014376197169521,0.001028449201487384,0.0009801623184522814,0.0009962398175093873,0.000997228004042957,0.0005408254045335235,0.0009901165797485494
992,0.001,0.0010533274823098994,0.001052789638929329,0.0011195335276967932,0.0013611111111111111,0.0012622088655146505,0.001307692307692308,0.0014366646312504244,0.0010571823185651572,0.000401888877725309,0.001019064856291783,0.0010153781661807106,0.0008120726552152111,0.0013922164244156718,0.0009995659028079235,0.0011716328789508968,0.000989596725847038,0.0009851859294238475,0.0010190385086970247,0.0010497790465924047,0.0009978615210087265,0.0010218491505065035
993,0.001,0.0010880907655544507,0.0010871945290904183,0.0005597667638483966,0.0015555555555555557,0.001081893313298272,0.0010384615384615387,0.001094601623809847,0.0007798885956628208,0.0012056666331759268,0.0010435063352394027,0.0009721505809253322,0.0008894129080928504,0.0014554989891618388,0.0012494573785099045,0.001171238834227285,0.001028449201487384,0.000972427552353203,0.0010592073221744106,0.0010724465352188889,0.000829682493064973,0.0010468263291616609
994,0.001,0.0010417397212283824,0.001041321342208966,0.0002798833819241983,0.0005833333333333334,0.000540946656649136,0.0005769230769230771,0.0010033848218256932,0.000857877455229103,0.0009042499748819451,0.0009764651663634565,0.0010649376049291118,0.0012451780713299905,0.0011643991913294711,0.0010495441979483198,0.0009866879879237376,0.001028449201487384,0.000865974843670011,0.0009273841973536922,0.0009105296928694362,0.0006786303223121844,0.0010146201448097652
995,0.001,0.0011043136310685743,0.0011032501444989266,0.0013994169096209913,0.0011666666666666668,0.001081893313298272,0.0011153846153846157,0.001140210024801924,0.000883873741751197,0.0010047221943132723,0.0010076521405436622,0.0009721505809253322,0.0008894129080928504,0.001531438066857239,0.0008996093125271311,0.0011638636304836857,0.000998561223893368,0.0010047221943132723,0.0010726008623032119,0.0010165690570080456,0.0011644229105356111,0.0010276218033363558
996,0.001,0.001003500109659376,0.001003475963031768,0.0013994169096209913,0.0011666666666666668,0.0011720510894064613,0.0011153846153846157,0.0012086226262900395,0.000927200885954687,0.0010047221943132723,0.0010483262515819797,0.0011084222018669146,0.0008489850486340845,0.001265651294923338,0.000849631017386735,0.0009929598664412242,0.000998561223893368,0.001195619411232794,0.0009501969513452792,0.000808682717879347,0.0008987413829382729,0.0010201318646947928
997,0.001,0.000988436020253404,0.000988567177295296,0.0011195335276967932,0.0011666666666666668,0.001081893313298272,0.0009230769230769233,0.001094601623809847,0.0007018997360965388,0.0010047221943132723,0.0009195339097515448,0.0010153781661807106,0.0008894129080928504,0.001265651294923338,0.0007996527222463388,0.0010516298420809786,0.000989596725847038,0.0010047221943132723,0.0010521319386423177,0.0008907363176187991,0.0010070452106789728,0.0010175144919021524
998,0.001,0.001000023781334921,0.001000035474015659,0.0008396501457725949,0.0013611111111111111,0.0009015777610818934,0.0010384615384615387,0.0012314268267860778,0.000857877455229103,0.0012056666331759268,0.0010238550173318985,0.0010649376049291118,0.000983035319471045,0.0012909643208218048,0.000849631017386735,0.0010756304494549621,0.000989596725847038,0.0012726481127968115,0.0010405536676247906,0.0010327070155020798,0.0009022884765893804,0.0010383006086324648
999,0.001,0.0010672327956077199,0.0010665515949937648,0.0011195335276967932,0.0013611111111111111,0.0009015777610818934,0.001076923076923077,0.0012542310272821164,0.0010398514608837611,0.0010047221943132723,0.001046249795277106,0.0010153781661807106,0.000983035319471045,0.0015061250409587723,0.0011994790833695082,0.0010225230718301933,0.000989596725847038,0.0010047221943132723,0.0009923355291834661,0.0008648508423729175,0.0007744134801198517,0.0010286740673920293
